id	file	line	kind	context	stated_status	severity	ledger_disposition	ledger_source
GATE-001	PROJECT-PICKUP-PLAYBOOK.md	141	GATE	ref				
GATE-018	PROJECT-PICKUP-PLAYBOOK.md	142	GATE	ref				
REQ-CI-COST	PROJECT-PICKUP-PLAYBOOK.md	214	REQ	ref	Decl:universal			
REQ-VA-07	PROJECT-PICKUP-PLAYBOOK.md	229	REQ	ref				
GATE-MEM-02	PROJECT-PICKUP-PLAYBOOK.md	230	GATE	ref				
CLAIM-OBS-009	PROJECT-PICKUP-PLAYBOOK.md	231	CLAIM	ref				
UNK-VDB-01	PROJECT-PICKUP-PLAYBOOK.md	232	UNK	ref				
GATE-001	PROJECT-PICKUP-PLAYBOOK.md	236	GATE	ref				
GATE-018	PROJECT-PICKUP-PLAYBOOK.md	236	GATE	ref				
GATE-RL-01	PROJECT-PICKUP-PLAYBOOK.md	249	GATE	ref				
GATE-007	PROJECT-PICKUP-PLAYBOOK.md	440	GATE	ref				
GATE-001	PROJECT-PICKUP-PLAYBOOK.md	513	GATE	ref				
GATE-018	PROJECT-PICKUP-PLAYBOOK.md	513	GATE	ref				
GATE-001	PROJECT-PICKUP-PLAYBOOK.md	516	GATE	ref				
GATE-018	PROJECT-PICKUP-PLAYBOOK.md	516	GATE	ref				
GATE-001	PROJECT-PICKUP-PLAYBOOK.md	533	GATE	ref				
GATE-018	PROJECT-PICKUP-PLAYBOOK.md	533	GATE	ref				
GATE-005	PROJECT-PICKUP-PLAYBOOK.md	545	GATE	ref				
GATE-MCP-01	PROJECT-PICKUP-PLAYBOOK.md	545	GATE	ref				
GATE-MCP-02	PROJECT-PICKUP-PLAYBOOK.md	545	GATE	ref				
GATE-006	PROJECT-PICKUP-PLAYBOOK.md	545	GATE	ref				
GATE-MCP-03	PROJECT-PICKUP-PLAYBOOK.md	546	GATE	ref				
GATE-MCP-04	PROJECT-PICKUP-PLAYBOOK.md	546	GATE	ref				
GATE-017	PROJECT-PICKUP-PLAYBOOK.md	546	GATE	ref				
GATE-MAP-1	PROJECT-PICKUP-PLAYBOOK.md	546	GATE	ref				
GATE-006	PROJECT-PICKUP-PLAYBOOK.md	547	GATE	ref				
GATE-DW-4	PROJECT-PICKUP-PLAYBOOK.md	547	GATE	ref				
GATE-005	PROJECT-PICKUP-PLAYBOOK.md	548	GATE	ref				
GATE-001	PROJECT-PICKUP-PLAYBOOK.md	826	GATE	ref				
GATE-018	PROJECT-PICKUP-PLAYBOOK.md	826	GATE	ref				
GATE-014	PROJECT-PICKUP-PLAYBOOK.md	852	GATE	ref				
GATE-015	PROJECT-PICKUP-PLAYBOOK.md	852	GATE	ref				
GATE-016	PROJECT-PICKUP-PLAYBOOK.md	852	GATE	ref				
GATE-018	PROJECT-PICKUP-PLAYBOOK.md	853	GATE	ref	Decl:load-bearing			
REQ-DW-6	pickup-agent-frameworks.md	26	REQ	ref				
REQ-01	pickup-agent-frameworks.md	49	REQ	def				
REQ-02	pickup-agent-frameworks.md	53	REQ	def				
REQ-03	pickup-agent-frameworks.md	56	REQ	def				
REQ-04	pickup-agent-frameworks.md	59	REQ	def				
REQ-05	pickup-agent-frameworks.md	61	REQ	def				
REQ-06	pickup-agent-frameworks.md	64	REQ	def				
REQ-CI-COST	pickup-agent-frameworks.md	69	REQ	def				
GATE-007	pickup-agent-frameworks.md	75	GATE	ref				
UNK-01	pickup-agent-frameworks.md	118	UNK	def				
UNK-01	pickup-agent-frameworks.md	118	UNK	def				
UNK-02	pickup-agent-frameworks.md	119	UNK	def				
UNK-02	pickup-agent-frameworks.md	119	UNK	def				
CLAIM-01	pickup-agent-frameworks.md	128	CLAIM	def	ADMISSIBLE;Tier:T0;Conf:High			
CLAIM-02	pickup-agent-frameworks.md	129	CLAIM	def	ADMISSIBLE;Tier:T0;Conf:High			
CLAIM-03	pickup-agent-frameworks.md	130	CLAIM	def	ADMISSIBLE;Tier:T0;Conf:High			
CLAIM-04	pickup-agent-frameworks.md	131	CLAIM	def	ADMISSIBLE;Tier:T0;Conf:High			
CLAIM-05	pickup-agent-frameworks.md	132	CLAIM	def	ADMISSIBLE;Tier:T0;Conf:High			
CLAIM-06	pickup-agent-frameworks.md	133	CLAIM	def	ADMISSIBLE;Tier:T0;Conf:High			
CLAIM-07	pickup-agent-frameworks.md	134	CLAIM	def	ADMISSIBLE;Tier:T0;Conf:High			
CLAIM-08	pickup-agent-frameworks.md	135	CLAIM	def	ADMISSIBLE;Tier:T0;Conf:High			
CLAIM-09	pickup-agent-frameworks.md	136	CLAIM	def	ADMISSIBLE;Tier:T0;Conf:High			
CLAIM-10	pickup-agent-frameworks.md	137	CLAIM	def	ADMISSIBLE;Tier:T0;Conf:High			
CLAIM-11	pickup-agent-frameworks.md	138	CLAIM	def	ADMISSIBLE;Tier:T0;Conf:High			
CLAIM-12	pickup-agent-frameworks.md	139	CLAIM	def	ADMISSIBLE;Tier:T0;Conf:High			
CLAIM-13	pickup-agent-frameworks.md	140	CLAIM	def	ADMISSIBLE;Tier:T0;Conf:High			
CLAIM-14	pickup-agent-frameworks.md	141	CLAIM	def	CONTESTED;Tier:T0;Conf:Medium			
CLAIM-15	pickup-agent-frameworks.md	142	CLAIM	def	CONTESTED;Tier:T2;Conf:Low			
CLAIM-14	pickup-agent-frameworks.md	144	CLAIM	ref				
GATE-005	pickup-agent-frameworks.md	172	GATE	ref	RETIRED			
GATE-005	pickup-agent-frameworks.md	173	GATE	ref				
GATE-005	pickup-agent-frameworks.md	176	GATE	ref				
GATE-004	pickup-agent-frameworks.md	198	GATE	ref	Decl:advisory;Decl:load-bearing			
GATE-005	pickup-agent-frameworks.md	199	GATE	ref	Decl:load-bearing			
GATE-007	pickup-agent-frameworks.md	200	GATE	ref	Decl:advisory			
GATE-010	pickup-agent-frameworks.md	201	GATE	ref	Decl:advisory;Decl:load-bearing			
GATE-011	pickup-agent-frameworks.md	202	GATE	ref	Decl:advisory			
GATE-014	pickup-agent-frameworks.md	203	GATE	ref	Decl:universal			
GATE-015	pickup-agent-frameworks.md	204	GATE	ref	Decl:universal			
GATE-016	pickup-agent-frameworks.md	205	GATE	ref	Decl:universal			
GATE-002	pickup-agent-frameworks.md	206	GATE	ref	Decl:advisory			
GATE-018	pickup-agent-frameworks.md	207	GATE	ref	Decl:load-bearing			
CLAIM-01	pickup-agent-frameworks.md	222	CLAIM	ref				
GATE-005	pickup-agent-frameworks.md	314	GATE	ref				
UNK-01	pickup-agent-frameworks.md	367	UNK	def				
UNK-02	pickup-agent-frameworks.md	374	UNK	def				
UNK-03	pickup-agent-frameworks.md	380	UNK	def	Disposition:TARGETED			
UNK-04	pickup-agent-frameworks.md	384	UNK	def				
UNK-05	pickup-agent-frameworks.md	390	UNK	def	Disposition:TARGETED			
UNK-4	pickup-agent-memory.md	30	UNK	ref				
REQ-1	pickup-agent-memory.md	42	REQ	def				
REQ-2	pickup-agent-memory.md	45	REQ	def				
REQ-3	pickup-agent-memory.md	47	REQ	def				
REQ-4	pickup-agent-memory.md	49	REQ	def				
REQ-5	pickup-agent-memory.md	52	REQ	def				
REQ-6	pickup-agent-memory.md	54	REQ	def				
REQ-CI-COST	pickup-agent-memory.md	57	REQ	def				
GATE-007	pickup-agent-memory.md	63	GATE	ref				
UNK-1	pickup-agent-memory.md	94	UNK	ref				
UNK-3	pickup-agent-memory.md	94	UNK	ref				
UNK-6	pickup-agent-memory.md	94	UNK	ref				
CLAIM-1	pickup-agent-memory.md	103	CLAIM	def	ADMISSIBLE;Tier:T0;Conf:High			
CLAIM-1b	pickup-agent-memory.md	104	CLAIM	def	ADMISSIBLE;Tier:T2;Conf:Medium			
CLAIM-2	pickup-agent-memory.md	105	CLAIM	def	ADMISSIBLE;Tier:T2;Conf:Medium			
CLAIM-3	pickup-agent-memory.md	106	CLAIM	def	CONTESTED;Tier:T0;Conf:Medium			
CLAIM-4	pickup-agent-memory.md	107	CLAIM	def	ADMISSIBLE;Tier:T0;Conf:High			
CLAIM-5	pickup-agent-memory.md	108	CLAIM	def	ADMISSIBLE;Tier:T0;Conf:High			
CLAIM-6	pickup-agent-memory.md	109	CLAIM	def	ADMISSIBLE;Tier:T0;Conf:High			
CLAIM-7	pickup-agent-memory.md	110	CLAIM	def	ADMISSIBLE;Tier:T0;Conf:High			
CLAIM-8	pickup-agent-memory.md	111	CLAIM	def	ADMISSIBLE;Tier:T0;Conf:High			
CLAIM-9	pickup-agent-memory.md	112	CLAIM	def	ADMISSIBLE;Tier:T0;Conf:High			
CLAIM-10	pickup-agent-memory.md	113	CLAIM	def	ADMISSIBLE;Tier:T0;Conf:High			
CLAIM-11	pickup-agent-memory.md	114	CLAIM	def	ADMISSIBLE;Tier:T0;Conf:High			
CLAIM-12	pickup-agent-memory.md	115	CLAIM	def	ADMISSIBLE;Tier:T0;Conf:High			
CLAIM-13	pickup-agent-memory.md	116	CLAIM	def	ADMISSIBLE;Tier:T0;Conf:High			
CLAIM-14	pickup-agent-memory.md	117	CLAIM	def	CONTESTED;Tier:T3;Conf:Low			
GATE-MEM-1	pickup-agent-memory.md	130	GATE	ref				
GATE-MEM-2	pickup-agent-memory.md	132	GATE	ref				
GATE-MEM-1	pickup-agent-memory.md	148	GATE	def				
GATE-MEM-2	pickup-agent-memory.md	152	GATE	def				
GATE-MEM-3	pickup-agent-memory.md	159	GATE	def				
GATE-MEM-4	pickup-agent-memory.md	162	GATE	def				
GATE-002	pickup-agent-memory.md	171	GATE	ref	Decl:load-bearing			
REQ-2	pickup-agent-memory.md	171	REQ	ref	Decl:load-bearing			
GATE-MEM-3	pickup-agent-memory.md	171	GATE	ref	Decl:load-bearing			
GATE-009	pickup-agent-memory.md	172	GATE	ref	Decl:load-bearing			
REQ-2	pickup-agent-memory.md	172	REQ	ref	Decl:load-bearing			
GATE-MEM-1	pickup-agent-memory.md	172	GATE	ref	Decl:load-bearing			
GATE-014	pickup-agent-memory.md	173	GATE	ref	Decl:universal			
REQ-4	pickup-agent-memory.md	173	REQ	ref	Decl:universal			
GATE-015	pickup-agent-memory.md	174	GATE	ref	Decl:universal			
GATE-016	pickup-agent-memory.md	175	GATE	ref	Decl:universal			
GATE-018	pickup-agent-memory.md	176	GATE	ref	Decl:universal			
GATE-MEM-2	pickup-agent-memory.md	176	GATE	ref	Decl:universal			
GATE-MEM-1	pickup-agent-memory.md	192	GATE	ref				
CLAIM-3	pickup-agent-memory.md	199	CLAIM	ref				
CLAIM-14	pickup-agent-memory.md	200	CLAIM	ref				
GATE-MEM-2	pickup-agent-memory.md	233	GATE	ref				
GATE-MEM-1	pickup-agent-memory.md	255	GATE	ref				
GATE-MEM-4	pickup-agent-memory.md	255	GATE	ref				
UNK-1	pickup-agent-memory.md	315	UNK	def	Disposition:TARGETED			
UNK-2	pickup-agent-memory.md	319	UNK	def	Disposition:TARGETED			
GATE-MEM-2	pickup-agent-memory.md	321	GATE	ref				
GATE-MEM-2	pickup-agent-memory.md	322	GATE	ref	Disposition:TARGETED			
GATE-MEM-2	pickup-agent-memory.md	322	GATE	ref	Disposition:TARGETED			
UNK-3	pickup-agent-memory.md	323	UNK	def	Disposition:TARGETED			
UNK-4	pickup-agent-memory.md	327	UNK	def	Disposition:RESOLVED			
UNK-5	pickup-agent-memory.md	331	UNK	def	Disposition:ADVISORY			
UNK-6	pickup-agent-memory.md	335	UNK	def	Disposition:TARGETED			
REQ-BU-1	pickup-browser-use.md	32	REQ	def				
REQ-BU-2	pickup-browser-use.md	35	REQ	def				
REQ-BU-3	pickup-browser-use.md	37	REQ	def				
REQ-BU-4	pickup-browser-use.md	40	REQ	def				
REQ-BU-7	pickup-browser-use.md	48	REQ	def				
REQ-BU-5	pickup-browser-use.md	60	REQ	def				
REQ-BU-6	pickup-browser-use.md	62	REQ	def				
REQ-CI-COST	pickup-browser-use.md	66	REQ	def				
GATE-007	pickup-browser-use.md	72	GATE	ref				
GATE-018	pickup-browser-use.md	101	GATE	ref				
UNK-BU-1	pickup-browser-use.md	112	UNK	ref				
UNK-BU-1	pickup-browser-use.md	115	UNK	ref				
UNK-BU-4	pickup-browser-use.md	117	UNK	ref				
CLAIM-BU-1	pickup-browser-use.md	128	CLAIM	def	ADMISSIBLE;Tier:T0;Conf:High			
CLAIM-BU-2	pickup-browser-use.md	129	CLAIM	def	ADMISSIBLE;Tier:T0;Conf:High			
CLAIM-BU-3	pickup-browser-use.md	130	CLAIM	def	ADMISSIBLE;Tier:T0;Conf:High			
CLAIM-BU-4	pickup-browser-use.md	131	CLAIM	def	ADMISSIBLE;Tier:T0;Conf:High			
CLAIM-BU-5	pickup-browser-use.md	132	CLAIM	def	ADMISSIBLE;Tier:T0;Conf:High			
CLAIM-BU-6	pickup-browser-use.md	133	CLAIM	def	ADMISSIBLE;Tier:T0;Conf:High			
CLAIM-BU-7	pickup-browser-use.md	134	CLAIM	def	ADMISSIBLE;Tier:T0;Conf:High			
CLAIM-BU-8	pickup-browser-use.md	135	CLAIM	def	ADMISSIBLE;Tier:T0;Conf:High			
CLAIM-BU-9	pickup-browser-use.md	136	CLAIM	def	ADMISSIBLE;Tier:T0;Conf:High			
CLAIM-BU-10	pickup-browser-use.md	137	CLAIM	def	ADMISSIBLE;Tier:T0;Conf:High			
CLAIM-BU-11	pickup-browser-use.md	138	CLAIM	def	ADMISSIBLE;Tier:T0;Conf:High			
CLAIM-BU-12	pickup-browser-use.md	139	CLAIM	def	ADMISSIBLE;Tier:T0;Conf:High			
CLAIM-BU-13	pickup-browser-use.md	140	CLAIM	def	ADMISSIBLE;Tier:T0;Conf:High			
CLAIM-BU-14	pickup-browser-use.md	141	CLAIM	def	Tier:T0			
UNK-BU-2	pickup-browser-use.md	146	UNK	ref	Decl:load-bearing			
GATE-BU-1	pickup-browser-use.md	163	GATE	def	RETIRED			
GATE-015	pickup-browser-use.md	163	GATE	ref	RETIRED			
GATE-015	pickup-browser-use.md	164	GATE	ref				
GATE-BU-2	pickup-browser-use.md	168	GATE	def	RETIRED			
GATE-014	pickup-browser-use.md	168	GATE	ref	RETIRED			
GATE-014	pickup-browser-use.md	169	GATE	ref				
GATE-BU-3	pickup-browser-use.md	173	GATE	def	RETIRED			
GATE-015	pickup-browser-use.md	173	GATE	ref	RETIRED			
GATE-015	pickup-browser-use.md	174	GATE	ref				
GATE-BU-4	pickup-browser-use.md	178	GATE	def	RETIRED			
GATE-018	pickup-browser-use.md	178	GATE	ref	RETIRED			
GATE-018	pickup-browser-use.md	178	GATE	ref	RETIRED			
CLAIM-BU-11	pickup-browser-use.md	184	CLAIM	ref				
GATE-002	pickup-browser-use.md	190	GATE	ref	Decl:advisory			
GATE-008	pickup-browser-use.md	190	GATE	ref	Decl:advisory			
GATE-005	pickup-browser-use.md	191	GATE	ref	Decl:advisory			
REQ-BU-5	pickup-browser-use.md	191	REQ	ref	Decl:advisory			
UNK-BU-1	pickup-browser-use.md	191	UNK	ref	Decl:advisory			
GATE-008	pickup-browser-use.md	192	GATE	ref	Decl:load-bearing			
REQ-BU-3	pickup-browser-use.md	192	REQ	ref	Decl:load-bearing			
GATE-BU-3	pickup-browser-use.md	192	GATE	ref	Decl:load-bearing			
GATE-014	pickup-browser-use.md	193	GATE	ref	Decl:universal			
REQ-BU-2	pickup-browser-use.md	193	REQ	ref	Decl:universal			
GATE-015	pickup-browser-use.md	194	GATE	ref	Decl:universal			
GATE-BU-1	pickup-browser-use.md	194	GATE	ref	Decl:universal			
GATE-016	pickup-browser-use.md	195	GATE	ref	Decl:universal			
REQ-BU-6	pickup-browser-use.md	195	REQ	ref	Decl:universal			
GATE-018	pickup-browser-use.md	196	GATE	ref	Decl:load-bearing			
GATE-BU-4	pickup-browser-use.md	196	GATE	ref	Decl:load-bearing			
CLAIM-BU-1	pickup-browser-use.md	204	CLAIM	ref				
GATE-018	pickup-browser-use.md	216	GATE	ref	Tier:T3			
GATE-BU-4	pickup-browser-use.md	216	GATE	ref	Tier:T3			
CLAIM-BU-10	pickup-browser-use.md	218	CLAIM	ref				
CLAIM-BU-11	pickup-browser-use.md	218	CLAIM	ref				
CLAIM-BU-14	pickup-browser-use.md	219	CLAIM	ref				
GATE-015	pickup-browser-use.md	304	GATE	ref				
GATE-015	pickup-browser-use.md	307	GATE	ref				
GATE-014	pickup-browser-use.md	319	GATE	ref				
GATE-018	pickup-browser-use.md	323	GATE	ref				
UNK-BU-1	pickup-browser-use.md	379	UNK	def				
UNK-BU-2	pickup-browser-use.md	386	UNK	def	Disposition:TARGETED			
UNK-BU-3	pickup-browser-use.md	393	UNK	def	Disposition:TARGETED			
CLAIM-BU-11	pickup-browser-use.md	394	CLAIM	ref				
GATE-018	pickup-browser-use.md	394	GATE	ref				
UNK-BU-4	pickup-browser-use.md	398	UNK	def	Disposition:TARGETED			
UNK-BU-5	pickup-browser-use.md	402	UNK	def	Disposition:TARGETED			
UNK-BU-6	pickup-browser-use.md	407	UNK	def	Disposition:ADVISORY			
UNK-BU-7	pickup-browser-use.md	412	UNK	def	Disposition:TARGETED			
REQ-01	pickup-computer-use.md	19	REQ	def				
REQ-02	pickup-computer-use.md	20	REQ	def				
REQ-03	pickup-computer-use.md	21	REQ	def				
REQ-04	pickup-computer-use.md	22	REQ	def				
CLAIM-09	pickup-computer-use.md	22	CLAIM	ref				
REQ-05	pickup-computer-use.md	23	REQ	def				
REQ-06	pickup-computer-use.md	24	REQ	def				
REQ-CI-COST	pickup-computer-use.md	26	REQ	def				
GATE-007	pickup-computer-use.md	32	GATE	ref				
UNK-01	pickup-computer-use.md	38	UNK	ref				
UNK-02	pickup-computer-use.md	39	UNK	ref				
UNK-03	pickup-computer-use.md	40	UNK	ref				
UNK-04	pickup-computer-use.md	43	UNK	ref				
UNK-05	pickup-computer-use.md	43	UNK	ref				
REQ-04	pickup-computer-use.md	45	REQ	ref	Tier:T2			
CLAIM-01	pickup-computer-use.md	53	CLAIM	def	ADMISSIBLE;Tier:T3;Conf:Low			
CLAIM-02	pickup-computer-use.md	54	CLAIM	def	ADMISSIBLE;Tier:T0;Conf:High			
CLAIM-03	pickup-computer-use.md	55	CLAIM	def	ADMISSIBLE;Tier:T0;Conf:High			
CLAIM-04	pickup-computer-use.md	56	CLAIM	def	ADMISSIBLE;Tier:T0;Conf:High			
CLAIM-05	pickup-computer-use.md	57	CLAIM	def	ADMISSIBLE;Tier:T0;Conf:High			
CLAIM-06	pickup-computer-use.md	58	CLAIM	def	ADMISSIBLE;Tier:T0;Conf:High			
CLAIM-07	pickup-computer-use.md	59	CLAIM	def	ADMISSIBLE;Tier:T3;Conf:Low			
CLAIM-08	pickup-computer-use.md	60	CLAIM	def	ADMISSIBLE;Tier:T0;Conf:High			
CLAIM-09	pickup-computer-use.md	61	CLAIM	def	ADMISSIBLE;Tier:T2;Conf:Medium			
CLAIM-10	pickup-computer-use.md	62	CLAIM	def	ADMISSIBLE;Tier:T0;Conf:High			
CLAIM-11	pickup-computer-use.md	63	CLAIM	def	ADMISSIBLE;Tier:T2;Conf:Medium			
UNK-06	pickup-computer-use.md	63	UNK	ref	ADMISSIBLE;Tier:T2;Conf:Medium			
CLAIM-12	pickup-computer-use.md	64	CLAIM	def	CONTESTED;Tier:T0;Conf:Medium			
CLAIM-13	pickup-computer-use.md	65	CLAIM	def	ADMISSIBLE;Tier:T0;Conf:High			
CLAIM-14	pickup-computer-use.md	66	CLAIM	def	Tier:T3			
CLAIM-07	pickup-computer-use.md	66	CLAIM	ref	Tier:T3			
GATE-CUA-01	pickup-computer-use.md	79	GATE	ref	Decl:advisory			
GATE-CUA-01	pickup-computer-use.md	91	GATE	def				
GATE-CUA-02	pickup-computer-use.md	92	GATE	def				
GATE-CUA-03	pickup-computer-use.md	93	GATE	def	RETIRED			
GATE-008	pickup-computer-use.md	93	GATE	ref	RETIRED			
GATE-008	pickup-computer-use.md	93	GATE	ref	RETIRED			
GATE-CUA-04	pickup-computer-use.md	94	GATE	def	RETIRED			
GATE-008	pickup-computer-use.md	94	GATE	ref	RETIRED			
GATE-008	pickup-computer-use.md	94	GATE	ref	RETIRED			
GATE-002	pickup-computer-use.md	100	GATE	ref	Decl:advisory			
REQ-01	pickup-computer-use.md	100	REQ	ref	Decl:advisory			
GATE-008	pickup-computer-use.md	101	GATE	ref	Decl:load-bearing			
REQ-03	pickup-computer-use.md	101	REQ	ref	Decl:load-bearing			
GATE-CUA-03	pickup-computer-use.md	101	GATE	ref	Decl:load-bearing			
GATE-014	pickup-computer-use.md	102	GATE	ref	Decl:universal			
GATE-015	pickup-computer-use.md	103	GATE	ref	Decl:universal			
GATE-016	pickup-computer-use.md	104	GATE	ref	Decl:universal			
GATE-018	pickup-computer-use.md	105	GATE	ref	Decl:load-bearing			
REQ-04	pickup-computer-use.md	123	REQ	ref				
GATE-008	pickup-computer-use.md	138	GATE	ref				
GATE-CUA-01	pickup-computer-use.md	138	GATE	ref				
GATE-008	pickup-computer-use.md	138	GATE	ref				
GATE-CUA-01	pickup-computer-use.md	144	GATE	ref				
GATE-CUA-01	pickup-computer-use.md	150	GATE	ref				
GATE-008	pickup-computer-use.md	151	GATE	ref				
UNK-01	pickup-computer-use.md	184	UNK	def	Disposition:TARGETED			
UNK-02	pickup-computer-use.md	186	UNK	def	Disposition:TARGETED			
UNK-03	pickup-computer-use.md	188	UNK	def	Disposition:TARGETED			
UNK-04	pickup-computer-use.md	190	UNK	def	Disposition:WATCH			
UNK-05	pickup-computer-use.md	192	UNK	def	Disposition:TARGETED			
UNK-06	pickup-computer-use.md	194	UNK	def	Disposition:TARGETED			
UNK-07	pickup-computer-use.md	196	UNK	def	Disposition:TARGETED			
REQ-EMB-001	pickup-embedding-serving.md	32	REQ	def				
REQ-EMB-002	pickup-embedding-serving.md	38	REQ	def				
REQ-EMB-003	pickup-embedding-serving.md	43	REQ	def				
REQ-EMB-004	pickup-embedding-serving.md	48	REQ	def				
REQ-EMB-005	pickup-embedding-serving.md	52	REQ	def				
REQ-EMB-006	pickup-embedding-serving.md	55	REQ	def				
REQ-CI-COST	pickup-embedding-serving.md	60	REQ	def				
GATE-007	pickup-embedding-serving.md	66	GATE	ref				
UNK-EMB-003	pickup-embedding-serving.md	87	UNK	ref				
UNK-EMB-002	pickup-embedding-serving.md	93	UNK	ref				
REQ-EMB-001	pickup-embedding-serving.md	93	REQ	ref				
REQ-EMB-003	pickup-embedding-serving.md	96	REQ	ref				
CLAIM-EMB-001	pickup-embedding-serving.md	106	CLAIM	def	ADMISSIBLE;Tier:T0;Conf:High			
CLAIM-EMB-002	pickup-embedding-serving.md	107	CLAIM	def	ADMISSIBLE;Tier:T0;Conf:High			
CLAIM-EMB-001	pickup-embedding-serving.md	107	CLAIM	ref	ADMISSIBLE;Tier:T0;Conf:High			
CLAIM-EMB-003	pickup-embedding-serving.md	108	CLAIM	def	ADMISSIBLE;Tier:T0;Conf:High			
CLAIM-EMB-004	pickup-embedding-serving.md	109	CLAIM	def	ADMISSIBLE;Tier:T0;Conf:High			
CLAIM-EMB-005	pickup-embedding-serving.md	110	CLAIM	def	ADMISSIBLE;Tier:T0;Conf:High			
CLAIM-EMB-006	pickup-embedding-serving.md	111	CLAIM	def	ADMISSIBLE;Tier:T0;Conf:High			
CLAIM-EMB-007	pickup-embedding-serving.md	112	CLAIM	def	ADMISSIBLE;Tier:T0;Conf:High			
CLAIM-EMB-008	pickup-embedding-serving.md	113	CLAIM	def	ADMISSIBLE;Tier:T0;Conf:High			
CLAIM-EMB-009	pickup-embedding-serving.md	114	CLAIM	def	ADMISSIBLE;Tier:T0;Conf:High			
CLAIM-EMB-010	pickup-embedding-serving.md	115	CLAIM	def	ADMISSIBLE;Tier:T0;Conf:High			
CLAIM-EMB-011	pickup-embedding-serving.md	116	CLAIM	def	ADMISSIBLE;Tier:T0;Conf:High			
CLAIM-EMB-012	pickup-embedding-serving.md	117	CLAIM	def	ADMISSIBLE;Tier:T0;Conf:High			
CLAIM-EMB-013	pickup-embedding-serving.md	118	CLAIM	def	ADMISSIBLE;Tier:T0;Conf:High			
CLAIM-EMB	pickup-embedding-serving.md	130	CLAIM	ref				
GATE-EMB-PARITY	pickup-embedding-serving.md	160	GATE	def				
GATE-EMB-REGISTRY	pickup-embedding-serving.md	166	GATE	def				
GATE-EMB-NETISOL	pickup-embedding-serving.md	171	GATE	def	RETIRED			
GATE-014	pickup-embedding-serving.md	171	GATE	ref	RETIRED			
GATE-014	pickup-embedding-serving.md	171	GATE	ref	RETIRED			
GATE-EMB-AA	pickup-embedding-serving.md	172	GATE	def				
UNK-EMB-005	pickup-embedding-serving.md	223	UNK	ref				
GATE-EMB-AA	pickup-embedding-serving.md	247	GATE	ref				
GATE-EMB-REGISTRY	pickup-embedding-serving.md	282	GATE	ref				
GATE-014	pickup-embedding-serving.md	288	GATE	ref				
GATE-EMB-PARITY	pickup-embedding-serving.md	292	GATE	ref				
GATE-EMB-REGISTRY	pickup-embedding-serving.md	292	GATE	ref				
GATE-014	pickup-embedding-serving.md	292	GATE	ref				
GATE-EMB-AA	pickup-embedding-serving.md	293	GATE	ref	Decl:load-bearing			
GATE-001	pickup-embedding-serving.md	300	GATE	ref	Decl:load-bearing			
GATE-002	pickup-embedding-serving.md	301	GATE	ref	Decl:load-bearing			
GATE-EMB-REGISTRY	pickup-embedding-serving.md	301	GATE	ref	Decl:load-bearing			
GATE-014	pickup-embedding-serving.md	302	GATE	ref	Decl:universal			
GATE-015	pickup-embedding-serving.md	303	GATE	ref	Decl:universal			
GATE-016	pickup-embedding-serving.md	304	GATE	ref	Decl:load-bearing			
GATE-018	pickup-embedding-serving.md	305	GATE	ref	Decl:advisory			
UNK-EMB-001	pickup-embedding-serving.md	344	UNK	def	Disposition:TARGETED			
UNK-EMB-002	pickup-embedding-serving.md	348	UNK	def	Disposition:RESOLVED			
REQ-EMB-001	pickup-embedding-serving.md	351	REQ	ref				
REQ-EMB-001	pickup-embedding-serving.md	352	REQ	ref	Disposition:RESOLVED			
REQ-EMB-003	pickup-embedding-serving.md	352	REQ	ref	Disposition:RESOLVED			
UNK-EMB-003	pickup-embedding-serving.md	353	UNK	def	Disposition:TARGETED			
UNK-EMB-004	pickup-embedding-serving.md	358	UNK	def	Disposition:TARGETED			
GATE-EMB-PARITY	pickup-embedding-serving.md	360	GATE	ref				
UNK-EMB-005	pickup-embedding-serving.md	363	UNK	def	Disposition:RESOLVED			
UNK-EMB-006	pickup-embedding-serving.md	367	UNK	def	Disposition:ADVISORY			
GATE-EH-2	pickup-eval-harnesses.md	36	GATE	ref				
REQ-EH-1	pickup-eval-harnesses.md	36	REQ	ref				
REQ-EH-2	pickup-eval-harnesses.md	37	REQ	ref				
REQ-EH-3	pickup-eval-harnesses.md	45	REQ	ref				
GATE-EH-4	pickup-eval-harnesses.md	47	GATE	ref				
REQ-EH-1	pickup-eval-harnesses.md	51	REQ	def				
REQ-EH-2	pickup-eval-harnesses.md	53	REQ	def				
REQ-EH-3	pickup-eval-harnesses.md	55	REQ	def				
REQ-EH-4	pickup-eval-harnesses.md	57	REQ	def				
REQ-EH-5	pickup-eval-harnesses.md	59	REQ	def				
REQ-EH-6	pickup-eval-harnesses.md	61	REQ	def				
REQ-CI-COST	pickup-eval-harnesses.md	64	REQ	def				
GATE-007	pickup-eval-harnesses.md	70	GATE	ref				
UNK-EH-07	pickup-eval-harnesses.md	113	UNK	def	Disposition:TARGETED			
UNK-EH-08	pickup-eval-harnesses.md	120	UNK	def	Disposition:TARGETED			
CLAIM-EH-01	pickup-eval-harnesses.md	134	CLAIM	def	ADMISSIBLE;Tier:T0;Conf:High			
CLAIM-EH-02	pickup-eval-harnesses.md	135	CLAIM	def	ADMISSIBLE;Tier:T0;Conf:High			
CLAIM-EH-03	pickup-eval-harnesses.md	136	CLAIM	def	ADMISSIBLE;Tier:T0;Conf:High			
CLAIM-EH-04	pickup-eval-harnesses.md	137	CLAIM	def	ADMISSIBLE;Tier:T0;Conf:High			
CLAIM-EH-05	pickup-eval-harnesses.md	138	CLAIM	def	ADMISSIBLE;Tier:T0;Conf:High			
CLAIM-EH-06	pickup-eval-harnesses.md	139	CLAIM	def	ADMISSIBLE;Tier:T0;Conf:High			
CLAIM-EH-07	pickup-eval-harnesses.md	140	CLAIM	def	ADMISSIBLE;Tier:T0;Conf:High			
CLAIM-EH-08	pickup-eval-harnesses.md	141	CLAIM	def	ADMISSIBLE;Tier:T0;Conf:High			
CLAIM-EH-09	pickup-eval-harnesses.md	142	CLAIM	def	ADMISSIBLE;Tier:T0;Conf:High			
CLAIM-EH-10	pickup-eval-harnesses.md	143	CLAIM	def	ADMISSIBLE;Tier:T0;Conf:High			
CLAIM-EH-11	pickup-eval-harnesses.md	144	CLAIM	def	ADMISSIBLE;Tier:T0;Conf:High			
CLAIM-EH-12	pickup-eval-harnesses.md	145	CLAIM	def	ADMISSIBLE;Tier:T0;Conf:High			
CLAIM-EH-13	pickup-eval-harnesses.md	146	CLAIM	def	CONTESTED;Tier:T3;Conf:Low			
CLAIM-EH-01	pickup-eval-harnesses.md	146	CLAIM	ref	CONTESTED;Tier:T3;Conf:Low			
CLAIM-EH-14	pickup-eval-harnesses.md	147	CLAIM	def	ADMISSIBLE;Tier:T0;Conf:High			
GATE-EH-1	pickup-eval-harnesses.md	178	GATE	def				
GATE-EH-2	pickup-eval-harnesses.md	183	GATE	def				
GATE-EH-3	pickup-eval-harnesses.md	186	GATE	def				
GATE-EH-3	pickup-eval-harnesses.md	191	GATE	ref				
GATE-EH-4	pickup-eval-harnesses.md	193	GATE	def				
GATE-002	pickup-eval-harnesses.md	201	GATE	ref	Decl:advisory			
GATE-EH-4	pickup-eval-harnesses.md	201	GATE	ref	Decl:advisory			
GATE-007	pickup-eval-harnesses.md	202	GATE	ref	Decl:advisory			
GATE-007	pickup-eval-harnesses.md	202	GATE	ref	Decl:advisory			
GATE-010	pickup-eval-harnesses.md	203	GATE	ref	Decl:advisory			
GATE-011	pickup-eval-harnesses.md	204	GATE	ref	Decl:advisory			
GATE-EH-1	pickup-eval-harnesses.md	204	GATE	ref	Decl:advisory			
GATE-014	pickup-eval-harnesses.md	205	GATE	ref	Decl:universal			
REQ-EH-1	pickup-eval-harnesses.md	205	REQ	ref	Decl:universal			
GATE-EH-2	pickup-eval-harnesses.md	205	GATE	ref	Decl:universal			
GATE-015	pickup-eval-harnesses.md	206	GATE	ref	Decl:universal			
REQ-EH-5	pickup-eval-harnesses.md	206	REQ	ref	Decl:universal			
GATE-016	pickup-eval-harnesses.md	207	GATE	ref	Decl:universal			
GATE-018	pickup-eval-harnesses.md	208	GATE	ref	Decl:universal			
REQ-EH-3	pickup-eval-harnesses.md	233	REQ	ref				
GATE-EH-1	pickup-eval-harnesses.md	277	GATE	ref				
GATE-EH-2	pickup-eval-harnesses.md	282	GATE	ref				
GATE-EH-4	pickup-eval-harnesses.md	285	GATE	ref				
UNK-EH-01	pickup-eval-harnesses.md	341	UNK	def	Disposition:TARGETED			
UNK-EH-02	pickup-eval-harnesses.md	346	UNK	def	Disposition:TARGETED			
UNK-EH-03	pickup-eval-harnesses.md	349	UNK	def	Disposition:TARGETED			
UNK-EH-04	pickup-eval-harnesses.md	353	UNK	def	Disposition:TARGETED			
UNK-EH-05	pickup-eval-harnesses.md	358	UNK	def	Disposition:TARGETED			
UNK-EH-06	pickup-eval-harnesses.md	362	UNK	def	Disposition:TARGETED			
REQ-01	pickup-fine-tuning.md	31	REQ	def				
REQ-02	pickup-fine-tuning.md	34	REQ	def				
REQ-03	pickup-fine-tuning.md	38	REQ	def				
REQ-04	pickup-fine-tuning.md	41	REQ	def				
REQ-05	pickup-fine-tuning.md	44	REQ	def				
REQ-06	pickup-fine-tuning.md	47	REQ	def				
REQ-CI-COST	pickup-fine-tuning.md	50	REQ	def				
GATE-007	pickup-fine-tuning.md	56	GATE	ref				
UNK-06	pickup-fine-tuning.md	86	UNK	ref				
UNK-05	pickup-fine-tuning.md	95	UNK	ref				
UNK-02	pickup-fine-tuning.md	96	UNK	ref				
UNK-03	pickup-fine-tuning.md	96	UNK	ref				
CLAIM-01	pickup-fine-tuning.md	105	CLAIM	def	ADMISSIBLE;Tier:T0;Conf:High			
CLAIM-02	pickup-fine-tuning.md	106	CLAIM	def	ADMISSIBLE;Tier:T0;Conf:High			
CLAIM-03	pickup-fine-tuning.md	107	CLAIM	def	ADMISSIBLE;Tier:T0;Conf:High			
CLAIM-04	pickup-fine-tuning.md	108	CLAIM	def	ADMISSIBLE;Tier:T0;Conf:High			
CLAIM-05	pickup-fine-tuning.md	109	CLAIM	def	ADMISSIBLE;Tier:T0;Conf:High			
CLAIM-06	pickup-fine-tuning.md	110	CLAIM	def	ADMISSIBLE;Tier:T0;Conf:High			
CLAIM-07	pickup-fine-tuning.md	111	CLAIM	def	ADMISSIBLE;Tier:T0;Conf:High			
CLAIM-08	pickup-fine-tuning.md	112	CLAIM	def	ADMISSIBLE;Tier:T0;Conf:High			
CLAIM-09	pickup-fine-tuning.md	113	CLAIM	def	ADMISSIBLE;Tier:T0;Tier:T1;Conf:Medium			
CLAIM-10	pickup-fine-tuning.md	114	CLAIM	def	ADMISSIBLE;Tier:T0;Conf:High			
CLAIM-11	pickup-fine-tuning.md	115	CLAIM	def	ADMISSIBLE;Tier:T0;Conf:High			
CLAIM-12	pickup-fine-tuning.md	116	CLAIM	def	ADMISSIBLE;Tier:T0;Conf:High			
CLAIM-13	pickup-fine-tuning.md	117	CLAIM	def	ADMISSIBLE;Tier:T0;Conf:High			
CLAIM-14	pickup-fine-tuning.md	118	CLAIM	def	Tier:T3			
UNK-06	pickup-fine-tuning.md	140	UNK	ref				
CLAIM-04-style	pickup-fine-tuning.md	150	CLAIM	ref	Tier:T2			
GATE-FT-01	pickup-fine-tuning.md	154	GATE	def	RETIRED			
GATE-012	pickup-fine-tuning.md	154	GATE	ref	RETIRED			
GATE-012	pickup-fine-tuning.md	155	GATE	ref				
GATE-FT-02	pickup-fine-tuning.md	160	GATE	def	RETIRED			
GATE-012	pickup-fine-tuning.md	160	GATE	ref	RETIRED			
GATE-012	pickup-fine-tuning.md	161	GATE	ref				
GATE-FT-03	pickup-fine-tuning.md	166	GATE	def				
GATE-FT-04	pickup-fine-tuning.md	170	GATE	def	RETIRED			
GATE-012	pickup-fine-tuning.md	170	GATE	ref	RETIRED			
GATE-012	pickup-fine-tuning.md	171	GATE	ref				
GATE-002	pickup-fine-tuning.md	180	GATE	ref	Decl:load-bearing			
GATE-007	pickup-fine-tuning.md	181	GATE	ref	Decl:advisory			
GATE-012	pickup-fine-tuning.md	182	GATE	ref	Decl:load-bearing			
GATE-FT-01	pickup-fine-tuning.md	182	GATE	ref	Decl:load-bearing			
GATE-014	pickup-fine-tuning.md	183	GATE	ref	Decl:universal			
GATE-015	pickup-fine-tuning.md	184	GATE	ref	Decl:universal			
GATE-016	pickup-fine-tuning.md	185	GATE	ref	Decl:load-bearing			
GATE-018	pickup-fine-tuning.md	186	GATE	ref	Decl:advisory			
GATE-FT-03	pickup-fine-tuning.md	187	GATE	ref	Decl:load-bearing			
CLAIM-01	pickup-fine-tuning.md	195	CLAIM	ref				
CLAIM-13	pickup-fine-tuning.md	198	CLAIM	ref				
UNK-02	pickup-fine-tuning.md	199	UNK	ref	Decl:load-bearing			
UNK-06	pickup-fine-tuning.md	199	UNK	ref	Decl:load-bearing			
UNK-06	pickup-fine-tuning.md	230	UNK	ref				
UNK-04	pickup-fine-tuning.md	260	UNK	ref				
GATE-012	pickup-fine-tuning.md	281	GATE	ref				
GATE-FT-03	pickup-fine-tuning.md	282	GATE	ref				
GATE-FT-01	pickup-fine-tuning.md	282	GATE	ref				
GATE-012	pickup-fine-tuning.md	282	GATE	ref				
GATE-FT-03	pickup-fine-tuning.md	285	GATE	ref				
UNK-01	pickup-fine-tuning.md	343	UNK	def	Disposition:TARGETED			
UNK-02	pickup-fine-tuning.md	348	UNK	def	Disposition:TARGETED			
UNK-03	pickup-fine-tuning.md	352	UNK	def	Disposition:TARGETED			
UNK-04	pickup-fine-tuning.md	356	UNK	def	Disposition:ADVISORY			
UNK-05	pickup-fine-tuning.md	359	UNK	def	Disposition:TARGETED			
UNK-06	pickup-fine-tuning.md	362	UNK	def	Disposition:TARGETED			
UNK-07	pickup-fine-tuning.md	366	UNK	def	Disposition:WATCH			
REQ-01	pickup-guardrails.md	37	REQ	def				
REQ-02	pickup-guardrails.md	39	REQ	def				
REQ-03	pickup-guardrails.md	41	REQ	def				
REQ-04	pickup-guardrails.md	44	REQ	def				
REQ-05	pickup-guardrails.md	47	REQ	def				
REQ-06	pickup-guardrails.md	49	REQ	def				
REQ-07	pickup-guardrails.md	52	REQ	def				
REQ-CI-COST	pickup-guardrails.md	56	REQ	def				
GATE-007	pickup-guardrails.md	62	GATE	ref				
UNK-GR-03	pickup-guardrails.md	103	UNK	ref				
UNK-GR-02	pickup-guardrails.md	106	UNK	ref				
UNK-GR-03	pickup-guardrails.md	106	UNK	ref				
UNK-GR-04	pickup-guardrails.md	107	UNK	ref				
CLAIM-01	pickup-guardrails.md	116	CLAIM	def	ADMISSIBLE;Tier:T0;Conf:High			
CLAIM-02	pickup-guardrails.md	117	CLAIM	def	ADMISSIBLE;Tier:T0;Conf:High			
CLAIM-03	pickup-guardrails.md	118	CLAIM	def	ADMISSIBLE;Tier:T0;Conf:High			
CLAIM-04	pickup-guardrails.md	119	CLAIM	def	ADMISSIBLE;Tier:T0;Conf:High			
CLAIM-05	pickup-guardrails.md	120	CLAIM	def	ADMISSIBLE;Tier:T0;Conf:High			
CLAIM-06	pickup-guardrails.md	121	CLAIM	def	ADMISSIBLE;Tier:T0;Conf:High			
CLAIM-07	pickup-guardrails.md	122	CLAIM	def	ADMISSIBLE;Tier:T0;Conf:High			
CLAIM-08	pickup-guardrails.md	123	CLAIM	def	ADMISSIBLE;Tier:T0;Conf:High			
CLAIM-09	pickup-guardrails.md	124	CLAIM	def	ADMISSIBLE;Tier:T0;Conf:High			
CLAIM-10	pickup-guardrails.md	125	CLAIM	def	ADMISSIBLE;Tier:T0;Conf:High			
CLAIM-11	pickup-guardrails.md	126	CLAIM	def	ADMISSIBLE;Tier:T0;Conf:High			
CLAIM-12	pickup-guardrails.md	127	CLAIM	def	CONTESTED;Tier:T0;Conf:Medium			
UNK-GR-01	pickup-guardrails.md	132	UNK	ref				
GATE-011	pickup-guardrails.md	152	GATE	ref				
GATE-GR-01	pickup-guardrails.md	156	GATE	def	RETIRED			
GATE-011	pickup-guardrails.md	156	GATE	ref	RETIRED			
GATE-011	pickup-guardrails.md	157	GATE	ref				
GATE-GR-02	pickup-guardrails.md	160	GATE	def	RETIRED			
GATE-011	pickup-guardrails.md	160	GATE	ref	RETIRED			
GATE-011	pickup-guardrails.md	161	GATE	ref				
GATE-GR-03	pickup-guardrails.md	167	GATE	def	RETIRED			
GATE-011	pickup-guardrails.md	167	GATE	ref	RETIRED			
GATE-011	pickup-guardrails.md	168	GATE	ref				
GATE-GR-04	pickup-guardrails.md	173	GATE	def	RETIRED			
GATE-011	pickup-guardrails.md	173	GATE	ref	RETIRED			
GATE-011	pickup-guardrails.md	174	GATE	ref				
GATE-002	pickup-guardrails.md	184	GATE	ref	Decl:advisory			
GATE-011	pickup-guardrails.md	185	GATE	ref	Decl:load-bearing			
GATE-GR-01	pickup-guardrails.md	185	GATE	ref	Decl:load-bearing			
GATE-014	pickup-guardrails.md	186	GATE	ref	Decl:universal			
REQ-05	pickup-guardrails.md	186	REQ	ref	Decl:universal			
GATE-015	pickup-guardrails.md	187	GATE	ref	Decl:universal			
GATE-016	pickup-guardrails.md	188	GATE	ref	Decl:universal			
GATE-018	pickup-guardrails.md	189	GATE	ref	Decl:universal			
GATE-011	pickup-guardrails.md	207	GATE	ref				
GATE-011	pickup-guardrails.md	244	GATE	ref				
GATE-GR-01	pickup-guardrails.md	293	GATE	ref				
GATE-GR-04	pickup-guardrails.md	293	GATE	ref				
GATE-011	pickup-guardrails.md	293	GATE	ref				
UNK-GR-07	pickup-guardrails.md	303	UNK	ref				
UNK-GR-01	pickup-guardrails.md	344	UNK	def	Disposition:RESOLVED			
UNK-GR-02	pickup-guardrails.md	348	UNK	def	Disposition:TARGETED			
UNK-GR-03	pickup-guardrails.md	352	UNK	def	Disposition:TARGETED			
UNK-GR-04	pickup-guardrails.md	356	UNK	def	Disposition:TARGETED			
UNK-GR-05	pickup-guardrails.md	359	UNK	def	Disposition:TARGETED			
UNK-GR-06	pickup-guardrails.md	363	UNK	def	Disposition:TARGETED			
UNK-GR-07	pickup-guardrails.md	366	UNK	def				
REQ-01	pickup-inference-engines.md	36	REQ	def				
REQ-02	pickup-inference-engines.md	39	REQ	def				
REQ-03	pickup-inference-engines.md	43	REQ	def				
REQ-04	pickup-inference-engines.md	46	REQ	def				
REQ-05	pickup-inference-engines.md	50	REQ	def				
REQ-06	pickup-inference-engines.md	54	REQ	def				
REQ-CI-COST	pickup-inference-engines.md	57	REQ	def				
GATE-007	pickup-inference-engines.md	63	GATE	ref				
UNK-01	pickup-inference-engines.md	105	UNK	ref				
UNK-04	pickup-inference-engines.md	105	UNK	ref				
CLAIM-01	pickup-inference-engines.md	115	CLAIM	def	ADMISSIBLE;Tier:T0;Conf:High			
CLAIM-02	pickup-inference-engines.md	116	CLAIM	def	ADMISSIBLE;Tier:T0;Conf:High			
CLAIM-03	pickup-inference-engines.md	117	CLAIM	def	ADMISSIBLE;Tier:T0;Conf:High			
CLAIM-04	pickup-inference-engines.md	118	CLAIM	def	ADMISSIBLE;Tier:T0;Conf:High			
CLAIM-05	pickup-inference-engines.md	119	CLAIM	def	ADMISSIBLE;Tier:T0;Conf:High			
CLAIM-06	pickup-inference-engines.md	120	CLAIM	def	ADMISSIBLE;Tier:T0;Conf:High			
CLAIM-07	pickup-inference-engines.md	121	CLAIM	def	ADMISSIBLE;Tier:T0;Conf:High			
CLAIM-08	pickup-inference-engines.md	122	CLAIM	def	ADMISSIBLE;Tier:T0;Conf:High			
CLAIM-09	pickup-inference-engines.md	123	CLAIM	def	ADMISSIBLE;Tier:T0;Conf:High			
CLAIM-10	pickup-inference-engines.md	124	CLAIM	def	ADMISSIBLE;Tier:T0;Conf:High			
CLAIM-11	pickup-inference-engines.md	125	CLAIM	def	ADMISSIBLE;Tier:T0;Conf:High			
CLAIM-12	pickup-inference-engines.md	126	CLAIM	def	ADMISSIBLE;Tier:T0;Conf:High			
CLAIM-13	pickup-inference-engines.md	127	CLAIM	def	CONTESTED;Tier:T0;Conf:Medium			
CLAIM-14	pickup-inference-engines.md	128	CLAIM	def	Tier:T2			
UNK-01	pickup-inference-engines.md	136	UNK	ref				
GATE-001	pickup-inference-engines.md	188	GATE	ref	Decl:load-bearing			
GATE-IE-01	pickup-inference-engines.md	188	GATE	ref	Decl:load-bearing			
GATE-002	pickup-inference-engines.md	189	GATE	ref	Decl:load-bearing			
GATE-003	pickup-inference-engines.md	190	GATE	ref	Decl:advisory			
GATE-014	pickup-inference-engines.md	191	GATE	ref	Decl:universal			
GATE-015	pickup-inference-engines.md	192	GATE	ref	Decl:universal			
GATE-016	pickup-inference-engines.md	193	GATE	ref	Decl:load-bearing			
CLAIM-09	pickup-inference-engines.md	193	CLAIM	ref	Decl:load-bearing			
GATE-018	pickup-inference-engines.md	194	GATE	ref	Decl:advisory			
GATE-IE-01	pickup-inference-engines.md	198	GATE	def	RETIRED			
GATE-001	pickup-inference-engines.md	198	GATE	ref	RETIRED			
GATE-001	pickup-inference-engines.md	198	GATE	ref	RETIRED			
GATE-IE-02	pickup-inference-engines.md	199	GATE	def	RETIRED			
GATE-001	pickup-inference-engines.md	199	GATE	ref	RETIRED			
GATE-001	pickup-inference-engines.md	199	GATE	ref	RETIRED			
GATE-IE-03	pickup-inference-engines.md	200	GATE	def				
GATE-IE-04	pickup-inference-engines.md	204	GATE	def				
UNK-01	pickup-inference-engines.md	359	UNK	def	Disposition:RESOLVED			
UNK-02	pickup-inference-engines.md	363	UNK	def	Disposition:TARGETED			
UNK-03	pickup-inference-engines.md	367	UNK	def	Disposition:TARGETED			
UNK-04	pickup-inference-engines.md	371	UNK	def	Disposition:TARGETED			
UNK-05	pickup-inference-engines.md	374	UNK	def	Disposition:TARGETED			
UNK-06	pickup-inference-engines.md	377	UNK	def	Disposition:TARGETED			
REQ-MCP-01	pickup-mcp.md	37	REQ	def				
REQ-MCP-02	pickup-mcp.md	39	REQ	def				
REQ-MCP-03	pickup-mcp.md	41	REQ	def				
REQ-MCP-04	pickup-mcp.md	43	REQ	def				
REQ-MCP-05	pickup-mcp.md	45	REQ	def				
REQ-MCP-06	pickup-mcp.md	47	REQ	def				
REQ-CI-COST	pickup-mcp.md	50	REQ	def				
GATE-007	pickup-mcp.md	56	GATE	ref				
UNK-MCP-01	pickup-mcp.md	73	UNK	def				
UNK-MCP-01	pickup-mcp.md	73	UNK	def				
UNK-MCP-06	pickup-mcp.md	74	UNK	def				
UNK-MCP-06	pickup-mcp.md	74	UNK	def				
CLAIM-01	pickup-mcp.md	87	CLAIM	def	ADMISSIBLE;Tier:T0;Conf:High			
CLAIM-02	pickup-mcp.md	88	CLAIM	def	ADMISSIBLE;Tier:T0;Conf:High			
CLAIM-03	pickup-mcp.md	89	CLAIM	def	ADMISSIBLE;Tier:T0;Conf:High			
CLAIM-04	pickup-mcp.md	90	CLAIM	def	ADMISSIBLE;Tier:T0;Conf:High			
CLAIM-05	pickup-mcp.md	91	CLAIM	def	ADMISSIBLE;Tier:T0;Conf:High			
CLAIM-06	pickup-mcp.md	92	CLAIM	def	ADMISSIBLE;Tier:T0;Conf:High			
CLAIM-07	pickup-mcp.md	93	CLAIM	def	ADMISSIBLE;Tier:T0;Conf:High			
CLAIM-08	pickup-mcp.md	94	CLAIM	def	ADMISSIBLE;Tier:T0;Conf:High			
CLAIM-09	pickup-mcp.md	95	CLAIM	def	ADMISSIBLE;Tier:T0;Conf:High			
CLAIM-10	pickup-mcp.md	96	CLAIM	def	ADMISSIBLE;Tier:T0;Conf:High			
CLAIM-11	pickup-mcp.md	97	CLAIM	def	ADMISSIBLE;Tier:T0;Conf:High			
CLAIM-12	pickup-mcp.md	98	CLAIM	def	Tier:T3			
GATE-006	pickup-mcp.md	104	GATE	ref				
GATE-017	pickup-mcp.md	104	GATE	ref				
GATE-006	pickup-mcp.md	107	GATE	ref				
GATE-017	pickup-mcp.md	107	GATE	ref				
CLAIM-12	pickup-mcp.md	137	CLAIM	ref				
GATE-MCP-01	pickup-mcp.md	141	GATE	def	RETIRED			
GATE-MCP-02	pickup-mcp.md	141	GATE	def	RETIRED			
GATE-006	pickup-mcp.md	141	GATE	ref	RETIRED			
GATE-006	pickup-mcp.md	142	GATE	ref				
GATE-006	pickup-mcp.md	145	GATE	ref				
GATE-MCP-03	pickup-mcp.md	147	GATE	def	RETIRED			
GATE-MCP-04	pickup-mcp.md	147	GATE	def	RETIRED			
GATE-017	pickup-mcp.md	147	GATE	ref	RETIRED			
GATE-017	pickup-mcp.md	148	GATE	ref				
GATE-004	pickup-mcp.md	155	GATE	ref	Decl:advisory			
GATE-017	pickup-mcp.md	155	GATE	ref	Decl:advisory			
GATE-006	pickup-mcp.md	156	GATE	ref	Decl:load-bearing			
GATE-014	pickup-mcp.md	157	GATE	ref	Decl:universal			
GATE-015	pickup-mcp.md	158	GATE	ref	Decl:universal			
GATE-016	pickup-mcp.md	159	GATE	ref	Decl:universal			
GATE-017	pickup-mcp.md	160	GATE	ref	Decl:load-bearing			
GATE-018	pickup-mcp.md	161	GATE	ref	Decl:universal			
CLAIM-12	pickup-mcp.md	187	CLAIM	ref	Tier:T3			
CLAIM-12	pickup-mcp.md	242	CLAIM	ref				
GATE-006	pickup-mcp.md	255	GATE	ref				
GATE-017	pickup-mcp.md	257	GATE	ref				
GATE-017	pickup-mcp.md	259	GATE	ref				
GATE-006	pickup-mcp.md	264	GATE	ref	Decl:load-bearing			
GATE-017	pickup-mcp.md	264	GATE	ref	Decl:load-bearing			
CLAIM-12	pickup-mcp.md	313	CLAIM	ref				
UNK-MCP-01	pickup-mcp.md	325	UNK	def	Disposition:TARGETED			
UNK-MCP-02	pickup-mcp.md	330	UNK	def	Disposition:TARGETED			
UNK-MCP-03	pickup-mcp.md	333	UNK	def	Disposition:ADVISORY			
UNK-MCP-04	pickup-mcp.md	337	UNK	def	Disposition:TARGETED			
UNK-MCP-05	pickup-mcp.md	340	UNK	def	Disposition:TARGETED			
UNK-MCP-06	pickup-mcp.md	343	UNK	def	Disposition:TARGETED			
UNK-MCP-07	pickup-mcp.md	347	UNK	def	Disposition:ADVISORY			
REQ-MAP-1	pickup-multi-agent-protocols.md	41	REQ	def				
REQ-MAP-2	pickup-multi-agent-protocols.md	42	REQ	def				
REQ-MAP-3	pickup-multi-agent-protocols.md	43	REQ	def				
REQ-MAP-4	pickup-multi-agent-protocols.md	44	REQ	def				
REQ-MAP-5	pickup-multi-agent-protocols.md	45	REQ	def				
REQ-CI-COST	pickup-multi-agent-protocols.md	47	REQ	def				
GATE-007	pickup-multi-agent-protocols.md	53	GATE	ref				
UNK-MAP-2	pickup-multi-agent-protocols.md	76	UNK	ref				
REQ-MAP-4	pickup-multi-agent-protocols.md	78	REQ	ref				
UNK-MAP-1	pickup-multi-agent-protocols.md	79	UNK	ref				
CLAIM-MAP-1	pickup-multi-agent-protocols.md	89	CLAIM	def	ADMISSIBLE;Tier:T0;Conf:High			
CLAIM-MAP-2	pickup-multi-agent-protocols.md	90	CLAIM	def	ADMISSIBLE;Tier:T0;Conf:High			
CLAIM-MAP-3	pickup-multi-agent-protocols.md	91	CLAIM	def	ADMISSIBLE;Tier:T0;Conf:High			
CLAIM-MAP-4	pickup-multi-agent-protocols.md	92	CLAIM	def	ADMISSIBLE;Tier:T0;Conf:High			
CLAIM-MAP-5	pickup-multi-agent-protocols.md	93	CLAIM	def	ADMISSIBLE;Tier:T0;Conf:High			
CLAIM-MAP-6	pickup-multi-agent-protocols.md	94	CLAIM	def	ADMISSIBLE;Tier:T0;Conf:High			
CLAIM-MAP-7	pickup-multi-agent-protocols.md	95	CLAIM	def	ADMISSIBLE;Tier:T0;Conf:High			
CLAIM-MAP-8	pickup-multi-agent-protocols.md	96	CLAIM	def	ADMISSIBLE;Tier:T0;Conf:High			
CLAIM-MAP-9	pickup-multi-agent-protocols.md	97	CLAIM	def	ADMISSIBLE;Tier:T0;Conf:High			
CLAIM-MAP-10	pickup-multi-agent-protocols.md	98	CLAIM	def	ADMISSIBLE;Tier:T0;Conf:High			
CLAIM-MAP-11	pickup-multi-agent-protocols.md	99	CLAIM	def	ADMISSIBLE;Tier:T0;Conf:High			
CLAIM-MAP-12	pickup-multi-agent-protocols.md	100	CLAIM	def	CONTESTED;Tier:T0;Conf:Medium			
CLAIM-MAP-13	pickup-multi-agent-protocols.md	101	CLAIM	def	ADMISSIBLE;Tier:T2;Conf:Medium			
CLAIM-MAP	pickup-multi-agent-protocols.md	112	CLAIM	ref				
GATE-MAP-1	pickup-multi-agent-protocols.md	127	GATE	def	RETIRED			
GATE-006	pickup-multi-agent-protocols.md	127	GATE	ref	RETIRED			
GATE-006	pickup-multi-agent-protocols.md	127	GATE	ref	RETIRED			
GATE-MAP-2	pickup-multi-agent-protocols.md	132	GATE	def	RETIRED			
GATE-017	pickup-multi-agent-protocols.md	132	GATE	ref	RETIRED			
GATE-017	pickup-multi-agent-protocols.md	132	GATE	ref	RETIRED			
GATE-MAP-3	pickup-multi-agent-protocols.md	135	GATE	def				
GATE-006	pickup-multi-agent-protocols.md	135	GATE	ref				
GATE-MAP-4	pickup-multi-agent-protocols.md	136	GATE	def	RETIRED			
GATE-006	pickup-multi-agent-protocols.md	136	GATE	ref	RETIRED			
GATE-006	pickup-multi-agent-protocols.md	136	GATE	ref	RETIRED			
GATE-006	pickup-multi-agent-protocols.md	148	GATE	ref	Decl:load-bearing			
GATE-017	pickup-multi-agent-protocols.md	149	GATE	ref	Decl:load-bearing			
GATE-014	pickup-multi-agent-protocols.md	150	GATE	ref	Decl:universal			
GATE-015	pickup-multi-agent-protocols.md	151	GATE	ref	Decl:universal			
GATE-016	pickup-multi-agent-protocols.md	152	GATE	ref	Decl:universal			
GATE-018	pickup-multi-agent-protocols.md	153	GATE	ref	Decl:universal			
GATE-006	pickup-multi-agent-protocols.md	161	GATE	ref	Tier:T2			
GATE-MAP-4	pickup-multi-agent-protocols.md	161	GATE	ref	Tier:T2			
GATE-MAP-3	pickup-multi-agent-protocols.md	189	GATE	ref				
GATE-MAP-1	pickup-multi-agent-protocols.md	189	GATE	ref				
GATE-MAP-4	pickup-multi-agent-protocols.md	189	GATE	ref				
GATE-006	pickup-multi-agent-protocols.md	189	GATE	ref				
GATE-MAP-2	pickup-multi-agent-protocols.md	189	GATE	ref				
GATE-017	pickup-multi-agent-protocols.md	189	GATE	ref				
UNK-MAP-1	pickup-multi-agent-protocols.md	218	UNK	def	CONTESTED;Disposition:TARGETED			
CLAIM-MAP-12	pickup-multi-agent-protocols.md	218	CLAIM	ref	CONTESTED			
CLAIM-MAP-12	pickup-multi-agent-protocols.md	219	CLAIM	ref	Disposition:TARGETED;CONTESTED			
UNK-MAP-2	pickup-multi-agent-protocols.md	220	UNK	def	Disposition:TARGETED			
GATE-006	pickup-multi-agent-protocols.md	220	GATE	ref				
GATE-MAP-4	pickup-multi-agent-protocols.md	220	GATE	ref				
GATE-MAP-4	pickup-multi-agent-protocols.md	221	GATE	ref	Disposition:TARGETED			
UNK-MAP-3	pickup-multi-agent-protocols.md	222	UNK	def	Disposition:TARGETED			
UNK-MAP-4	pickup-multi-agent-protocols.md	224	UNK	def	Disposition:TARGETED			
UNK-MAP-5	pickup-multi-agent-protocols.md	226	UNK	def	Disposition:TARGETED			
UNK-MAP-6	pickup-multi-agent-protocols.md	228	UNK	def	Disposition:TARGETED			
GATE-MAP-3	pickup-multi-agent-protocols.md	228	GATE	ref				
REQ-OBS-001	pickup-observability.md	36	REQ	def				
REQ-OBS-002	pickup-observability.md	39	REQ	def				
REQ-OBS-003	pickup-observability.md	42	REQ	def				
REQ-OBS-004	pickup-observability.md	45	REQ	def				
REQ-OBS-005	pickup-observability.md	48	REQ	def				
REQ-OBS-006	pickup-observability.md	51	REQ	def				
REQ-CI-COST	pickup-observability.md	54	REQ	def				
GATE-007	pickup-observability.md	60	GATE	ref				
UNK-OBS-001	pickup-observability.md	98	UNK	ref				
CLAIM-OBS-001	pickup-observability.md	109	CLAIM	def	ADMISSIBLE;Tier:T0;Conf:High			
CLAIM-OBS-002	pickup-observability.md	110	CLAIM	def	ADMISSIBLE;Tier:T0;Conf:High			
CLAIM-OBS-003	pickup-observability.md	111	CLAIM	def	ADMISSIBLE;Tier:T0;Conf:High			
CLAIM-OBS-004	pickup-observability.md	112	CLAIM	def	CONTESTED;Tier:T0;Conf:Medium			
CLAIM-OBS-005	pickup-observability.md	113	CLAIM	def	ADMISSIBLE;Tier:T0;Conf:High			
CLAIM-OBS-006	pickup-observability.md	114	CLAIM	def	ADMISSIBLE;Tier:T0;Conf:High			
CLAIM-OBS-007	pickup-observability.md	115	CLAIM	def	ADMISSIBLE;Tier:T0;Conf:High			
CLAIM-OBS-008	pickup-observability.md	116	CLAIM	def	ADMISSIBLE;Tier:T0;Conf:High			
CLAIM-OBS-009	pickup-observability.md	117	CLAIM	def	ADMISSIBLE;Tier:T0;Conf:High			
CLAIM-OBS-010	pickup-observability.md	118	CLAIM	def	ADMISSIBLE;Tier:T0;Conf:High			
CLAIM-OBS-011	pickup-observability.md	119	CLAIM	def	ADMISSIBLE;Tier:T0;Conf:High			
CLAIM-OBS-012	pickup-observability.md	120	CLAIM	def	ADMISSIBLE;Tier:T0;Conf:High			
CLAIM-OBS-013	pickup-observability.md	121	CLAIM	def	CONTESTED;Tier:T3;Conf:Low			
CLAIM-OBS-013	pickup-observability.md	123	CLAIM	ref	CONTESTED			
CLAIM-OBS-004-class	pickup-observability.md	145	CLAIM	ref				
GATE-OBS-SEMCONV	pickup-observability.md	158	GATE	def	RETIRED			
GATE-010	pickup-observability.md	158	GATE	ref	RETIRED			
GATE-010	pickup-observability.md	158	GATE	ref	RETIRED			
GATE-OBS-INGEST	pickup-observability.md	159	GATE	def				
GATE-OBS-COMPLETE	pickup-observability.md	164	GATE	def	RETIRED			
GATE-010	pickup-observability.md	164	GATE	ref	RETIRED			
GATE-010	pickup-observability.md	164	GATE	ref	RETIRED			
GATE-OBS-PRICE	pickup-observability.md	165	GATE	def				
GATE-OBS-INGEST	pickup-observability.md	169	GATE	ref				
GATE-OBS-PRICE	pickup-observability.md	169	GATE	ref				
GATE-OBS-SEMCONV	pickup-observability.md	169	GATE	ref				
GATE-OBS-COMPLETE	pickup-observability.md	170	GATE	ref				
GATE-010	pickup-observability.md	170	GATE	ref				
GATE-010	pickup-observability.md	177	GATE	ref	Decl:load-bearing			
GATE-OBS-SEMCONV	pickup-observability.md	177	GATE	ref	Decl:load-bearing			
GATE-014	pickup-observability.md	178	GATE	ref	Decl:universal			
GATE-015	pickup-observability.md	179	GATE	ref	Decl:universal			
GATE-016	pickup-observability.md	180	GATE	ref	Decl:universal			
GATE-018	pickup-observability.md	181	GATE	ref	Decl:advisory			
GATE-OBS-INGEST	pickup-observability.md	182	GATE	ref	Decl:load-bearing			
GATE-OBS-PRICE	pickup-observability.md	183	GATE	ref	Tier:T3;Decl:load-bearing			
CLAIM-OBS-001	pickup-observability.md	196	CLAIM	ref				
GATE-010	pickup-observability.md	205	GATE	ref	Tier:T0			
CLAIM-OBS-005	pickup-observability.md	208	CLAIM	ref				
GATE-OBS-PRICE	pickup-observability.md	288	GATE	ref				
CLAIM-OBS-009	pickup-observability.md	290	CLAIM	ref				
UNK-OBS-001	pickup-observability.md	334	UNK	def	Disposition:TARGETED			
GATE-010	pickup-observability.md	335	GATE	ref				
GATE-010	pickup-observability.md	337	GATE	ref	Disposition:TARGETED;Tier:T2			
UNK-OBS-002	pickup-observability.md	338	UNK	def	Disposition:TARGETED			
UNK-OBS-003	pickup-observability.md	343	UNK	def	Disposition:TARGETED			
UNK-OBS-004	pickup-observability.md	348	UNK	def	Disposition:TARGETED			
GATE-OBS-PRICE	pickup-observability.md	349	GATE	ref				
UNK-OBS-005	pickup-observability.md	353	UNK	def	Disposition:TARGETED			
CLAIM-OBS-013	pickup-observability.md	354	CLAIM	ref				
GATE-010	pickup-observability.md	360	GATE	ref				
REQ-1	pickup-quantization.md	33	REQ	def				
REQ-2	pickup-quantization.md	36	REQ	def				
REQ-3	pickup-quantization.md	40	REQ	def				
REQ-4	pickup-quantization.md	43	REQ	def				
REQ-5	pickup-quantization.md	47	REQ	def				
REQ-6	pickup-quantization.md	51	REQ	def				
REQ-CI-COST	pickup-quantization.md	56	REQ	def				
GATE-007	pickup-quantization.md	62	GATE	ref				
UNK-1	pickup-quantization.md	83	UNK	ref				
CLAIM-1	pickup-quantization.md	108	CLAIM	def	ADMISSIBLE;Tier:T0;Conf:High			
CLAIM-2	pickup-quantization.md	109	CLAIM	def	ADMISSIBLE;Tier:T0;Conf:High			
CLAIM-3	pickup-quantization.md	110	CLAIM	def	ADMISSIBLE;Tier:T0;Conf:High			
CLAIM-4	pickup-quantization.md	111	CLAIM	def	ADMISSIBLE;Tier:T0;Conf:High			
CLAIM-5	pickup-quantization.md	112	CLAIM	def	ADMISSIBLE;Tier:T0;Conf:High			
CLAIM-6	pickup-quantization.md	113	CLAIM	def	ADMISSIBLE;Tier:T0;Conf:High			
CLAIM-7	pickup-quantization.md	114	CLAIM	def	ADMISSIBLE;Tier:T0;Conf:High			
CLAIM-8	pickup-quantization.md	115	CLAIM	def	CONTESTED;Tier:T3;Conf:Low			
CLAIM-9	pickup-quantization.md	116	CLAIM	def	ADMISSIBLE;Tier:T0;Conf:High			
CLAIM-10	pickup-quantization.md	117	CLAIM	def	ADMISSIBLE;CONTESTED;Tier:T3;Conf:Low			
CLAIM-11	pickup-quantization.md	118	CLAIM	def	CONTESTED;Tier:T0;Conf:Medium			
CLAIM-12	pickup-quantization.md	119	CLAIM	def	CONTESTED;Tier:T3;Conf:Low			
CLAIM-10	pickup-quantization.md	121	CLAIM	ref	CONTESTED			
CLAIM-12	pickup-quantization.md	122	CLAIM	ref				
UNK-3	pickup-quantization.md	130	UNK	ref				
GATE-002	pickup-quantization.md	183	GATE	ref	Decl:load-bearing			
GATE-003	pickup-quantization.md	184	GATE	ref	Decl:load-bearing			
GATE-014	pickup-quantization.md	185	GATE	ref	Decl:universal			
GATE-015	pickup-quantization.md	186	GATE	ref	Decl:universal			
GATE-016	pickup-quantization.md	187	GATE	ref	Decl:load-bearing			
GATE-018	pickup-quantization.md	188	GATE	ref	Decl:advisory			
UNK-1	pickup-quantization.md	354	UNK	def				
UNK-2	pickup-quantization.md	360	UNK	def	Disposition:TARGETED			
UNK-3	pickup-quantization.md	365	UNK	def	Disposition:RESOLVED			
UNK-4	pickup-quantization.md	370	UNK	def				
UNK-5	pickup-quantization.md	376	UNK	def	Disposition:ADVISORY			
REQ-1	pickup-rag-frameworks.md	40	REQ	def				
REQ-2	pickup-rag-frameworks.md	43	REQ	def				
REQ-3	pickup-rag-frameworks.md	46	REQ	def				
REQ-4	pickup-rag-frameworks.md	49	REQ	def				
REQ-5	pickup-rag-frameworks.md	54	REQ	def				
REQ-6	pickup-rag-frameworks.md	57	REQ	def				
REQ-CI-COST	pickup-rag-frameworks.md	61	REQ	def				
GATE-007	pickup-rag-frameworks.md	67	GATE	ref				
UNK-1	pickup-rag-frameworks.md	98	UNK	ref				
UNK-1	pickup-rag-frameworks.md	118	UNK	def				
UNK-1	pickup-rag-frameworks.md	118	UNK	def				
UNK-2	pickup-rag-frameworks.md	119	UNK	def				
UNK-2	pickup-rag-frameworks.md	119	UNK	def				
UNK-3	pickup-rag-frameworks.md	120	UNK	def				
UNK-3	pickup-rag-frameworks.md	120	UNK	def				
CLAIM-1	pickup-rag-frameworks.md	131	CLAIM	def	ADMISSIBLE;Tier:T0;Conf:High			
CLAIM-2	pickup-rag-frameworks.md	132	CLAIM	def	ADMISSIBLE;Tier:T0;Conf:High			
CLAIM-3	pickup-rag-frameworks.md	133	CLAIM	def	ADMISSIBLE;Tier:T0;Conf:High;Decl:load-bearing			
CLAIM-4	pickup-rag-frameworks.md	134	CLAIM	def	CONTESTED;Tier:T2;Conf:Low			
CLAIM-5	pickup-rag-frameworks.md	135	CLAIM	def	ADMISSIBLE;Tier:T0;Conf:High			
CLAIM-6	pickup-rag-frameworks.md	136	CLAIM	def	ADMISSIBLE;Tier:T0;Conf:High			
CLAIM-7	pickup-rag-frameworks.md	137	CLAIM	def	ADMISSIBLE;Tier:T0;Conf:High			
CLAIM-8	pickup-rag-frameworks.md	138	CLAIM	def	ADMISSIBLE;Tier:T0;Conf:High			
CLAIM-9	pickup-rag-frameworks.md	139	CLAIM	def	ADMISSIBLE;Tier:T0;Conf:High			
CLAIM-10	pickup-rag-frameworks.md	140	CLAIM	def	ADMISSIBLE;Tier:T0;Conf:High			
CLAIM-11	pickup-rag-frameworks.md	141	CLAIM	def	ADMISSIBLE;Tier:T0;Conf:High			
CLAIM-12	pickup-rag-frameworks.md	142	CLAIM	def	ADMISSIBLE;Tier:T0;Conf:High			
CLAIM-13	pickup-rag-frameworks.md	143	CLAIM	def	Tier:T3			
CLAIM-14	pickup-rag-frameworks.md	144	CLAIM	def	ADMISSIBLE;Tier:T0;Conf:High			
CLAIM-4	pickup-rag-frameworks.md	146	CLAIM	ref	CONTESTED			
UNK-2	pickup-rag-frameworks.md	148	UNK	ref				
CLAIM-13	pickup-rag-frameworks.md	148	CLAIM	ref				
GATE-RAG-1	pickup-rag-frameworks.md	183	GATE	def				
GATE-RAG-2	pickup-rag-frameworks.md	191	GATE	def				
GATE-RAG-3	pickup-rag-frameworks.md	198	GATE	def				
GATE-RAG-4	pickup-rag-frameworks.md	202	GATE	def				
GATE-002	pickup-rag-frameworks.md	214	GATE	ref	Decl:advisory			
REQ-4	pickup-rag-frameworks.md	214	REQ	ref	Decl:advisory			
REQ-6	pickup-rag-frameworks.md	214	REQ	ref	Decl:advisory			
GATE-009	pickup-rag-frameworks.md	215	GATE	ref	Decl:load-bearing			
REQ-1	pickup-rag-frameworks.md	215	REQ	ref	Decl:load-bearing			
REQ-4	pickup-rag-frameworks.md	215	REQ	ref	Decl:load-bearing			
GATE-014	pickup-rag-frameworks.md	216	GATE	ref	Decl:universal			
REQ-2	pickup-rag-frameworks.md	216	REQ	ref	Decl:universal			
GATE-RAG-3	pickup-rag-frameworks.md	216	GATE	ref	Decl:universal			
GATE-015	pickup-rag-frameworks.md	217	GATE	ref	Decl:universal			
REQ-3	pickup-rag-frameworks.md	217	REQ	ref	Decl:universal			
GATE-016	pickup-rag-frameworks.md	218	GATE	ref	Decl:universal			
GATE-018	pickup-rag-frameworks.md	219	GATE	ref	Decl:universal			
GATE-RAG-4	pickup-rag-frameworks.md	237	GATE	ref				
CLAIM-13	pickup-rag-frameworks.md	239	CLAIM	ref				
UNK-2	pickup-rag-frameworks.md	242	UNK	ref	Tier:T2			
GATE-RAG-3	pickup-rag-frameworks.md	271	GATE	ref				
GATE-RAG-1	pickup-rag-frameworks.md	288	GATE	ref				
GATE-RAG-2	pickup-rag-frameworks.md	289	GATE	ref				
GATE-RAG-3	pickup-rag-frameworks.md	289	GATE	ref				
GATE-RAG-4	pickup-rag-frameworks.md	290	GATE	ref				
GATE-RAG-3	pickup-rag-frameworks.md	295	GATE	ref				
GATE-RAG-1	pickup-rag-frameworks.md	308	GATE	ref				
UNK-1	pickup-rag-frameworks.md	356	UNK	def	Disposition:RESOLVED			
UNK-2	pickup-rag-frameworks.md	361	UNK	def	Disposition:RESOLVED			
GATE-RAG-1	pickup-rag-frameworks.md	364	GATE	ref				
GATE-RAG-1	pickup-rag-frameworks.md	365	GATE	ref	Disposition:RESOLVED;Tier:T2			
GATE-RAG-1	pickup-rag-frameworks.md	365	GATE	ref	Disposition:RESOLVED;Tier:T2			
GATE-RAG-4	pickup-rag-frameworks.md	365	GATE	ref	Disposition:RESOLVED;Tier:T2			
UNK-3	pickup-rag-frameworks.md	366	UNK	def	Disposition:TARGETED			
UNK-4	pickup-rag-frameworks.md	371	UNK	def	Disposition:TARGETED			
GATE-RAG-3	pickup-rag-frameworks.md	373	GATE	ref				
UNK-5	pickup-rag-frameworks.md	375	UNK	def	Disposition:TARGETED			
REQ-1	pickup-rl-envs.md	18	REQ	def				
REQ-2	pickup-rl-envs.md	19	REQ	def				
REQ-3	pickup-rl-envs.md	20	REQ	def				
REQ-4	pickup-rl-envs.md	21	REQ	def				
REQ-5	pickup-rl-envs.md	22	REQ	def				
REQ-CI-COST	pickup-rl-envs.md	24	REQ	def				
GATE-007	pickup-rl-envs.md	30	GATE	ref				
UNK-1	pickup-rl-envs.md	48	UNK	def				
UNK-1	pickup-rl-envs.md	48	UNK	def				
UNK-2	pickup-rl-envs.md	49	UNK	def				
UNK-2	pickup-rl-envs.md	49	UNK	def				
CLAIM-1	pickup-rl-envs.md	55	CLAIM	def	ADMISSIBLE;Tier:T0;Conf:High;Decl:universal			
CLAIM-2	pickup-rl-envs.md	56	CLAIM	def	ADMISSIBLE;Tier:T0;Conf:High			
CLAIM-3	pickup-rl-envs.md	57	CLAIM	def	ADMISSIBLE;Tier:T0;Conf:High			
CLAIM-4	pickup-rl-envs.md	58	CLAIM	def	ADMISSIBLE;Tier:T0;Conf:High			
CLAIM-5	pickup-rl-envs.md	59	CLAIM	def	ADMISSIBLE;Tier:T0;Conf:High			
CLAIM-6	pickup-rl-envs.md	60	CLAIM	def	ADMISSIBLE;Tier:T0;Conf:High			
CLAIM-7	pickup-rl-envs.md	61	CLAIM	def	ADMISSIBLE;Tier:T0;Conf:High			
CLAIM-8	pickup-rl-envs.md	62	CLAIM	def	CONTESTED;Tier:T0;Conf:Medium			
CLAIM-9	pickup-rl-envs.md	63	CLAIM	def	ADMISSIBLE;Tier:T3;Conf:Low			
CLAIM-10	pickup-rl-envs.md	64	CLAIM	def	CONTESTED;Tier:T0;Conf:Medium			
CLAIM-11	pickup-rl-envs.md	65	CLAIM	def	ADMISSIBLE;Tier:T0;Conf:High			
CLAIM-12	pickup-rl-envs.md	66	CLAIM	def	ADMISSIBLE;Tier:T0;Conf:High			
REQ-5	pickup-rl-envs.md	72	REQ	ref	Decl:load-bearing;Decl:advisory			
GATE-RL-01	pickup-rl-envs.md	78	GATE	def				
GATE-RL-02	pickup-rl-envs.md	79	GATE	def	RETIRED			
GATE-012	pickup-rl-envs.md	79	GATE	ref	RETIRED			
GATE-012	pickup-rl-envs.md	79	GATE	ref	RETIRED			
GATE-RL-03	pickup-rl-envs.md	80	GATE	def				
GATE-RL-04	pickup-rl-envs.md	81	GATE	def				
CLAIM-8	pickup-rl-envs.md	81	CLAIM	ref				
UNK-2	pickup-rl-envs.md	81	UNK	ref				
GATE-002	pickup-rl-envs.md	87	GATE	ref	Decl:load-bearing			
REQ-2	pickup-rl-envs.md	87	REQ	ref	Decl:load-bearing			
GATE-012	pickup-rl-envs.md	88	GATE	ref	Decl:load-bearing			
GATE-RL-02	pickup-rl-envs.md	88	GATE	ref	Decl:load-bearing			
GATE-RL-03	pickup-rl-envs.md	88	GATE	ref	Decl:load-bearing			
REQ-4	pickup-rl-envs.md	88	REQ	ref	Decl:load-bearing			
GATE-014	pickup-rl-envs.md	89	GATE	ref	Decl:universal			
GATE-015	pickup-rl-envs.md	90	GATE	ref	Decl:universal			
REQ-4	pickup-rl-envs.md	90	REQ	ref	Decl:universal			
GATE-016	pickup-rl-envs.md	91	GATE	ref	Decl:universal			
GATE-018	pickup-rl-envs.md	92	GATE	ref	Decl:universal			
GATE-RL-04	pickup-rl-envs.md	104	GATE	ref	Tier:T3			
UNK-4	pickup-rl-envs.md	115	UNK	ref				
GATE-RL-04	pickup-rl-envs.md	126	GATE	ref				
GATE-RL-01	pickup-rl-envs.md	129	GATE	ref				
GATE-RL-04	pickup-rl-envs.md	129	GATE	ref				
CLAIM-8	pickup-rl-envs.md	144	CLAIM	ref				
GATE-RL-04	pickup-rl-envs.md	144	GATE	ref				
UNK-2	pickup-rl-envs.md	144	UNK	ref				
UNK-1	pickup-rl-envs.md	148	UNK	def	Disposition:TARGETED			
UNK-2	pickup-rl-envs.md	150	UNK	def	Disposition:TARGETED			
UNK-3	pickup-rl-envs.md	152	UNK	def	Decl:load-bearing;Disposition:TARGETED			
UNK-4	pickup-rl-envs.md	154	UNK	def	Disposition:TARGETED			
UNK-5	pickup-rl-envs.md	156	UNK	def	Disposition:RESOLVED			
REQ-1	pickup-sandbox-exec.md	37	REQ	def				
REQ-2	pickup-sandbox-exec.md	41	REQ	def				
GATE-007	pickup-sandbox-exec.md	46	GATE	ref				
REQ-3	pickup-sandbox-exec.md	51	REQ	def				
REQ-4	pickup-sandbox-exec.md	55	REQ	def				
REQ-5	pickup-sandbox-exec.md	58	REQ	def				
REQ-6	pickup-sandbox-exec.md	61	REQ	def				
REQ-CI-COST	pickup-sandbox-exec.md	66	REQ	def				
GATE-007	pickup-sandbox-exec.md	72	GATE	ref				
UNK-4	pickup-sandbox-exec.md	89	UNK	ref				
CLAIM-10	pickup-sandbox-exec.md	89	CLAIM	ref				
UNK-3	pickup-sandbox-exec.md	112	UNK	ref				
REQ-6	pickup-sandbox-exec.md	116	REQ	ref				
UNK-1	pickup-sandbox-exec.md	118	UNK	ref				
UNK-2	pickup-sandbox-exec.md	121	UNK	ref				
UNK-1	pickup-sandbox-exec.md	122	UNK	ref	Disposition:TARGETED			
GATE-007	pickup-sandbox-exec.md	122	GATE	ref	Disposition:TARGETED			
CLAIM-1	pickup-sandbox-exec.md	131	CLAIM	def	ADMISSIBLE;Tier:T0;Conf:High			
CLAIM-2	pickup-sandbox-exec.md	132	CLAIM	def	ADMISSIBLE;Tier:T0;Conf:High			
CLAIM-3	pickup-sandbox-exec.md	133	CLAIM	def	ADMISSIBLE;Tier:T0;Conf:High			
CLAIM-4	pickup-sandbox-exec.md	134	CLAIM	def	ADMISSIBLE;Tier:T0;Conf:High			
CLAIM-5	pickup-sandbox-exec.md	135	CLAIM	def	ADMISSIBLE;Tier:T0;Conf:High			
CLAIM-6	pickup-sandbox-exec.md	136	CLAIM	def	ADMISSIBLE;Tier:T0;Conf:High			
CLAIM-7	pickup-sandbox-exec.md	137	CLAIM	def	ADMISSIBLE;Tier:T0;Conf:High			
CLAIM-8	pickup-sandbox-exec.md	138	CLAIM	def	ADMISSIBLE;Tier:T0;Conf:High			
REQ-1	pickup-sandbox-exec.md	138	REQ	ref	ADMISSIBLE;Tier:T0;Conf:High			
CLAIM-9	pickup-sandbox-exec.md	139	CLAIM	def	CONTESTED;Tier:T0;Conf:Medium			
CLAIM-10	pickup-sandbox-exec.md	140	CLAIM	def	Tier:T0			
CLAIM-11	pickup-sandbox-exec.md	141	CLAIM	def	ADMISSIBLE;Tier:T0;Conf:High			
CLAIM-12	pickup-sandbox-exec.md	142	CLAIM	def	CONTESTED;Tier:T3;Conf:Low			
CLAIM-9	pickup-sandbox-exec.md	144	CLAIM	ref	CONTESTED			
CLAIM-1	pickup-sandbox-exec.md	144	CLAIM	ref	CONTESTED			
REQ-1	pickup-sandbox-exec.md	168	REQ	ref				
GATE-SB-1	pickup-sandbox-exec.md	198	GATE	def	RETIRED			
GATE-007	pickup-sandbox-exec.md	198	GATE	ref	RETIRED			
GATE-007	pickup-sandbox-exec.md	199	GATE	ref				
REQ-1	pickup-sandbox-exec.md	203	REQ	ref				
GATE-SB-2	pickup-sandbox-exec.md	205	GATE	def				
GATE-SB-3	pickup-sandbox-exec.md	210	GATE	def				
GATE-SB-4	pickup-sandbox-exec.md	215	GATE	def	RETIRED			
GATE-007	pickup-sandbox-exec.md	215	GATE	ref	RETIRED			
GATE-007	pickup-sandbox-exec.md	215	GATE	ref	RETIRED			
GATE-002	pickup-sandbox-exec.md	221	GATE	ref	Decl:advisory			
GATE-007	pickup-sandbox-exec.md	222	GATE	ref	Decl:load-bearing			
REQ-2	pickup-sandbox-exec.md	222	REQ	ref	Decl:load-bearing			
REQ-4	pickup-sandbox-exec.md	222	REQ	ref	Decl:load-bearing			
GATE-SB-1	pickup-sandbox-exec.md	222	GATE	ref	Decl:load-bearing			
GATE-014	pickup-sandbox-exec.md	223	GATE	ref	Decl:universal			
REQ-5	pickup-sandbox-exec.md	223	REQ	ref	Decl:universal			
GATE-015	pickup-sandbox-exec.md	224	GATE	ref	Decl:universal			
REQ-5	pickup-sandbox-exec.md	224	REQ	ref	Decl:universal			
GATE-016	pickup-sandbox-exec.md	225	GATE	ref	Decl:universal			
GATE-018	pickup-sandbox-exec.md	226	GATE	ref	Decl:universal			
GATE-007	pickup-sandbox-exec.md	323	GATE	ref				
GATE-SB-2	pickup-sandbox-exec.md	324	GATE	ref				
GATE-SB-1	pickup-sandbox-exec.md	324	GATE	ref				
GATE-SB-4	pickup-sandbox-exec.md	324	GATE	ref				
GATE-007	pickup-sandbox-exec.md	324	GATE	ref				
UNK-1	pickup-sandbox-exec.md	372	UNK	def	Disposition:TARGETED			
GATE-007	pickup-sandbox-exec.md	374	GATE	ref				
GATE-007	pickup-sandbox-exec.md	376	GATE	ref	Disposition:TARGETED			
UNK-2	pickup-sandbox-exec.md	377	UNK	def	Disposition:TARGETED			
UNK-3	pickup-sandbox-exec.md	382	UNK	def	Disposition:TARGETED			
UNK-4	pickup-sandbox-exec.md	386	UNK	def	Disposition:TARGETED			
UNK-5	pickup-sandbox-exec.md	390	UNK	def	Disposition:TARGETED			
UNK-6	pickup-sandbox-exec.md	395	UNK	def	Disposition:TARGETED			
GATE-SB-NN	pickup-sandbox-exec.md	399	GATE	ref	Disposition:TARGETED			
UNK-7	pickup-sandbox-exec.md	400	UNK	def	Disposition:ADVISORY			
REQ-1	pickup-structured-output.md	41	REQ	def				
REQ-2	pickup-structured-output.md	43	REQ	def				
REQ-3	pickup-structured-output.md	46	REQ	def				
REQ-4	pickup-structured-output.md	49	REQ	def				
REQ-5	pickup-structured-output.md	52	REQ	def				
REQ-6	pickup-structured-output.md	54	REQ	def				
REQ-CI-COST	pickup-structured-output.md	60	REQ	def				
GATE-007	pickup-structured-output.md	66	GATE	ref				
UNK-1	pickup-structured-output.md	103	UNK	ref				
CLAIM-1	pickup-structured-output.md	117	CLAIM	def	ADMISSIBLE;Tier:T0;Conf:High			
CLAIM-2	pickup-structured-output.md	118	CLAIM	def	ADMISSIBLE;Tier:T0;Conf:High			
CLAIM-3	pickup-structured-output.md	119	CLAIM	def	ADMISSIBLE;Tier:T0;Conf:High			
CLAIM-4	pickup-structured-output.md	120	CLAIM	def	ADMISSIBLE;Tier:T0;Conf:High			
CLAIM-5	pickup-structured-output.md	121	CLAIM	def	ADMISSIBLE;Tier:T0;Conf:High			
CLAIM-6	pickup-structured-output.md	122	CLAIM	def	ADMISSIBLE;Tier:T0;Conf:High			
CLAIM-7	pickup-structured-output.md	123	CLAIM	def	ADMISSIBLE;Tier:T0;Conf:High			
CLAIM-8	pickup-structured-output.md	124	CLAIM	def	ADMISSIBLE;Tier:T0;Conf:High			
CLAIM-9	pickup-structured-output.md	125	CLAIM	def	ADMISSIBLE;Tier:T0;Conf:High			
CLAIM-10	pickup-structured-output.md	126	CLAIM	def	ADMISSIBLE;Tier:T0;Conf:High			
CLAIM-11	pickup-structured-output.md	127	CLAIM	def	ADMISSIBLE;Tier:T0;Conf:High			
CLAIM-12	pickup-structured-output.md	128	CLAIM	def	ADMISSIBLE;Tier:T0;Conf:High			
CLAIM-13	pickup-structured-output.md	129	CLAIM	def	ADMISSIBLE;Tier:T0;Conf:High			
CLAIM-14	pickup-structured-output.md	130	CLAIM	def	ADMISSIBLE;Tier:T0;Conf:High			
CLAIM-15	pickup-structured-output.md	131	CLAIM	def	ADMISSIBLE;Tier:T0;Conf:High			
CLAIM-13	pickup-structured-output.md	175	CLAIM	ref				
GATE-SO-1	pickup-structured-output.md	184	GATE	def				
GATE-SO-2	pickup-structured-output.md	189	GATE	def	RETIRED			
GATE-004	pickup-structured-output.md	189	GATE	ref	RETIRED			
GATE-004	pickup-structured-output.md	189	GATE	ref	RETIRED			
GATE-SO-3	pickup-structured-output.md	190	GATE	def	RETIRED			
GATE-004	pickup-structured-output.md	190	GATE	ref	RETIRED			
GATE-004	pickup-structured-output.md	190	GATE	ref	RETIRED			
GATE-SO-4	pickup-structured-output.md	191	GATE	def				
CLAIM-13	pickup-structured-output.md	194	CLAIM	ref				
GATE-SO-1	pickup-structured-output.md	281	GATE	ref				
GATE-SO-4	pickup-structured-output.md	281	GATE	ref				
GATE-SO-2	pickup-structured-output.md	281	GATE	ref				
GATE-SO-3	pickup-structured-output.md	281	GATE	ref				
GATE-004	pickup-structured-output.md	282	GATE	ref				
GATE-SO-1	pickup-structured-output.md	290	GATE	ref	Decl:load-bearing;Decl:advisory			
GATE-004	pickup-structured-output.md	291	GATE	ref				
GATE-SO-4	pickup-structured-output.md	294	GATE	ref				
GATE-004	pickup-structured-output.md	301	GATE	ref	Decl:load-bearing			
GATE-014	pickup-structured-output.md	302	GATE	ref	Decl:universal			
GATE-015	pickup-structured-output.md	303	GATE	ref	Decl:universal			
GATE-016	pickup-structured-output.md	304	GATE	ref	Decl:universal			
GATE-017	pickup-structured-output.md	305	GATE	ref	Decl:advisory;Decl:load-bearing			
GATE-018	pickup-structured-output.md	306	GATE	ref	Decl:advisory			
UNK-1	pickup-structured-output.md	344	UNK	ref				
UNK-1	pickup-structured-output.md	351	UNK	def	Disposition:TARGETED			
UNK-2	pickup-structured-output.md	356	UNK	def	Disposition:TARGETED			
UNK-3	pickup-structured-output.md	364	UNK	def	Disposition:TARGETED			
UNK-4	pickup-structured-output.md	368	UNK	def	Disposition:TARGETED			
UNK-5	pickup-structured-output.md	372	UNK	def	Disposition:ADVISORY			
REQ-VDB-01	pickup-vector-dbs.md	41	REQ	def				
REQ-VDB-02	pickup-vector-dbs.md	44	REQ	def				
REQ-VDB-03	pickup-vector-dbs.md	47	REQ	def				
REQ-VDB-04	pickup-vector-dbs.md	50	REQ	def				
REQ-VDB-05	pickup-vector-dbs.md	53	REQ	def				
REQ-VDB-06	pickup-vector-dbs.md	57	REQ	def				
REQ-CI-COST	pickup-vector-dbs.md	61	REQ	def				
GATE-007	pickup-vector-dbs.md	67	GATE	ref				
UNK-VDB-01	pickup-vector-dbs.md	88	UNK	ref				
UNK-VDB-01	pickup-vector-dbs.md	101	UNK	ref				
UNK-VDB-05	pickup-vector-dbs.md	101	UNK	ref				
CLAIM-VDB-01	pickup-vector-dbs.md	112	CLAIM	def	ADMISSIBLE;Tier:T0;Conf:High			
CLAIM-VDB-02	pickup-vector-dbs.md	113	CLAIM	def	ADMISSIBLE;Tier:T0;Conf:High			
CLAIM-VDB-03	pickup-vector-dbs.md	114	CLAIM	def	ADMISSIBLE;Tier:T0;Conf:High			
CLAIM-VDB-04	pickup-vector-dbs.md	115	CLAIM	def	CONTESTED;Tier:T2;Conf:Low			
CLAIM-VDB-05	pickup-vector-dbs.md	116	CLAIM	def	ADMISSIBLE;Tier:T0;Conf:High			
CLAIM-VDB-06	pickup-vector-dbs.md	117	CLAIM	def	ADMISSIBLE;Tier:T0;Conf:High			
CLAIM-VDB-07	pickup-vector-dbs.md	118	CLAIM	def	ADMISSIBLE;Tier:T0;Conf:High			
CLAIM-VDB-08	pickup-vector-dbs.md	119	CLAIM	def	ADMISSIBLE;Tier:T0;Conf:High			
CLAIM-VDB-09	pickup-vector-dbs.md	120	CLAIM	def	ADMISSIBLE;Tier:T0;Conf:High			
CLAIM-VDB-10	pickup-vector-dbs.md	121	CLAIM	def	ADMISSIBLE;Tier:T0;Conf:High			
CLAIM-VDB-11	pickup-vector-dbs.md	122	CLAIM	def	ADMISSIBLE;Tier:T0;Conf:High			
CLAIM-VDB-12	pickup-vector-dbs.md	123	CLAIM	def	ADMISSIBLE;Tier:T0;Conf:High			
CLAIM-VDB-13	pickup-vector-dbs.md	124	CLAIM	def	ADMISSIBLE;Tier:T0;Conf:High			
CLAIM-VDB-14	pickup-vector-dbs.md	125	CLAIM	def	ADMISSIBLE;Tier:T0;Conf:High			
REQ-VDB-05	pickup-vector-dbs.md	135	REQ	ref				
GATE-VDB-01	pickup-vector-dbs.md	157	GATE	def	RETIRED			
GATE-009	pickup-vector-dbs.md	157	GATE	ref	RETIRED			
GATE-009	pickup-vector-dbs.md	158	GATE	ref				
GATE-VDB-02	pickup-vector-dbs.md	163	GATE	def				
GATE-VDB-03	pickup-vector-dbs.md	167	GATE	def				
GATE-VDB-04	pickup-vector-dbs.md	172	GATE	def				
GATE-002	pickup-vector-dbs.md	181	GATE	ref	Decl:advisory			
REQ-VDB-01	pickup-vector-dbs.md	181	REQ	ref	Decl:advisory			
REQ-VDB-05	pickup-vector-dbs.md	181	REQ	ref	Decl:advisory			
GATE-009	pickup-vector-dbs.md	182	GATE	ref	Decl:load-bearing			
REQ-VDB-02	pickup-vector-dbs.md	182	REQ	ref	Decl:load-bearing			
GATE-VDB-01	pickup-vector-dbs.md	182	GATE	ref	Decl:load-bearing			
GATE-014	pickup-vector-dbs.md	183	GATE	ref	Decl:universal			
GATE-015	pickup-vector-dbs.md	184	GATE	ref	Decl:universal			
GATE-016	pickup-vector-dbs.md	185	GATE	ref	Decl:universal			
GATE-018	pickup-vector-dbs.md	186	GATE	ref	Decl:universal			
REQ-VDB-06	pickup-vector-dbs.md	186	REQ	ref	Decl:universal			
GATE-009	pickup-vector-dbs.md	205	GATE	ref				
GATE-VDB-01	pickup-vector-dbs.md	205	GATE	ref				
GATE-VDB-02	pickup-vector-dbs.md	206	GATE	ref	Tier:T1			
GATE-VDB-03	pickup-vector-dbs.md	240	GATE	ref				
GATE-009	pickup-vector-dbs.md	263	GATE	ref				
CLAIM-VDB-13	pickup-vector-dbs.md	289	CLAIM	ref				
UNK-VDB-01	pickup-vector-dbs.md	347	UNK	def	Disposition:TARGETED			
REQ-VDB-01	pickup-vector-dbs.md	350	REQ	ref				
UNK-VDB-02	pickup-vector-dbs.md	352	UNK	def	Disposition:TARGETED			
GATE-VDB-02	pickup-vector-dbs.md	353	GATE	ref				
UNK-VDB-03	pickup-vector-dbs.md	357	UNK	def	Disposition:TARGETED			
UNK-VDB-04	pickup-vector-dbs.md	362	UNK	def				
UNK-VDB-05	pickup-vector-dbs.md	368	UNK	def	Disposition:TARGETED			
UNK-VDB-06	pickup-vector-dbs.md	373	UNK	def				
REQ-VA-1	pickup-voice-agents.md	43	REQ	def				
REQ-VA-2	pickup-voice-agents.md	46	REQ	def				
REQ-VA-3	pickup-voice-agents.md	49	REQ	def				
REQ-VA-4	pickup-voice-agents.md	54	REQ	def				
REQ-VA-5	pickup-voice-agents.md	56	REQ	def				
REQ-VA-6	pickup-voice-agents.md	59	REQ	def				
REQ-CI-COST	pickup-voice-agents.md	64	REQ	def				
GATE-007	pickup-voice-agents.md	70	GATE	ref				
UNK-VA-1	pickup-voice-agents.md	107	UNK	ref				
UNK-VA-2	pickup-voice-agents.md	111	UNK	ref				
CLAIM-VA-1	pickup-voice-agents.md	124	CLAIM	def	ADMISSIBLE;Tier:T0;Conf:High			
CLAIM-VA-2	pickup-voice-agents.md	125	CLAIM	def	ADMISSIBLE;Tier:T0;Conf:High			
CLAIM-VA-3	pickup-voice-agents.md	126	CLAIM	def	ADMISSIBLE;Tier:T0;Conf:High			
CLAIM-VA-4	pickup-voice-agents.md	127	CLAIM	def	ADMISSIBLE;Tier:T0;Conf:High			
CLAIM-VA-5	pickup-voice-agents.md	128	CLAIM	def	ADMISSIBLE;Tier:T0;Conf:High			
CLAIM-VA-6	pickup-voice-agents.md	129	CLAIM	def	ADMISSIBLE;Tier:T0;Conf:High			
CLAIM-VA-7	pickup-voice-agents.md	130	CLAIM	def	ADMISSIBLE;Tier:T0;Conf:High			
CLAIM-VA-8	pickup-voice-agents.md	131	CLAIM	def	ADMISSIBLE;Tier:T0;Conf:High			
CLAIM-VA-9	pickup-voice-agents.md	132	CLAIM	def	ADMISSIBLE;Tier:T0;Conf:High			
CLAIM-VA-10	pickup-voice-agents.md	133	CLAIM	def	ADMISSIBLE;Tier:T0;Conf:High			
CLAIM-VA-11	pickup-voice-agents.md	134	CLAIM	def	ADMISSIBLE;Tier:T0;Conf:High			
CLAIM-VA-12	pickup-voice-agents.md	135	CLAIM	def	ADMISSIBLE;Tier:T0;Conf:High			
CLAIM-VA-13	pickup-voice-agents.md	136	CLAIM	def	ADMISSIBLE;Tier:T0;Conf:High			
CLAIM-VA-14	pickup-voice-agents.md	137	CLAIM	def	CONTESTED;Tier:T3;Conf:Low			
CLAIM-VA-15	pickup-voice-agents.md	138	CLAIM	def	CONTESTED;Tier:T3;Conf:Low;Decl:load-bearing			
CLAIM-VA-14	pickup-voice-agents.md	140	CLAIM	ref	CONTESTED			
CLAIM-VA-15	pickup-voice-agents.md	142	CLAIM	ref	CONTESTED			
CLAIM-VA	pickup-voice-agents.md	156	CLAIM	ref				
UNK-VA-3	pickup-voice-agents.md	182	UNK	ref	Decl:advisory			
GATE-VA-1	pickup-voice-agents.md	192	GATE	def				
GATE-VA-2	pickup-voice-agents.md	197	GATE	def	RETIRED			
GATE-013	pickup-voice-agents.md	197	GATE	ref	RETIRED			
GATE-013	pickup-voice-agents.md	198	GATE	ref				
GATE-VA-3	pickup-voice-agents.md	203	GATE	def	RETIRED			
GATE-013	pickup-voice-agents.md	204	GATE	ref				
GATE-013	pickup-voice-agents.md	204	GATE	ref				
GATE-VA-4	pickup-voice-agents.md	209	GATE	def				
GATE-013	pickup-voice-agents.md	219	GATE	ref	Decl:load-bearing			
GATE-014	pickup-voice-agents.md	220	GATE	ref	Decl:universal			
GATE-015	pickup-voice-agents.md	221	GATE	ref	Decl:universal			
GATE-016	pickup-voice-agents.md	222	GATE	ref	Decl:universal			
GATE-018	pickup-voice-agents.md	223	GATE	ref	Decl:advisory			
GATE-VA-1	pickup-voice-agents.md	224	GATE	ref	Decl:load-bearing			
GATE-VA-4	pickup-voice-agents.md	225	GATE	ref	Decl:load-bearing			
GATE-013	pickup-voice-agents.md	265	GATE	ref				
UNK-VA-1	pickup-voice-agents.md	283	UNK	ref				
REQ-VA-2	pickup-voice-agents.md	353	REQ	ref				
REQ-VA-4	pickup-voice-agents.md	353	REQ	ref				
REQ-VA-3	pickup-voice-agents.md	357	REQ	ref				
GATE-013	pickup-voice-agents.md	357	GATE	ref				
CLAIM-VA-10	pickup-voice-agents.md	361	CLAIM	ref				
GATE-VA-1	pickup-voice-agents.md	362	GATE	ref				
GATE-VA-4	pickup-voice-agents.md	362	GATE	ref				
GATE-VA-2	pickup-voice-agents.md	365	GATE	ref				
GATE-013	pickup-voice-agents.md	366	GATE	ref				
GATE-VA-2	pickup-voice-agents.md	367	GATE	ref				
GATE-VA-3	pickup-voice-agents.md	369	GATE	ref				
GATE-VA-4	pickup-voice-agents.md	378	GATE	ref				
UNK-VA-1	pickup-voice-agents.md	410	UNK	def				
UNK-VA-2	pickup-voice-agents.md	417	UNK	def	Disposition:TARGETED			
UNK-VA-3	pickup-voice-agents.md	421	UNK	def				
UNK-VA-4	pickup-voice-agents.md	427	UNK	def	Disposition:TARGETED			
UNK-VA-5	pickup-voice-agents.md	432	UNK	def	Disposition:TARGETED			
REQ-SEARCH-01	pickup-web-search-apis.md	39	REQ	def				
REQ-SEARCH-02	pickup-web-search-apis.md	42	REQ	def				
REQ-SEARCH-03	pickup-web-search-apis.md	45	REQ	def				
GATE-010	pickup-web-search-apis.md	48	GATE	ref				
REQ-SEARCH-04	pickup-web-search-apis.md	51	REQ	def				
REQ-SEARCH-05	pickup-web-search-apis.md	54	REQ	def				
REQ-SEARCH-06	pickup-web-search-apis.md	56	REQ	def				
REQ-CI-COST	pickup-web-search-apis.md	60	REQ	def				
GATE-007	pickup-web-search-apis.md	66	GATE	ref				
REQ-SEARCH-06	pickup-web-search-apis.md	94	REQ	ref				
UNK-SEARCH-01	pickup-web-search-apis.md	107	UNK	ref				
CLAIM-SEARCH-01	pickup-web-search-apis.md	118	CLAIM	def	ADMISSIBLE;Tier:T0;Conf:High			
CLAIM-SEARCH-02	pickup-web-search-apis.md	119	CLAIM	def	ADMISSIBLE;Tier:T0;Conf:High			
CLAIM-SEARCH-03	pickup-web-search-apis.md	120	CLAIM	def	ADMISSIBLE;Tier:T0;Conf:High			
CLAIM-SEARCH-04	pickup-web-search-apis.md	121	CLAIM	def	ADMISSIBLE;Tier:T0;Conf:High			
CLAIM-SEARCH-05	pickup-web-search-apis.md	122	CLAIM	def	ADMISSIBLE;Tier:T1;Conf:Medium			
CLAIM-SEARCH-06	pickup-web-search-apis.md	123	CLAIM	def	ADMISSIBLE;Tier:T0;Conf:High			
CLAIM-SEARCH-07	pickup-web-search-apis.md	124	CLAIM	def	ADMISSIBLE;Tier:T0;Conf:High			
CLAIM-SEARCH-08	pickup-web-search-apis.md	125	CLAIM	def	ADMISSIBLE;Tier:T3;Conf:Low			
CLAIM-SEARCH-07	pickup-web-search-apis.md	125	CLAIM	ref	ADMISSIBLE;Tier:T3;Conf:Low			
CLAIM-SEARCH-09	pickup-web-search-apis.md	126	CLAIM	def	ADMISSIBLE;Tier:T0;Conf:High			
CLAIM-SEARCH-10	pickup-web-search-apis.md	127	CLAIM	def	ADMISSIBLE;Tier:T0;Conf:High			
CLAIM-SEARCH-11	pickup-web-search-apis.md	128	CLAIM	def	ADMISSIBLE;Tier:T0;Conf:High			
CLAIM-SEARCH-12	pickup-web-search-apis.md	129	CLAIM	def	ADMISSIBLE;Tier:T0;Conf:High			
CLAIM-SEARCH-13	pickup-web-search-apis.md	130	CLAIM	def	ADMISSIBLE;Tier:T0;Conf:High			
CLAIM-SEARCH-14	pickup-web-search-apis.md	131	CLAIM	def	ADMISSIBLE;Tier:T0;Conf:High			
CLAIM-SEARCH-08	pickup-web-search-apis.md	134	CLAIM	ref				
GATE-SEARCH-01	pickup-web-search-apis.md	173	GATE	def				
GATE-SEARCH-02	pickup-web-search-apis.md	177	GATE	def				
GATE-SEARCH-03	pickup-web-search-apis.md	181	GATE	def				
GATE-SEARCH-04	pickup-web-search-apis.md	185	GATE	def	RETIRED			
GATE-014	pickup-web-search-apis.md	185	GATE	ref	RETIRED			
GATE-014	pickup-web-search-apis.md	185	GATE	ref	RETIRED			
GATE-002	pickup-web-search-apis.md	191	GATE	ref	Decl:advisory			
GATE-009	pickup-web-search-apis.md	192	GATE	ref	Decl:advisory			
REQ-SEARCH-04	pickup-web-search-apis.md	192	REQ	ref	Decl:advisory			
GATE-010	pickup-web-search-apis.md	193	GATE	ref	Decl:advisory			
GATE-010	pickup-web-search-apis.md	193	GATE	ref	Decl:advisory			
REQ-SEARCH-03	pickup-web-search-apis.md	193	REQ	ref	Decl:advisory			
GATE-014	pickup-web-search-apis.md	194	GATE	ref	Decl:universal			
REQ-SEARCH-02	pickup-web-search-apis.md	194	REQ	ref	Decl:universal			
GATE-SEARCH-01	pickup-web-search-apis.md	194	GATE	ref	Decl:universal			
GATE-015	pickup-web-search-apis.md	195	GATE	ref	Decl:universal			
GATE-016	pickup-web-search-apis.md	196	GATE	ref	Decl:universal			
GATE-018	pickup-web-search-apis.md	197	GATE	ref	Decl:universal			
CLAIM-SEARCH-07	pickup-web-search-apis.md	206	CLAIM	ref				
REQ-SEARCH-06	pickup-web-search-apis.md	217	REQ	ref				
CLAIM-SEARCH-08	pickup-web-search-apis.md	217	CLAIM	ref				
GATE-SEARCH-01	pickup-web-search-apis.md	277	GATE	ref				
GATE-SEARCH-04	pickup-web-search-apis.md	278	GATE	ref				
GATE-014	pickup-web-search-apis.md	279	GATE	ref				
UNK-SEARCH-01	pickup-web-search-apis.md	341	UNK	def	Disposition:TARGETED			
UNK-SEARCH-02	pickup-web-search-apis.md	345	UNK	def	Disposition:TARGETED			
UNK-SEARCH-03	pickup-web-search-apis.md	349	UNK	def	Disposition:TARGETED			
UNK-SEARCH-04	pickup-web-search-apis.md	353	UNK	def	Disposition:TARGETED			
UNK-SEARCH-05	pickup-web-search-apis.md	357	UNK	def	Disposition:ADVISORY			
UNK-SEARCH-06	pickup-web-search-apis.md	361	UNK	def	Disposition:WATCH			
REQ-DW-1	pickup-workflow-orchestrators.md	38	REQ	def				
REQ-DW-2	pickup-workflow-orchestrators.md	40	REQ	def				
REQ-DW-3	pickup-workflow-orchestrators.md	42	REQ	def				
REQ-DW-4	pickup-workflow-orchestrators.md	44	REQ	def				
REQ-DW-5	pickup-workflow-orchestrators.md	46	REQ	def				
REQ-DW-6	pickup-workflow-orchestrators.md	50	REQ	def				
REQ-CI-COST	pickup-workflow-orchestrators.md	58	REQ	def				
GATE-007	pickup-workflow-orchestrators.md	64	GATE	ref				
UNK-DW-2	pickup-workflow-orchestrators.md	81	UNK	ref				
UNK-DW-1	pickup-workflow-orchestrators.md	99	UNK	def				
UNK-DW-1	pickup-workflow-orchestrators.md	99	UNK	def				
CLAIM-DW-1	pickup-workflow-orchestrators.md	110	CLAIM	def	ADMISSIBLE;Tier:T0;Conf:High			
CLAIM-DW-2	pickup-workflow-orchestrators.md	111	CLAIM	def	ADMISSIBLE;Tier:T0;Conf:High			
CLAIM-DW-3	pickup-workflow-orchestrators.md	112	CLAIM	def	ADMISSIBLE;Tier:T0;Conf:High			
CLAIM-DW-4	pickup-workflow-orchestrators.md	113	CLAIM	def	ADMISSIBLE;Tier:T0;Conf:High			
CLAIM-DW-5	pickup-workflow-orchestrators.md	114	CLAIM	def	ADMISSIBLE;Tier:T0;Conf:High			
CLAIM-DW-6	pickup-workflow-orchestrators.md	115	CLAIM	def	ADMISSIBLE;Tier:T0;Conf:High			
CLAIM-DW-7	pickup-workflow-orchestrators.md	116	CLAIM	def	ADMISSIBLE;Tier:T0;Conf:High			
CLAIM-DW-8	pickup-workflow-orchestrators.md	117	CLAIM	def	ADMISSIBLE;Tier:T0;Conf:High			
CLAIM-DW-9	pickup-workflow-orchestrators.md	118	CLAIM	def	ADMISSIBLE;Tier:T0;Conf:High			
CLAIM-DW-10	pickup-workflow-orchestrators.md	119	CLAIM	def	ADMISSIBLE;Tier:T0;Conf:High			
CLAIM-DW-11	pickup-workflow-orchestrators.md	120	CLAIM	def	ADMISSIBLE;Tier:T0;Conf:High			
CLAIM-DW-12	pickup-workflow-orchestrators.md	121	CLAIM	def	ADMISSIBLE;Tier:T3;Conf:Low			
CLAIM-DW-13	pickup-workflow-orchestrators.md	122	CLAIM	def	ADMISSIBLE;Tier:T0;Conf:High			
UNK-DW-2	pickup-workflow-orchestrators.md	122	UNK	ref	ADMISSIBLE;Tier:T0;Conf:High			
REQ-DW-5	pickup-workflow-orchestrators.md	134	REQ	ref				
CLAIM-DW	pickup-workflow-orchestrators.md	138	CLAIM	ref				
UNK-DW-2	pickup-workflow-orchestrators.md	155	UNK	ref				
GATE-DW-1	pickup-workflow-orchestrators.md	169	GATE	def	RETIRED			
GATE-005	pickup-workflow-orchestrators.md	169	GATE	ref	RETIRED			
GATE-005	pickup-workflow-orchestrators.md	169	GATE	ref	RETIRED			
GATE-DW-2	pickup-workflow-orchestrators.md	170	GATE	def				
GATE-DW-3	pickup-workflow-orchestrators.md	174	GATE	def				
GATE-DW-4	pickup-workflow-orchestrators.md	177	GATE	def	RETIRED			
GATE-005	pickup-workflow-orchestrators.md	177	GATE	ref	RETIRED			
GATE-005	pickup-workflow-orchestrators.md	178	GATE	ref				
GATE-005	pickup-workflow-orchestrators.md	179	GATE	ref				
GATE-DW-2	pickup-workflow-orchestrators.md	183	GATE	ref				
GATE-DW-1	pickup-workflow-orchestrators.md	183	GATE	ref				
GATE-DW-4	pickup-workflow-orchestrators.md	183	GATE	ref				
GATE-005	pickup-workflow-orchestrators.md	183	GATE	ref				
GATE-005	pickup-workflow-orchestrators.md	189	GATE	ref	Decl:load-bearing			
GATE-014	pickup-workflow-orchestrators.md	190	GATE	ref	Decl:universal			
GATE-015	pickup-workflow-orchestrators.md	191	GATE	ref	Decl:universal			
GATE-016	pickup-workflow-orchestrators.md	192	GATE	ref	Decl:universal			
GATE-017	pickup-workflow-orchestrators.md	193	GATE	ref	Decl:advisory			
GATE-018	pickup-workflow-orchestrators.md	194	GATE	ref	Decl:load-bearing			
CLAIM-DW-9	pickup-workflow-orchestrators.md	194	CLAIM	ref	Decl:load-bearing			
CLAIM-DW-1	pickup-workflow-orchestrators.md	207	CLAIM	ref				
CLAIM-DW-4	pickup-workflow-orchestrators.md	208	CLAIM	ref	Tier:T0			
CLAIM-DW-11	pickup-workflow-orchestrators.md	208	CLAIM	ref	Tier:T0			
CLAIM-DW-13	pickup-workflow-orchestrators.md	208	CLAIM	ref	Tier:T0			
UNK-DW-1	pickup-workflow-orchestrators.md	214	UNK	ref	Tier:T3			
REQ-DW-5	pickup-workflow-orchestrators.md	229	REQ	ref				
UNK-DW-4	pickup-workflow-orchestrators.md	243	UNK	ref				
UNK-DW-4	pickup-workflow-orchestrators.md	257	UNK	ref				
CLAIM-DW-11	pickup-workflow-orchestrators.md	282	CLAIM	ref				
GATE-DW-2	pickup-workflow-orchestrators.md	302	GATE	ref				
GATE-DW-1	pickup-workflow-orchestrators.md	303	GATE	ref				
GATE-DW-4	pickup-workflow-orchestrators.md	303	GATE	ref				
GATE-005	pickup-workflow-orchestrators.md	303	GATE	ref				
CLAIM-DW-13	pickup-workflow-orchestrators.md	339	CLAIM	ref				
UNK-DW-1	pickup-workflow-orchestrators.md	373	UNK	def				
UNK-DW-2	pickup-workflow-orchestrators.md	380	UNK	def	Disposition:TARGETED			
UNK-DW-3	pickup-workflow-orchestrators.md	384	UNK	def	Disposition:TARGETED			
UNK-DW-4	pickup-workflow-orchestrators.md	388	UNK	def	Disposition:TARGETED			
UNK-DW-5	pickup-workflow-orchestrators.md	392	UNK	def				
CLAIM-DW	pickup-workflow-orchestrators.md	396	CLAIM	ref				
GATE-DW-2	pickup-workflow-orchestrators.md	396	GATE	ref				
GATE-DW-1	pickup-workflow-orchestrators.md	396	GATE	ref				
GATE-005	pickup-workflow-orchestrators.md	396	GATE	ref				
REQ-DW	pickup-workflow-orchestrators.md	396	REQ	ref				
UNK-DW	pickup-workflow-orchestrators.md	396	UNK	ref				
GATE-001	shared-gates.md	7	GATE	ref	Decl:advisory			
GATE-001	shared-gates.md	29	GATE	ref				
GATE-001	shared-gates.md	47	GATE	def				
GATE-002	shared-gates.md	77	GATE	def				
GATE-003	shared-gates.md	110	GATE	def				
GATE-004	shared-gates.md	138	GATE	def				
GATE-005	shared-gates.md	168	GATE	def				
GATE-006	shared-gates.md	196	GATE	def				
GATE-007	shared-gates.md	228	GATE	def				
GATE-008	shared-gates.md	281	GATE	def				
GATE-009	shared-gates.md	315	GATE	def				
GATE-010	shared-gates.md	351	GATE	def				
GATE-011	shared-gates.md	388	GATE	def				
GATE-012	shared-gates.md	422	GATE	def				
GATE-013	shared-gates.md	458	GATE	def				
GATE-014	shared-gates.md	489	GATE	def				
GATE-015	shared-gates.md	519	GATE	def				
GATE-016	shared-gates.md	548	GATE	def				
GATE-017	shared-gates.md	573	GATE	def				
GATE-018	shared-gates.md	599	GATE	def				
UNK-01	docs/planning/ROUND_LOG.md	68	UNK	ref				
UNK-02	docs/planning/ROUND_LOG.md	69	UNK	ref				
UNK-03	docs/planning/ROUND_LOG.md	70	UNK	ref				
UNK-2	docs/planning/ROUND_LOG.md	71	UNK	ref				
UNK-4	docs/planning/ROUND_LOG.md	72	UNK	ref				
UNK-BU-1	docs/planning/ROUND_LOG.md	73	UNK	ref				
UNK-02	docs/planning/ROUND_LOG.md	74	UNK	ref				
UNK-EMB-002	docs/planning/ROUND_LOG.md	75	UNK	ref				
UNK-EMB-004	docs/planning/ROUND_LOG.md	76	UNK	ref				
UNK-EMB-005	docs/planning/ROUND_LOG.md	77	UNK	ref				
UNK-06	docs/planning/ROUND_LOG.md	78	UNK	ref				
UNK-MCP-01	docs/planning/ROUND_LOG.md	79	UNK	ref				
UNK-MAP-1	docs/planning/ROUND_LOG.md	80	UNK	ref				
UNK-MAP-2	docs/planning/ROUND_LOG.md	81	UNK	ref				
UNK-OBS-001	docs/planning/ROUND_LOG.md	82	UNK	ref				
UNK-OBS-002	docs/planning/ROUND_LOG.md	83	UNK	ref				
UNK-1	docs/planning/ROUND_LOG.md	84	UNK	ref				
UNK-1	docs/planning/ROUND_LOG.md	85	UNK	ref				
UNK-2	docs/planning/ROUND_LOG.md	86	UNK	ref	Tier:T2			
GATE-RAG-1	docs/planning/ROUND_LOG.md	86	GATE	ref	Tier:T2			
UNK-1	docs/planning/ROUND_LOG.md	87	UNK	ref				
UNK-5	docs/planning/ROUND_LOG.md	88	UNK	ref	Decl:advisory			
UNK-1	docs/planning/ROUND_LOG.md	89	UNK	ref				
UNK-6	docs/planning/ROUND_LOG.md	90	UNK	ref				
UNK-1	docs/planning/ROUND_LOG.md	91	UNK	ref				
UNK-VDB-01	docs/planning/ROUND_LOG.md	92	UNK	ref				
UNK-VA-1	docs/planning/ROUND_LOG.md	93	UNK	ref	Tier:T1			
UNK-VA-3	docs/planning/ROUND_LOG.md	94	UNK	ref				
UNK-VA-5	docs/planning/ROUND_LOG.md	95	UNK	ref				
UNK-SEARCH-01	docs/planning/ROUND_LOG.md	96	UNK	ref				
DEF-A-1	docs/planning/ROUND_LOG.md	97	DEF	def	FIXED	P0	FIXED	docs/planning/round1/INTEGRATION.md
DEF-A-2	docs/planning/ROUND_LOG.md	98	DEF	def	FIXED	P1	FIXED	docs/planning/round1/INTEGRATION.md
DEF-A-3	docs/planning/ROUND_LOG.md	99	DEF	def	FIXED	P1	FIXED	docs/planning/round1/INTEGRATION.md
DEF-A-4	docs/planning/ROUND_LOG.md	100	DEF	def	FIXED	P1	FIXED	docs/planning/round1/INTEGRATION.md
DEF-A-5	docs/planning/ROUND_LOG.md	101	DEF	def	FIXED	P1	FIXED	docs/planning/round1/INTEGRATION.md
DEF-A-6	docs/planning/ROUND_LOG.md	102	DEF	def	FIXED	P1	FIXED	docs/planning/round1/INTEGRATION.md
DEF-A-7	docs/planning/ROUND_LOG.md	103	DEF	def	FIXED	P2	FIXED	docs/planning/round1/INTEGRATION.md
DEF-A-8	docs/planning/ROUND_LOG.md	104	DEF	def	DEFERRED	P2	DEFERRED	docs/planning/round1/INTEGRATION.md
DEF-A-9	docs/planning/ROUND_LOG.md	105	DEF	def	FIXED	P2	FIXED	docs/planning/round1/INTEGRATION.md
DEF-B-1	docs/planning/ROUND_LOG.md	106	DEF	def	FIXED	P0	FIXED	docs/planning/round1/INTEGRATION.md
DEF-B-2	docs/planning/ROUND_LOG.md	107	DEF	def	FIXED	P1	FIXED	docs/planning/round1/INTEGRATION.md
DEF-B-3	docs/planning/ROUND_LOG.md	108	DEF	def	FIXED	P1	FIXED	docs/planning/round1/INTEGRATION.md
DEF-B-4	docs/planning/ROUND_LOG.md	109	DEF	def	FIXED	P1	FIXED	docs/planning/round1/INTEGRATION.md
DEF-B-5	docs/planning/ROUND_LOG.md	110	DEF	def	FIXED	P1	FIXED	docs/planning/round1/INTEGRATION.md
DEF-B-6	docs/planning/ROUND_LOG.md	111	DEF	def	FIXED	P1	FIXED	docs/planning/round1/INTEGRATION.md
DEF-B-7	docs/planning/ROUND_LOG.md	112	DEF	def	FIXED	P1	FIXED	docs/planning/round1/INTEGRATION.md
DEF-B-8	docs/planning/ROUND_LOG.md	113	DEF	def	FIXED	P1	FIXED	docs/planning/round1/INTEGRATION.md
DEF-B-9	docs/planning/ROUND_LOG.md	114	DEF	def	FIXED	P1	FIXED	docs/planning/round1/INTEGRATION.md
DEF-B-10	docs/planning/ROUND_LOG.md	115	DEF	def	FIXED	P1	FIXED	docs/planning/round1/INTEGRATION.md
DEF-B-11	docs/planning/ROUND_LOG.md	116	DEF	def	FIXED	P1	FIXED	docs/planning/round1/INTEGRATION.md
DEF-B-12	docs/planning/ROUND_LOG.md	117	DEF	def	FIXED	P1	FIXED	docs/planning/round1/INTEGRATION.md
DEF-B-13	docs/planning/ROUND_LOG.md	118	DEF	def	FIXED	P1	FIXED	docs/planning/round1/INTEGRATION.md
DEF-B-14	docs/planning/ROUND_LOG.md	119	DEF	def	FIXED	P1	FIXED	docs/planning/round1/INTEGRATION.md
DEF-B-15	docs/planning/ROUND_LOG.md	120	DEF	def	FIXED	P1	FIXED	docs/planning/round1/INTEGRATION.md
DEF-B-16	docs/planning/ROUND_LOG.md	121	DEF	def	FIXED	P1	FIXED	docs/planning/round1/INTEGRATION.md
DEF-B-17	docs/planning/ROUND_LOG.md	122	DEF	def	FIXED	P1	FIXED	docs/planning/round1/INTEGRATION.md
DEF-B-18	docs/planning/ROUND_LOG.md	123	DEF	def	FIXED	P1	FIXED	docs/planning/round1/INTEGRATION.md
DEF-B-19	docs/planning/ROUND_LOG.md	124	DEF	def	FIXED	P1	FIXED	docs/planning/round1/INTEGRATION.md
DEF-B-20	docs/planning/ROUND_LOG.md	125	DEF	def	FIXED	P2	FIXED	docs/planning/round1/INTEGRATION.md
DEF-B-21	docs/planning/ROUND_LOG.md	126	DEF	def	FIXED	P2	FIXED	docs/planning/round1/INTEGRATION.md
DEF-B-22	docs/planning/ROUND_LOG.md	127	DEF	def	FIXED	P2	FIXED	docs/planning/round1/INTEGRATION.md
DEF-B-23	docs/planning/ROUND_LOG.md	128	DEF	def	FIXED	P2	FIXED	docs/planning/round1/INTEGRATION.md
DEF-B-24	docs/planning/ROUND_LOG.md	129	DEF	def	FIXED	P2	FIXED	docs/planning/round1/INTEGRATION.md
DEF-B-25	docs/planning/ROUND_LOG.md	130	DEF	def	FIXED	P2	FIXED	docs/planning/round1/INTEGRATION.md
DEF-C-1	docs/planning/ROUND_LOG.md	131	DEF	def	FIXED	P1	FIXED	docs/planning/round1/INTEGRATION.md
DEF-C-2	docs/planning/ROUND_LOG.md	132	DEF	def	FIXED	P1	FIXED	docs/planning/round1/INTEGRATION.md
DEF-C-3	docs/planning/ROUND_LOG.md	133	DEF	def	FIXED	P2	FIXED	docs/planning/round1/INTEGRATION.md
DEF-C-4	docs/planning/ROUND_LOG.md	134	DEF	def	FIXED	P1	FIXED	docs/planning/round1/INTEGRATION.md
DEF-C-5	docs/planning/ROUND_LOG.md	135	DEF	def	FIXED	P1	FIXED	docs/planning/round1/INTEGRATION.md
DEF-C-6	docs/planning/ROUND_LOG.md	136	DEF	def	FIXED	P1	FIXED	docs/planning/round1/INTEGRATION.md
DEF-C-7	docs/planning/ROUND_LOG.md	137	DEF	def	FIXED	P1	FIXED	docs/planning/round1/INTEGRATION.md
DEF-C-8	docs/planning/ROUND_LOG.md	138	DEF	def	FIXED	P1	FIXED	docs/planning/round1/INTEGRATION.md
DEF-C-9	docs/planning/ROUND_LOG.md	139	DEF	def	FIXED	P2	FIXED	docs/planning/round1/INTEGRATION.md
DEF-C-10	docs/planning/ROUND_LOG.md	140	DEF	def	FIXED	P2	FIXED	docs/planning/round1/INTEGRATION.md
DEF-C-11	docs/planning/ROUND_LOG.md	141	DEF	def	FIXED	P2	FIXED	docs/planning/round1/INTEGRATION.md
DEF-C-12	docs/planning/ROUND_LOG.md	142	DEF	def	FIXED	P2	FIXED	docs/planning/round1/INTEGRATION.md
DEF-D-1	docs/planning/ROUND_LOG.md	143	DEF	def	FIXED	P1	FIXED	docs/planning/round1/INTEGRATION.md
DEF-D-2	docs/planning/ROUND_LOG.md	144	DEF	def	FIXED	P1	FIXED	docs/planning/round1/INTEGRATION.md
DEF-D-3	docs/planning/ROUND_LOG.md	145	DEF	def	FIXED	P1	FIXED	docs/planning/round1/INTEGRATION.md
DEF-D-4	docs/planning/ROUND_LOG.md	146	DEF	def	FIXED	P1	FIXED	docs/planning/round1/INTEGRATION.md
DEF-D-5	docs/planning/ROUND_LOG.md	147	DEF	def	FIXED	P1	FIXED	docs/planning/round1/INTEGRATION.md
DEF-D-6	docs/planning/ROUND_LOG.md	148	DEF	def	FIXED	P2	FIXED	docs/planning/round1/INTEGRATION.md
DEF-D-7	docs/planning/ROUND_LOG.md	149	DEF	def	FIXED	P2	FIXED	docs/planning/round1/INTEGRATION.md
DEF-D-8	docs/planning/ROUND_LOG.md	150	DEF	def	FIXED	P2	FIXED	docs/planning/round1/INTEGRATION.md
DEF-D-9	docs/planning/ROUND_LOG.md	151	DEF	def	FIXED	P1	FIXED	docs/planning/round1/INTEGRATION.md
DEF-D-10	docs/planning/ROUND_LOG.md	152	DEF	def	FIXED	P1	FIXED	docs/planning/round1/INTEGRATION.md
DEF-D-11	docs/planning/ROUND_LOG.md	153	DEF	def	FIXED	P1	FIXED	docs/planning/round1/INTEGRATION.md
DEF-E-1	docs/planning/ROUND_LOG.md	154	DEF	def	FIXED	P0	FIXED	docs/planning/round1/INTEGRATION.md
DEF-E-2	docs/planning/ROUND_LOG.md	155	DEF	def	FIXED	P1	FIXED	docs/planning/round1/INTEGRATION.md
DEF-E-3	docs/planning/ROUND_LOG.md	156	DEF	def	FIXED	P1	FIXED	docs/planning/round1/INTEGRATION.md
DEF-E-4	docs/planning/ROUND_LOG.md	157	DEF	def	FIXED	P1	FIXED	docs/planning/round1/INTEGRATION.md
DEF-E-5	docs/planning/ROUND_LOG.md	158	DEF	def	FIXED	P1	FIXED	docs/planning/round1/INTEGRATION.md
DEF-E-6	docs/planning/ROUND_LOG.md	159	DEF	def	FIXED	P1	FIXED	docs/planning/round1/INTEGRATION.md
DEF-E-7	docs/planning/ROUND_LOG.md	160	DEF	def	FIXED	P1	FIXED	docs/planning/round1/INTEGRATION.md
DEF-E-8	docs/planning/ROUND_LOG.md	161	DEF	def	FIXED	P1	FIXED	docs/planning/round1/INTEGRATION.md
DEF-E-9	docs/planning/ROUND_LOG.md	162	DEF	def	FIXED	P1	FIXED	docs/planning/round1/INTEGRATION.md
DEF-E-10	docs/planning/ROUND_LOG.md	163	DEF	def	FIXED	P1	FIXED	docs/planning/round1/INTEGRATION.md
DEF-E-11	docs/planning/ROUND_LOG.md	164	DEF	def	FIXED	P2	FIXED	docs/planning/round1/INTEGRATION.md
DEF-E-12	docs/planning/ROUND_LOG.md	165	DEF	def	FIXED	P2	FIXED	docs/planning/round1/INTEGRATION.md
DEF-E-13	docs/planning/ROUND_LOG.md	166	DEF	def	FIXED	P2	FIXED	docs/planning/round1/INTEGRATION.md
DEF-E-14	docs/planning/ROUND_LOG.md	167	DEF	def	FIXED	P2	FIXED	docs/planning/round1/INTEGRATION.md
DEF-E-15	docs/planning/ROUND_LOG.md	168	DEF	def	FIXED	P2	FIXED	docs/planning/round1/INTEGRATION.md
DEF-F-1	docs/planning/ROUND_LOG.md	169	DEF	def	FIXED	P0	FIXED	docs/planning/round1/INTEGRATION.md
DEF-F-2	docs/planning/ROUND_LOG.md	170	DEF	def	FIXED	P1	FIXED	docs/planning/round1/INTEGRATION.md
DEF-F-3	docs/planning/ROUND_LOG.md	171	DEF	def	FIXED	P1	FIXED	docs/planning/round1/INTEGRATION.md
DEF-F-4	docs/planning/ROUND_LOG.md	172	DEF	def	FIXED	P1	FIXED	docs/planning/round1/INTEGRATION.md
DEF-F-5	docs/planning/ROUND_LOG.md	173	DEF	def	FIXED	P1	FIXED	docs/planning/round1/INTEGRATION.md
DEF-F-6	docs/planning/ROUND_LOG.md	174	DEF	def	FIXED	P1	FIXED	docs/planning/round1/INTEGRATION.md
DEF-F-7	docs/planning/ROUND_LOG.md	175	DEF	def	FIXED	P1	FIXED	docs/planning/round1/INTEGRATION.md
DEF-F-8	docs/planning/ROUND_LOG.md	176	DEF	def	FIXED	P1	FIXED	docs/planning/round1/INTEGRATION.md
DEF-F-9	docs/planning/ROUND_LOG.md	177	DEF	def	FIXED	P1	FIXED	docs/planning/round1/INTEGRATION.md
DEF-F-10	docs/planning/ROUND_LOG.md	178	DEF	def	FIXED	P1	FIXED	docs/planning/round1/INTEGRATION.md
DEF-F-11	docs/planning/ROUND_LOG.md	179	DEF	def	FIXED	P1	FIXED	docs/planning/round1/INTEGRATION.md
DEF-F-12	docs/planning/ROUND_LOG.md	180	DEF	def	FIXED	P2	FIXED	docs/planning/round1/INTEGRATION.md
DEF-F-13	docs/planning/ROUND_LOG.md	181	DEF	def	FIXED	P2	FIXED	docs/planning/round1/INTEGRATION.md
DEF-F-14	docs/planning/ROUND_LOG.md	182	DEF	def	FIXED	P2	FIXED	docs/planning/round1/INTEGRATION.md
DEF-F-15	docs/planning/ROUND_LOG.md	183	DEF	def	FIXED	P2	FIXED	docs/planning/round1/INTEGRATION.md
DEF-F-16	docs/planning/ROUND_LOG.md	184	DEF	def	FIXED	P2	FIXED	docs/planning/round1/INTEGRATION.md
DEF-F-17	docs/planning/ROUND_LOG.md	185	DEF	def	FIXED	P2	FIXED	docs/planning/round1/INTEGRATION.md
DEF-F-18	docs/planning/ROUND_LOG.md	186	DEF	def	FIXED	P2	FIXED	docs/planning/round1/INTEGRATION.md
DEF-F-19	docs/planning/ROUND_LOG.md	187	DEF	def	WONTFIX	P2	WONTFIX	docs/planning/round1/INTEGRATION.md
DEF-F-20	docs/planning/ROUND_LOG.md	188	DEF	def	FIXED	P2	FIXED	docs/planning/round1/INTEGRATION.md
DEF2-A-1	docs/planning/ROUND_LOG.md	189	DEF	def	FIXED	P1	FIXED	docs/planning/round2/INTEGRATION2.md
DEF2-A-2	docs/planning/ROUND_LOG.md	190	DEF	def	FIXED	P1	FIXED	docs/planning/round2/INTEGRATION2.md
DEF2-A-3	docs/planning/ROUND_LOG.md	191	DEF	def	FIXED	P1	FIXED	docs/planning/round2/INTEGRATION2.md
DEF2-A-4	docs/planning/ROUND_LOG.md	192	DEF	def	FIXED	P2	FIXED	docs/planning/round2/INTEGRATION2.md
DEF2-A-5	docs/planning/ROUND_LOG.md	193	DEF	def	FIXED	P2	FIXED	docs/planning/round2/INTEGRATION2.md
DEF2-A-6	docs/planning/ROUND_LOG.md	194	DEF	def	FIXED	P2	FIXED	docs/planning/round2/INTEGRATION2.md
DEF2-A-7	docs/planning/ROUND_LOG.md	195	DEF	def	FIXED	P1	FIXED	docs/planning/round2/INTEGRATION2.md
DEF2-A-8	docs/planning/ROUND_LOG.md	196	DEF	def	FIXED	P2	FIXED	docs/planning/round2/INTEGRATION2.md
DEF2-A-9	docs/planning/ROUND_LOG.md	197	DEF	def	FIXED	P2	FIXED	docs/planning/round2/INTEGRATION2.md
DEF2-A-10	docs/planning/ROUND_LOG.md	198	DEF	def	FIXED	P2	FIXED	docs/planning/round2/INTEGRATION2.md
DEF2-A-11	docs/planning/ROUND_LOG.md	199	DEF	def	FIXED	P2	FIXED	docs/planning/round2/INTEGRATION2.md
DEF2-A-12	docs/planning/ROUND_LOG.md	200	DEF	def	FIXED	P2	FIXED	docs/planning/round2/INTEGRATION2.md
DEF2-A-13	docs/planning/ROUND_LOG.md	201	DEF	def	FIXED	P2	FIXED	docs/planning/round2/INTEGRATION2.md
DEF2-A-14	docs/planning/ROUND_LOG.md	202	DEF	def	FIXED	P2	FIXED	docs/planning/round2/INTEGRATION2.md
DEF2-A-15	docs/planning/ROUND_LOG.md	203	DEF	def	FIXED	P2	FIXED	docs/planning/round2/INTEGRATION2.md
DEF2-B-1	docs/planning/ROUND_LOG.md	204	DEF	def	FIXED	P1	FIXED	docs/planning/round2/INTEGRATION2.md
DEF2-B-2	docs/planning/ROUND_LOG.md	205	DEF	def	FIXED	P1	FIXED	docs/planning/round2/INTEGRATION2.md
DEF2-B-3	docs/planning/ROUND_LOG.md	206	DEF	def	FIXED	P1	FIXED	docs/planning/round2/INTEGRATION2.md
DEF2-B-4	docs/planning/ROUND_LOG.md	207	DEF	def	FIXED	P1	FIXED	docs/planning/round2/INTEGRATION2.md
DEF2-B-5	docs/planning/ROUND_LOG.md	208	DEF	def	FIXED	P1	FIXED	docs/planning/round2/INTEGRATION2.md
DEF2-B-6	docs/planning/ROUND_LOG.md	209	DEF	def	FIXED	P1	FIXED	docs/planning/round2/INTEGRATION2.md
DEF2-B-7	docs/planning/ROUND_LOG.md	210	DEF	def	FIXED	P1	FIXED	docs/planning/round2/INTEGRATION2.md
DEF2-B-8	docs/planning/ROUND_LOG.md	211	DEF	def	FIXED	P1	FIXED	docs/planning/round2/INTEGRATION2.md
DEF2-B-9	docs/planning/ROUND_LOG.md	212	DEF	def	FIXED	P1	FIXED	docs/planning/round2/INTEGRATION2.md
DEF2-B-10	docs/planning/ROUND_LOG.md	213	DEF	def	FIXED	P1	FIXED	docs/planning/round2/INTEGRATION2.md
DEF2-B-11	docs/planning/ROUND_LOG.md	214	DEF	def	FIXED	P1	FIXED	docs/planning/round2/INTEGRATION2.md
DEF2-B-12	docs/planning/ROUND_LOG.md	215	DEF	def	FIXED	P2	FIXED	docs/planning/round2/INTEGRATION2.md
DEF2-B-13	docs/planning/ROUND_LOG.md	216	DEF	def	FIXED	P2	FIXED	docs/planning/round2/INTEGRATION2.md
DEF2-B-14	docs/planning/ROUND_LOG.md	217	DEF	def	FIXED	P2	FIXED	docs/planning/round2/INTEGRATION2.md
DEF2-B-15	docs/planning/ROUND_LOG.md	218	DEF	def	FIXED	P2	FIXED	docs/planning/round2/INTEGRATION2.md
DEF2-C-1	docs/planning/ROUND_LOG.md	219	DEF	def	FIXED	P1	FIXED	docs/planning/round2/INTEGRATION2.md
DEF2-C-2	docs/planning/ROUND_LOG.md	220	DEF	def	FIXED	P1	FIXED	docs/planning/round2/INTEGRATION2.md
DEF2-C-3	docs/planning/ROUND_LOG.md	221	DEF	def	FIXED	P1	FIXED	docs/planning/round2/INTEGRATION2.md
DEF2-C-4	docs/planning/ROUND_LOG.md	222	DEF	def	FIXED	P1	FIXED	docs/planning/round2/INTEGRATION2.md
DEF2-C-5	docs/planning/ROUND_LOG.md	223	DEF	def	FIXED	P1	FIXED	docs/planning/round2/INTEGRATION2.md
DEF2-C-6	docs/planning/ROUND_LOG.md	224	DEF	def	FIXED	P1	FIXED	docs/planning/round2/INTEGRATION2.md
DEF2-C-7	docs/planning/ROUND_LOG.md	225	DEF	def	FIXED	P1	FIXED	docs/planning/round2/INTEGRATION2.md
DEF2-C-8	docs/planning/ROUND_LOG.md	226	DEF	def	FIXED	P1	FIXED	docs/planning/round2/INTEGRATION2.md
DEF2-C-9	docs/planning/ROUND_LOG.md	227	DEF	def	FIXED	P2	FIXED	docs/planning/round2/INTEGRATION2.md
DEF2-C-10	docs/planning/ROUND_LOG.md	228	DEF	def	FIXED	P2	FIXED	docs/planning/round2/INTEGRATION2.md
DEF2-C-11	docs/planning/ROUND_LOG.md	229	DEF	def	FIXED	P2	FIXED	docs/planning/round2/INTEGRATION2.md
DEF2-C-12	docs/planning/ROUND_LOG.md	230	DEF	def	FIXED	P2	FIXED	docs/planning/round2/INTEGRATION2.md
DEF2-C-13	docs/planning/ROUND_LOG.md	231	DEF	def	FIXED	P2	FIXED	docs/planning/round2/INTEGRATION2.md
DEF2-D-1	docs/planning/ROUND_LOG.md	232	DEF	def	FIXED	P1	FIXED	docs/planning/round2/INTEGRATION2.md
DEF2-D-2	docs/planning/ROUND_LOG.md	233	DEF	def	FIXED	P1	FIXED	docs/planning/round2/INTEGRATION2.md
DEF2-D-3	docs/planning/ROUND_LOG.md	234	DEF	def	FIXED	P1	FIXED	docs/planning/round2/INTEGRATION2.md
DEF2-D-4	docs/planning/ROUND_LOG.md	235	DEF	def	FIXED	P1	FIXED	docs/planning/round2/INTEGRATION2.md
DEF2-D-5	docs/planning/ROUND_LOG.md	236	DEF	def	FIXED	P2	FIXED	docs/planning/round2/INTEGRATION2.md
DEF2-D-6	docs/planning/ROUND_LOG.md	237	DEF	def	FIXED	P2	FIXED	docs/planning/round2/INTEGRATION2.md
DEF2-D-7	docs/planning/ROUND_LOG.md	238	DEF	def	FIXED	P2	FIXED	docs/planning/round2/INTEGRATION2.md
DEF2-D-8	docs/planning/ROUND_LOG.md	239	DEF	def	FIXED	P2	FIXED	docs/planning/round2/INTEGRATION2.md
DEF2-D-9	docs/planning/ROUND_LOG.md	240	DEF	def	FIXED	P2	FIXED	docs/planning/round2/INTEGRATION2.md
DEF2-D-10	docs/planning/ROUND_LOG.md	241	DEF	def	FIXED	P2	FIXED	docs/planning/round2/INTEGRATION2.md
DEF2-D-11	docs/planning/ROUND_LOG.md	242	DEF	def	FIXED	P2	FIXED	docs/planning/round2/INTEGRATION2.md
DEF2-D-12	docs/planning/ROUND_LOG.md	243	DEF	def	FIXED	P2	FIXED	docs/planning/round2/INTEGRATION2.md
DEF2-D-13	docs/planning/ROUND_LOG.md	244	DEF	def	FIXED	P2	FIXED	docs/planning/round2/INTEGRATION2.md
DEF2-D-14	docs/planning/ROUND_LOG.md	245	DEF	def	FIXED	P2	FIXED	docs/planning/round2/INTEGRATION2.md
DEF2-D-15	docs/planning/ROUND_LOG.md	246	DEF	def	FIXED	P2	FIXED	docs/planning/round2/INTEGRATION2.md
DEF2-D-16	docs/planning/ROUND_LOG.md	247	DEF	def	FIXED	P2	FIXED	docs/planning/round2/INTEGRATION2.md
DEF2-D-17	docs/planning/ROUND_LOG.md	248	DEF	def	FIXED	P2	FIXED	docs/planning/round2/INTEGRATION2.md
DEF2-D-18	docs/planning/ROUND_LOG.md	249	DEF	def	FIXED	P2	FIXED	docs/planning/round2/INTEGRATION2.md
DEF2-E-1	docs/planning/ROUND_LOG.md	250	DEF	def	FIXED	P2	FIXED	docs/planning/round2/INTEGRATION2.md
DEF2-E-2	docs/planning/ROUND_LOG.md	251	DEF	def	FIXED	P2	FIXED	docs/planning/round2/INTEGRATION2.md
DEF2-F-1	docs/planning/ROUND_LOG.md	252	DEF	def	FIXED	P1	FIXED	docs/planning/round2/INTEGRATION2.md
DEF2-F-2	docs/planning/ROUND_LOG.md	253	DEF	def	FIXED	P1	FIXED	docs/planning/round2/INTEGRATION2.md
DEF2-F-3	docs/planning/ROUND_LOG.md	254	DEF	def	FIXED	P1	FIXED	docs/planning/round2/INTEGRATION2.md
DEF2-F-4	docs/planning/ROUND_LOG.md	255	DEF	def	FIXED	P1	FIXED	docs/planning/round2/INTEGRATION2.md
DEF2-F-5	docs/planning/ROUND_LOG.md	256	DEF	def	FIXED	P1	FIXED	docs/planning/round2/INTEGRATION2.md
DEF2-F-6	docs/planning/ROUND_LOG.md	257	DEF	def	FIXED	P1	FIXED	docs/planning/round2/INTEGRATION2.md
DEF2-F-7	docs/planning/ROUND_LOG.md	258	DEF	def	FIXED	P1	FIXED	docs/planning/round2/INTEGRATION2.md
DEF2-F-8	docs/planning/ROUND_LOG.md	259	DEF	def	FIXED	P2	FIXED	docs/planning/round2/INTEGRATION2.md
DEF2-F-9	docs/planning/ROUND_LOG.md	260	DEF	def	FIXED	P2	FIXED	docs/planning/round2/INTEGRATION2.md
DEF2-F-10	docs/planning/ROUND_LOG.md	261	DEF	def	FIXED	P2	FIXED	docs/planning/round2/INTEGRATION2.md
DEF2-F-11	docs/planning/ROUND_LOG.md	262	DEF	def	FIXED	P2	FIXED	docs/planning/round2/INTEGRATION2.md
DEF2-F-12	docs/planning/ROUND_LOG.md	263	DEF	def	FIXED	P2	FIXED	docs/planning/round2/INTEGRATION2.md
DEF2-F-13	docs/planning/ROUND_LOG.md	264	DEF	def	FIXED	P2	FIXED	docs/planning/round2/INTEGRATION2.md
DEF2-F-14	docs/planning/ROUND_LOG.md	265	DEF	def	FIXED	P2	FIXED	docs/planning/round2/INTEGRATION2.md
DEF2-F-15	docs/planning/ROUND_LOG.md	266	DEF	def	FIXED	P2	FIXED	docs/planning/round2/INTEGRATION2.md
DEF2-F-16	docs/planning/ROUND_LOG.md	267	DEF	def	FIXED	P2	FIXED	docs/planning/round2/INTEGRATION2.md
DEF2-F-17	docs/planning/ROUND_LOG.md	268	DEF	def	FIXED	P2	FIXED	docs/planning/round2/INTEGRATION2.md
DEF2-F-18	docs/planning/ROUND_LOG.md	269	DEF	def	FIXED	P2	FIXED	docs/planning/round2/INTEGRATION2.md
DEF3-A-2	docs/planning/ROUND_LOG.md	270	DEF	def	FIXED	P0	FIXED	docs/planning/ROUND_LOG.md
DEF3-A-5	docs/planning/ROUND_LOG.md	271	DEF	def	FIXED	P1	FIXED	docs/planning/ROUND_LOG.md
DEF3-A-6	docs/planning/ROUND_LOG.md	272	DEF	def	FIXED	P1	FIXED	docs/planning/ROUND_LOG.md
DEF3-A-19	docs/planning/ROUND_LOG.md	273	DEF	def	FIXED	P2	FIXED	docs/planning/ROUND_LOG.md
DEF3-A-25	docs/planning/ROUND_LOG.md	274	DEF	def	FIXED	P2	FIXED	docs/planning/ROUND_LOG.md
DEF3-A-1	docs/planning/ROUND_LOG.md	275	DEF	def	FIXED	P0	FIXED	docs/planning/ROUND_LOG.md
DEF3-A-26	docs/planning/ROUND_LOG.md	276	DEF	def	FIXED	P2	FIXED	docs/planning/ROUND_LOG.md
DEF3-A-7	docs/planning/ROUND_LOG.md	277	DEF	def	FIXED	P1	FIXED	docs/planning/ROUND_LOG.md
DEF3-A-18	docs/planning/ROUND_LOG.md	278	DEF	def	FIXED	P2	FIXED	docs/planning/ROUND_LOG.md
DEF3-A-8	docs/planning/ROUND_LOG.md	279	DEF	def	FIXED	P1	FIXED	docs/planning/ROUND_LOG.md
DEF3-A-9	docs/planning/ROUND_LOG.md	280	DEF	def	FIXED	P1	FIXED	docs/planning/ROUND_LOG.md
DEF3-A-10	docs/planning/ROUND_LOG.md	281	DEF	def	FIXED	P1	FIXED	docs/planning/ROUND_LOG.md
DEF3-A-11	docs/planning/ROUND_LOG.md	282	DEF	def	FIXED	P1	FIXED	docs/planning/ROUND_LOG.md
DEF3-A-21	docs/planning/ROUND_LOG.md	283	DEF	def	FIXED	P2	FIXED	docs/planning/ROUND_LOG.md
DEF3-A-12	docs/planning/ROUND_LOG.md	284	DEF	def	FIXED	P1	FIXED	docs/planning/ROUND_LOG.md
DEF3-A-13	docs/planning/ROUND_LOG.md	285	DEF	def	FIXED	P1	FIXED	docs/planning/ROUND_LOG.md
DEF3-A-14	docs/planning/ROUND_LOG.md	286	DEF	def	FIXED	P1	FIXED	docs/planning/ROUND_LOG.md
DEF3-A-16	docs/planning/ROUND_LOG.md	287	DEF	def	FIXED	P1	FIXED	docs/planning/ROUND_LOG.md
DEF3-A-24	docs/planning/ROUND_LOG.md	288	DEF	def	FIXED	P2	FIXED	docs/planning/ROUND_LOG.md
DEF3-A-20	docs/planning/ROUND_LOG.md	289	DEF	def	FIXED	P2	FIXED	docs/planning/ROUND_LOG.md
DEF3-A-3	docs/planning/ROUND_LOG.md	290	DEF	def	FIXED	P0	FIXED	docs/planning/ROUND_LOG.md
DEF3-A-15	docs/planning/ROUND_LOG.md	291	DEF	def	FIXED	P1	FIXED	docs/planning/ROUND_LOG.md
DEF3-A-17	docs/planning/ROUND_LOG.md	292	DEF	def	FIXED	P1	FIXED	docs/planning/ROUND_LOG.md
DEF3-A-4	docs/planning/ROUND_LOG.md	293	DEF	def	FIXED	P0	FIXED	docs/planning/ROUND_LOG.md
DEF3-A-22	docs/planning/ROUND_LOG.md	294	DEF	def	FIXED	P2	FIXED	docs/planning/ROUND_LOG.md
DEF3-A-23	docs/planning/ROUND_LOG.md	295	DEF	def	FIXED	P2	FIXED	docs/planning/ROUND_LOG.md
DEF3-C-1	docs/planning/ROUND_LOG.md	296	DEF	def	FIXED	P0	FIXED	docs/planning/ROUND_LOG.md
DEF3-C-2	docs/planning/ROUND_LOG.md	297	DEF	def	FIXED	P2	FIXED	docs/planning/ROUND_LOG.md
DEF3-C-3	docs/planning/ROUND_LOG.md	298	DEF	def	FIXED	P1	FIXED	docs/planning/ROUND_LOG.md
DEF3-D-1	docs/planning/ROUND_LOG.md	299	DEF	def	FIXED;Tier:T0;Tier:T3	P1	FIXED	docs/planning/ROUND_LOG.md
DEF3-D-2	docs/planning/ROUND_LOG.md	300	DEF	def	CONTESTED;FIXED;Tier:T3;Conf:Low	P1	FIXED	docs/planning/ROUND_LOG.md
CLAIM-8	docs/planning/ROUND_LOG.md	300	CLAIM	ref	CONTESTED;FIXED;Tier:T3;Conf:Low			
DEF3-D-3	docs/planning/ROUND_LOG.md	301	DEF	def	CONTESTED;FIXED;Tier:T3;Conf:Low	P2	FIXED	docs/planning/ROUND_LOG.md
CLAIM-10	docs/planning/ROUND_LOG.md	301	CLAIM	ref	CONTESTED;FIXED;Tier:T3;Conf:Low			
DEF3-D-4	docs/planning/ROUND_LOG.md	302	DEF	def	FIXED;Tier:T1;Tier:T2	P1	FIXED	docs/planning/ROUND_LOG.md
DEF3-D-5	docs/planning/ROUND_LOG.md	303	DEF	def	FIXED	P2	FIXED	docs/planning/ROUND_LOG.md
DEF3-D-6	docs/planning/ROUND_LOG.md	304	DEF	def	FIXED;Tier:T2	P2	FIXED	docs/planning/ROUND_LOG.md
UNK-3	docs/planning/ROUND_LOG.md	304	UNK	ref	FIXED;Tier:T2			
DEF3-D-7	docs/planning/ROUND_LOG.md	305	DEF	def	CONTESTED;FIXED;Conf:Medium	P2	FIXED	docs/planning/ROUND_LOG.md
CLAIM-OBS-004	docs/planning/ROUND_LOG.md	305	CLAIM	ref	CONTESTED;FIXED;Conf:Medium			
DEF3-D-8	docs/planning/ROUND_LOG.md	306	DEF	def	FIXED;Tier:T1	P2	FIXED	docs/planning/ROUND_LOG.md
DEF3-INT-1	docs/planning/ROUND_LOG.md	307	DEF	def	FIXED	P0	FIXED	docs/planning/ROUND_LOG.md
DEF3-C-1	docs/planning/ROUND_LOG.md	307	DEF	ref	FIXED	P0	FIXED	docs/planning/ROUND_LOG.md
DEF3-INT-2	docs/planning/ROUND_LOG.md	308	DEF	def	FIXED	P0	FIXED	docs/planning/ROUND_LOG.md
DEF3-C-1	docs/planning/ROUND_LOG.md	308	DEF	ref	FIXED	P0	FIXED	docs/planning/ROUND_LOG.md
DEF3-INT-3	docs/planning/ROUND_LOG.md	309	DEF	def	FIXED	P0	FIXED	docs/planning/ROUND_LOG.md
DEF3-C-1	docs/planning/ROUND_LOG.md	309	DEF	ref	FIXED	P0	FIXED	docs/planning/ROUND_LOG.md
DEF3-INT-4	docs/planning/ROUND_LOG.md	310	DEF	def	FIXED;Decl:advisory	P0	FIXED	docs/planning/ROUND_LOG.md
DEF3-C-1	docs/planning/ROUND_LOG.md	310	DEF	ref	FIXED;Decl:advisory	P0	FIXED	docs/planning/ROUND_LOG.md
UNK-1	docs/planning/ROUND_LOG.md	330	UNK	ref	FIXED			
REQ-EH-5	docs/planning/ROUND_LOG.md	331	REQ	ref	FIXED			
GATE-007	docs/planning/ROUND_LOG.md	331	GATE	ref	FIXED			
REQ-EH-5	docs/planning/ROUND_LOG.md	331	REQ	ref	FIXED			
REQ-01	docs/planning/round1/DEF-laneA.md	19	REQ	ref				
CLAIM-01	docs/planning/round1/DEF-laneA.md	19	CLAIM	ref				
UNK-01	docs/planning/round1/DEF-laneA.md	20	UNK	ref				
REQ-1	docs/planning/round1/DEF-laneA.md	20	REQ	ref				
CLAIM-1	docs/planning/round1/DEF-laneA.md	20	CLAIM	ref				
UNK-1	docs/planning/round1/DEF-laneA.md	20	UNK	ref				
REQ-1	docs/planning/round1/DEF-laneA.md	20	REQ	ref				
CLAIM-1	docs/planning/round1/DEF-laneA.md	20	CLAIM	ref				
UNK-1	docs/planning/round1/DEF-laneA.md	21	UNK	ref				
REQ-EMB-001	docs/planning/round1/DEF-laneA.md	21	REQ	ref				
CLAIM-EMB-001	docs/planning/round1/DEF-laneA.md	21	CLAIM	ref				
UNK-EMB-001	docs/planning/round1/DEF-laneA.md	21	UNK	ref				
CLAIM-01	docs/planning/round1/DEF-laneA.md	23	CLAIM	ref				
CLAIM-3	docs/planning/round1/DEF-laneA.md	23	CLAIM	ref				
CLAIM-2	docs/planning/round1/DEF-laneA.md	23	CLAIM	ref				
CLAIM-EMB-001	docs/planning/round1/DEF-laneA.md	24	CLAIM	ref				
DEF-A-1	docs/planning/round1/DEF-laneA.md	32	DEF	def	P0	P0	FIXED	docs/planning/round1/INTEGRATION.md
CLAIM-EMB	docs/planning/round1/DEF-laneA.md	32	CLAIM	ref	P0			
DEF-A-2	docs/planning/round1/DEF-laneA.md	34	DEF	def	P1	P1	FIXED	docs/planning/round1/INTEGRATION.md
UNK-01	docs/planning/round1/DEF-laneA.md	34	UNK	ref	P1			
UNK-02	docs/planning/round1/DEF-laneA.md	34	UNK	ref	P1			
UNK-03	docs/planning/round1/DEF-laneA.md	34	UNK	ref	P1			
UNK-04	docs/planning/round1/DEF-laneA.md	34	UNK	ref	P1			
UNK-02	docs/planning/round1/DEF-laneA.md	34	UNK	ref	P1			
DEF-A-3	docs/planning/round1/DEF-laneA.md	36	DEF	def	P1	P1	FIXED	docs/planning/round1/INTEGRATION.md
UNK-1	docs/planning/round1/DEF-laneA.md	36	UNK	ref	P1			
UNK-1	docs/planning/round1/DEF-laneA.md	36	UNK	ref	P1			
DEF-A-2	docs/planning/round1/DEF-laneA.md	36	DEF	ref	P1	P1	FIXED	docs/planning/round1/INTEGRATION.md
DEF-A-4	docs/planning/round1/DEF-laneA.md	38	DEF	def	P1	P1	FIXED	docs/planning/round1/INTEGRATION.md
UNK-1	docs/planning/round1/DEF-laneA.md	38	UNK	ref	P1			
UNK-1	docs/planning/round1/DEF-laneA.md	38	UNK	ref	P1			
DEF-A-5	docs/planning/round1/DEF-laneA.md	40	DEF	def	P1	P1	FIXED	docs/planning/round1/INTEGRATION.md
UNK-EMB-O1	docs/planning/round1/DEF-laneA.md	40	UNK	ref	P1			
DEF-A-6	docs/planning/round1/DEF-laneA.md	42	DEF	def	P1	P1	FIXED	docs/planning/round1/INTEGRATION.md
DEF-A-7	docs/planning/round1/DEF-laneA.md	44	DEF	def	P2	P2	FIXED	docs/planning/round1/INTEGRATION.md
DEF-A-8	docs/planning/round1/DEF-laneA.md	46	DEF	def	P2	P2	DEFERRED	docs/planning/round1/INTEGRATION.md
REQ-01	docs/planning/round1/DEF-laneA.md	46	REQ	ref	P2			
REQ-1	docs/planning/round1/DEF-laneA.md	46	REQ	ref	P2			
REQ-EMB-001	docs/planning/round1/DEF-laneA.md	46	REQ	ref	P2			
CLAIM-01	docs/planning/round1/DEF-laneA.md	46	CLAIM	ref	P2			
CLAIM-1	docs/planning/round1/DEF-laneA.md	46	CLAIM	ref	P2			
CLAIM-EMB-001	docs/planning/round1/DEF-laneA.md	46	CLAIM	ref	P2			
DEF-A-9	docs/planning/round1/DEF-laneA.md	48	DEF	def	P2	P2	FIXED	docs/planning/round1/INTEGRATION.md
UNK-01	docs/planning/round1/DEF-laneA.md	48	UNK	ref	P2			
UNK-3	docs/planning/round1/DEF-laneA.md	48	UNK	ref	P2			
UNK-5	docs/planning/round1/DEF-laneA.md	48	UNK	ref	P2			
UNK-2	docs/planning/round1/DEF-laneA.md	48	UNK	ref	P2			
DEF-A-1	docs/planning/round1/DEF-laneA.md	48	DEF	ref	P2	P0	FIXED	docs/planning/round1/INTEGRATION.md
GATE-005	docs/planning/round1/DEF-laneB.md	20	GATE	ref				
REQ-DW-6	docs/planning/round1/DEF-laneB.md	23	REQ	ref				
GATE-001	docs/planning/round1/DEF-laneB.md	30	GATE	ref	Decl:load-bearing			
DEF-B-1	docs/planning/round1/DEF-laneB.md	36	DEF	def	P0	P0	FIXED	docs/planning/round1/INTEGRATION.md
GATE-MCP-01	docs/planning/round1/DEF-laneB.md	39	GATE	ref				
GATE-MAP-1	docs/planning/round1/DEF-laneB.md	40	GATE	ref				
GATE-DW-1	docs/planning/round1/DEF-laneB.md	40	GATE	ref				
GATE-001	docs/planning/round1/DEF-laneB.md	44	GATE	ref				
DEF-B-2	docs/planning/round1/DEF-laneB.md	48	DEF	def	P1	P1	FIXED	docs/planning/round1/INTEGRATION.md
GATE-MCP-01	docs/planning/round1/DEF-laneB.md	51	GATE	ref				
GATE-MAP-1	docs/planning/round1/DEF-laneB.md	51	GATE	ref				
GATE-DW-1	docs/planning/round1/DEF-laneB.md	51	GATE	ref				
DEF-B-3	docs/planning/round1/DEF-laneB.md	57	DEF	def	P1	P1	FIXED	docs/planning/round1/INTEGRATION.md
DEF-B-4	docs/planning/round1/DEF-laneB.md	67	DEF	def	P1	P1	FIXED	docs/planning/round1/INTEGRATION.md
DEF-B-5	docs/planning/round1/DEF-laneB.md	75	DEF	def	P1	P1	FIXED	docs/planning/round1/INTEGRATION.md
REQ-DW-6	docs/planning/round1/DEF-laneB.md	80	REQ	ref				
GATE-005	docs/planning/round1/DEF-laneB.md	84	GATE	ref				
REQ-DW-6	docs/planning/round1/DEF-laneB.md	88	REQ	ref				
DEF-B-6	docs/planning/round1/DEF-laneB.md	93	DEF	def	P1	P1	FIXED	docs/planning/round1/INTEGRATION.md
CLAIM-11	docs/planning/round1/DEF-laneB.md	97	CLAIM	ref				
DEF-B-7	docs/planning/round1/DEF-laneB.md	104	DEF	def	P1	P1	FIXED	docs/planning/round1/INTEGRATION.md
DEF-B-8	docs/planning/round1/DEF-laneB.md	116	DEF	def	P1	P1	FIXED	docs/planning/round1/INTEGRATION.md
UNK-MCP-06	docs/planning/round1/DEF-laneB.md	118	UNK	ref				
GATE-MCP-N	docs/planning/round1/DEF-laneB.md	122	GATE	ref				
DEF-B-9	docs/planning/round1/DEF-laneB.md	127	DEF	def	P1	P1	FIXED	docs/planning/round1/INTEGRATION.md
DEF-B-10	docs/planning/round1/DEF-laneB.md	135	DEF	def	P1	P1	FIXED	docs/planning/round1/INTEGRATION.md
GATE-DW-N	docs/planning/round1/DEF-laneB.md	143	GATE	ref				
DEF-B-11	docs/planning/round1/DEF-laneB.md	145	DEF	def	P1	P1	FIXED	docs/planning/round1/INTEGRATION.md
GATE-005	docs/planning/round1/DEF-laneB.md	147	GATE	ref				
GATE-005	docs/planning/round1/DEF-laneB.md	151	GATE	ref	Decl:load-bearing			
GATE-005	docs/planning/round1/DEF-laneB.md	153	GATE	ref				
DEF-B-12	docs/planning/round1/DEF-laneB.md	156	DEF	def	P1	P1	FIXED	docs/planning/round1/INTEGRATION.md
GATE-MCP-01	docs/planning/round1/DEF-laneB.md	156	GATE	ref	P1			
GATE-MCP-02	docs/planning/round1/DEF-laneB.md	157	GATE	ref				
GATE-006	docs/planning/round1/DEF-laneB.md	158	GATE	ref				
GATE-006	docs/planning/round1/DEF-laneB.md	158	GATE	ref				
GATE-006	docs/planning/round1/DEF-laneB.md	161	GATE	ref	Decl:load-bearing			
GATE-MCP-01	docs/planning/round1/DEF-laneB.md	161	GATE	ref	Decl:load-bearing			
GATE-006	docs/planning/round1/DEF-laneB.md	162	GATE	ref				
GATE-006	docs/planning/round1/DEF-laneB.md	163	GATE	ref				
DEF-B-13	docs/planning/round1/DEF-laneB.md	165	DEF	def	P1	P1	FIXED	docs/planning/round1/INTEGRATION.md
GATE-MCP-03	docs/planning/round1/DEF-laneB.md	165	GATE	ref	P1			
GATE-MCP-04	docs/planning/round1/DEF-laneB.md	166	GATE	ref				
GATE-017	docs/planning/round1/DEF-laneB.md	167	GATE	ref				
GATE-017	docs/planning/round1/DEF-laneB.md	169	GATE	ref				
GATE-017	docs/planning/round1/DEF-laneB.md	170	GATE	ref				
GATE-MCP-03	docs/planning/round1/DEF-laneB.md	171	GATE	ref	Decl:load-bearing			
GATE-017	docs/planning/round1/DEF-laneB.md	172	GATE	ref				
DEF-B-14	docs/planning/round1/DEF-laneB.md	174	DEF	def	P1	P1	FIXED	docs/planning/round1/INTEGRATION.md
GATE-MAP-1	docs/planning/round1/DEF-laneB.md	175	GATE	ref				
GATE-MAP-2	docs/planning/round1/DEF-laneB.md	175	GATE	ref				
GATE-MAP-3	docs/planning/round1/DEF-laneB.md	175	GATE	ref				
GATE-MAP-4	docs/planning/round1/DEF-laneB.md	176	GATE	ref				
GATE-006	docs/planning/round1/DEF-laneB.md	176	GATE	ref				
GATE-MAP-4	docs/planning/round1/DEF-laneB.md	180	GATE	ref				
GATE-006	docs/planning/round1/DEF-laneB.md	181	GATE	ref				
GATE-006	docs/planning/round1/DEF-laneB.md	182	GATE	ref	Decl:load-bearing			
GATE-MAP-N	docs/planning/round1/DEF-laneB.md	182	GATE	ref	Decl:load-bearing			
GATE-006	docs/planning/round1/DEF-laneB.md	183	GATE	ref				
DEF-B-15	docs/planning/round1/DEF-laneB.md	186	DEF	def	P1	P1	FIXED	docs/planning/round1/INTEGRATION.md
GATE-001	docs/planning/round1/DEF-laneB.md	187	GATE	ref	Decl:load-bearing;Decl:advisory			
GATE-004	docs/planning/round1/DEF-laneB.md	189	GATE	ref	Decl:advisory			
GATE-005	docs/planning/round1/DEF-laneB.md	190	GATE	ref	Decl:advisory			
GATE-007	docs/planning/round1/DEF-laneB.md	191	GATE	ref	Decl:advisory			
GATE-010	docs/planning/round1/DEF-laneB.md	191	GATE	ref	Decl:advisory			
GATE-011	docs/planning/round1/DEF-laneB.md	192	GATE	ref	Decl:advisory			
GATE-014	docs/planning/round1/DEF-laneB.md	192	GATE	ref	Decl:advisory			
GATE-018	docs/planning/round1/DEF-laneB.md	193	GATE	ref	Decl:universal;Decl:load-bearing			
DEF-B-16	docs/planning/round1/DEF-laneB.md	196	DEF	def	P1	P1	FIXED	docs/planning/round1/INTEGRATION.md
DEF-B-15	docs/planning/round1/DEF-laneB.md	196	DEF	ref	P1	P1	FIXED	docs/planning/round1/INTEGRATION.md
GATE-004	docs/planning/round1/DEF-laneB.md	197	GATE	ref	Decl:advisory			
GATE-006	docs/planning/round1/DEF-laneB.md	197	GATE	ref	Decl:advisory			
GATE-014	docs/planning/round1/DEF-laneB.md	198	GATE	ref	Decl:universal			
GATE-017	docs/planning/round1/DEF-laneB.md	198	GATE	ref	Decl:universal			
GATE-018	docs/planning/round1/DEF-laneB.md	199	GATE	ref	Decl:universal			
DEF-B-12	docs/planning/round1/DEF-laneB.md	200	DEF	ref		P1	FIXED	docs/planning/round1/INTEGRATION.md
GATE-MCP-01	docs/planning/round1/DEF-laneB.md	201	GATE	ref				
GATE-006	docs/planning/round1/DEF-laneB.md	201	GATE	ref				
DEF-B-17	docs/planning/round1/DEF-laneB.md	203	DEF	def	P1	P1	FIXED	docs/planning/round1/INTEGRATION.md
DEF-B-15	docs/planning/round1/DEF-laneB.md	204	DEF	ref		P1	FIXED	docs/planning/round1/INTEGRATION.md
GATE-006	docs/planning/round1/DEF-laneB.md	204	GATE	ref				
GATE-017	docs/planning/round1/DEF-laneB.md	204	GATE	ref				
GATE-014	docs/planning/round1/DEF-laneB.md	205	GATE	ref	Decl:universal			
DEF-B-14	docs/planning/round1/DEF-laneB.md	206	DEF	ref		P1	FIXED	docs/planning/round1/INTEGRATION.md
DEF-B-18	docs/planning/round1/DEF-laneB.md	208	DEF	def	P1	P1	FIXED	docs/planning/round1/INTEGRATION.md
DEF-B-15	docs/planning/round1/DEF-laneB.md	209	DEF	ref		P1	FIXED	docs/planning/round1/INTEGRATION.md
GATE-005	docs/planning/round1/DEF-laneB.md	209	GATE	ref				
GATE-014	docs/planning/round1/DEF-laneB.md	210	GATE	ref	Decl:universal;Decl:advisory			
GATE-017	docs/planning/round1/DEF-laneB.md	210	GATE	ref	Decl:universal;Decl:advisory			
GATE-018	docs/planning/round1/DEF-laneB.md	210	GATE	ref	Decl:universal;Decl:advisory			
DEF-B-19	docs/planning/round1/DEF-laneB.md	213	DEF	def	P1	P1	FIXED	docs/planning/round1/INTEGRATION.md
CLAIM-01	docs/planning/round1/DEF-laneB.md	219	CLAIM	ref	Tier:T0			
DEF-B-20	docs/planning/round1/DEF-laneB.md	227	DEF	def	P2	P2	FIXED	docs/planning/round1/INTEGRATION.md
GATE-002	docs/planning/round1/DEF-laneB.md	227	GATE	ref	P2			
GATE-002	docs/planning/round1/DEF-laneB.md	230	GATE	ref				
DEF-B-21	docs/planning/round1/DEF-laneB.md	237	DEF	def	P2	P2	FIXED	docs/planning/round1/INTEGRATION.md
GATE-MCP-01	docs/planning/round1/DEF-laneB.md	239	GATE	ref				
GATE-001	docs/planning/round1/DEF-laneB.md	239	GATE	ref				
DEF-B-1	docs/planning/round1/DEF-laneB.md	242	DEF	ref		P0	FIXED	docs/planning/round1/INTEGRATION.md
DEF-B-22	docs/planning/round1/DEF-laneB.md	244	DEF	def	P2	P2	FIXED	docs/planning/round1/INTEGRATION.md
DEF-B-23	docs/planning/round1/DEF-laneB.md	249	DEF	def	P2	P2	FIXED	docs/planning/round1/INTEGRATION.md
DEF-B-24	docs/planning/round1/DEF-laneB.md	257	DEF	def	P2	P2	FIXED	docs/planning/round1/INTEGRATION.md
GATE-MCP-N	docs/planning/round1/DEF-laneB.md	263	GATE	ref				
DEF-B-25	docs/planning/round1/DEF-laneB.md	265	DEF	def	P2	P2	FIXED	docs/planning/round1/INTEGRATION.md
GATE-DW-4	docs/planning/round1/DEF-laneB.md	266	GATE	ref				
GATE-005	docs/planning/round1/DEF-laneB.md	267	GATE	ref				
DEF-B-5	docs/planning/round1/DEF-laneB.md	270	DEF	ref		P1	FIXED	docs/planning/round1/INTEGRATION.md
DEF-B-5	docs/planning/round1/DEF-laneB.md	271	DEF	ref		P1	FIXED	docs/planning/round1/INTEGRATION.md
GATE-DW-4	docs/planning/round1/DEF-laneB.md	271	GATE	ref				
GATE-005	docs/planning/round1/DEF-laneB.md	272	GATE	ref				
GATE-DW-1	docs/planning/round1/DEF-laneB.md	288	GATE	ref				
GATE-008	docs/planning/round1/DEF-laneB.md	296	GATE	ref				
GATE-007	docs/planning/round1/DEF-laneC.md	17	GATE	ref				
GATE-010	docs/planning/round1/DEF-laneC.md	20	GATE	ref				
REQ-BU-4	docs/planning/round1/DEF-laneC.md	23	REQ	ref				
GATE-014	docs/planning/round1/DEF-laneC.md	23	GATE	ref				
UNK-1	docs/planning/round1/DEF-laneC.md	24	UNK	ref				
DEF-C-1	docs/planning/round1/DEF-laneC.md	30	DEF	def	P1	P1	FIXED	docs/planning/round1/INTEGRATION.md
GATE-007	docs/planning/round1/DEF-laneC.md	30	GATE	ref	P1			
DEF-C-2	docs/planning/round1/DEF-laneC.md	39	DEF	def	P1	P1	FIXED	docs/planning/round1/INTEGRATION.md
GATE-007	docs/planning/round1/DEF-laneC.md	39	GATE	ref	P1			
GATE-SB-1	docs/planning/round1/DEF-laneC.md	48	GATE	ref				
GATE-SB-2	docs/planning/round1/DEF-laneC.md	49	GATE	ref				
DEF-C-3	docs/planning/round1/DEF-laneC.md	51	DEF	def	P2	P2	FIXED	docs/planning/round1/INTEGRATION.md
GATE-007	docs/planning/round1/DEF-laneC.md	51	GATE	ref	P2			
REQ-1-style	docs/planning/round1/DEF-laneC.md	55	REQ	ref				
DEF-C-4	docs/planning/round1/DEF-laneC.md	59	DEF	def	P1	P1	FIXED	docs/planning/round1/INTEGRATION.md
GATE-010	docs/planning/round1/DEF-laneC.md	59	GATE	ref	P1			
DEF-C-5	docs/planning/round1/DEF-laneC.md	70	DEF	def	P1	P1	FIXED	docs/planning/round1/INTEGRATION.md
REQ-BU-2	docs/planning/round1/DEF-laneC.md	73	REQ	ref				
DEF-C-6	docs/planning/round1/DEF-laneC.md	83	DEF	def	P1	P1	FIXED	docs/planning/round1/INTEGRATION.md
REQ-BU-4	docs/planning/round1/DEF-laneC.md	83	REQ	ref	P1			
GATE-014	docs/planning/round1/DEF-laneC.md	84	GATE	ref				
GATE-015	docs/planning/round1/DEF-laneC.md	86	GATE	ref				
REQ-BU-4	docs/planning/round1/DEF-laneC.md	89	REQ	ref				
DEF-C-7	docs/planning/round1/DEF-laneC.md	94	DEF	def	P1	P1	FIXED	docs/planning/round1/INTEGRATION.md
UNK-1	docs/planning/round1/DEF-laneC.md	94	UNK	ref	P1			
UNK-1	docs/planning/round1/DEF-laneC.md	98	UNK	ref				
UNK-2	docs/planning/round1/DEF-laneC.md	101	UNK	ref				
DEF-C-8	docs/planning/round1/DEF-laneC.md	104	DEF	def	P1	P1	FIXED	docs/planning/round1/INTEGRATION.md
GATE-013	docs/planning/round1/DEF-laneC.md	109	GATE	ref				
DEF-C-9	docs/planning/round1/DEF-laneC.md	115	DEF	def	P2	P2	FIXED	docs/planning/round1/INTEGRATION.md
REQ-SEARCH-03	docs/planning/round1/DEF-laneC.md	116	REQ	ref				
GATE-010	docs/planning/round1/DEF-laneC.md	120	GATE	ref				
DEF-C-10	docs/planning/round1/DEF-laneC.md	123	DEF	def	P2	P2	FIXED	docs/planning/round1/INTEGRATION.md
GATE-CUA-01	docs/planning/round1/DEF-laneC.md	125	GATE	ref				
DEF-C-11	docs/planning/round1/DEF-laneC.md	134	DEF	def	P2	P2	FIXED	docs/planning/round1/INTEGRATION.md
DEF-C-12	docs/planning/round1/DEF-laneC.md	144	DEF	def	P2	P2	FIXED	docs/planning/round1/INTEGRATION.md
GATE-014	docs/planning/round1/DEF-laneC.md	144	GATE	ref	P2			
GATE-015	docs/planning/round1/DEF-laneC.md	147	GATE	ref				
GATE-014	docs/planning/round1/DEF-laneC.md	149	GATE	ref				
GATE-001	docs/planning/round1/DEF-laneD.md	5	GATE	ref				
GATE-018	docs/planning/round1/DEF-laneD.md	5	GATE	ref				
DEF-D-1	docs/planning/round1/DEF-laneD.md	15	DEF	def	P1;Tier:T0;Tier:T1;Tier:T2;Tier:T3	P1	FIXED	docs/planning/round1/INTEGRATION.md
CLAIM-5	docs/planning/round1/DEF-laneD.md	15	CLAIM	ref	P1;Tier:T0;Tier:T1;Tier:T2;Tier:T3			
CLAIM-11	docs/planning/round1/DEF-laneD.md	15	CLAIM	ref	P1;Tier:T0;Tier:T1;Tier:T2;Tier:T3			
DEF-D-2	docs/planning/round1/DEF-laneD.md	17	DEF	def	P1;Tier:T0;Tier:T1;Tier:T2;Tier:T3	P1	FIXED	docs/planning/round1/INTEGRATION.md
DEF-D-1	docs/planning/round1/DEF-laneD.md	17	DEF	ref	P1;Tier:T0;Tier:T1;Tier:T2;Tier:T3	P1	FIXED	docs/planning/round1/INTEGRATION.md
CLAIM-6	docs/planning/round1/DEF-laneD.md	17	CLAIM	ref	P1;Tier:T0;Tier:T1;Tier:T2;Tier:T3			
CLAIM-10	docs/planning/round1/DEF-laneD.md	17	CLAIM	ref	P1;Tier:T0;Tier:T1;Tier:T2;Tier:T3			
CLAIM-14	docs/planning/round1/DEF-laneD.md	17	CLAIM	ref	P1;Tier:T0;Tier:T1;Tier:T2;Tier:T3			
DEF-D-3	docs/planning/round1/DEF-laneD.md	19	DEF	def	P1;Tier:T0;Tier:T1;Tier:T2;Tier:T3	P1	FIXED	docs/planning/round1/INTEGRATION.md
GATE-VDB-01	docs/planning/round1/DEF-laneD.md	19	GATE	ref	P1;Tier:T0;Tier:T1;Tier:T2;Tier:T3			
DEF-D-4	docs/planning/round1/DEF-laneD.md	21	DEF	def	P1;Tier:T0;Tier:T1;Tier:T2;Tier:T3	P1	FIXED	docs/planning/round1/INTEGRATION.md
CLAIM-EH-01	docs/planning/round1/DEF-laneD.md	21	CLAIM	ref	P1;Tier:T0;Tier:T1;Tier:T2;Tier:T3			
CLAIM-EH-01	docs/planning/round1/DEF-laneD.md	21	CLAIM	ref	P1;Tier:T0;Tier:T1;Tier:T2;Tier:T3			
CLAIM-EH-01	docs/planning/round1/DEF-laneD.md	21	CLAIM	ref	P1;Tier:T0;Tier:T1;Tier:T2;Tier:T3			
CLAIM-EH-12	docs/planning/round1/DEF-laneD.md	21	CLAIM	ref	P1;Tier:T0;Tier:T1;Tier:T2;Tier:T3			
CLAIM-EH-13	docs/planning/round1/DEF-laneD.md	21	CLAIM	ref	P1;Tier:T0;Tier:T1;Tier:T2;Tier:T3			
CLAIM-EH-14	docs/planning/round1/DEF-laneD.md	21	CLAIM	ref	P1;Tier:T0;Tier:T1;Tier:T2;Tier:T3			
DEF-D-5	docs/planning/round1/DEF-laneD.md	23	DEF	def	P1;Tier:T2	P1	FIXED	docs/planning/round1/INTEGRATION.md
DEF-D-1	docs/planning/round1/DEF-laneD.md	23	DEF	ref	P1;Tier:T2	P1	FIXED	docs/planning/round1/INTEGRATION.md
DEF-D-4	docs/planning/round1/DEF-laneD.md	23	DEF	ref	P1;Tier:T2	P1	FIXED	docs/planning/round1/INTEGRATION.md
DEF-D-6	docs/planning/round1/DEF-laneD.md	25	DEF	def	P2;Tier:T0;Tier:T3;Tier:T2	P2	FIXED	docs/planning/round1/INTEGRATION.md
DEF-D-7	docs/planning/round1/DEF-laneD.md	29	DEF	def	P2;ADMISSIBLE;Tier:T1;Tier:T2;Tier:T0	P2	FIXED	docs/planning/round1/INTEGRATION.md
CLAIM-1	docs/planning/round1/DEF-laneD.md	29	CLAIM	ref	P2;ADMISSIBLE;Tier:T1;Tier:T2;Tier:T0			
DEF-D-8	docs/planning/round1/DEF-laneD.md	31	DEF	def	P2;ADMISSIBLE;CONTESTED;Tier:T1;Tier:T2	P2	FIXED	docs/planning/round1/INTEGRATION.md
CLAIM-VDB-04	docs/planning/round1/DEF-laneD.md	31	CLAIM	ref	P2;ADMISSIBLE;CONTESTED;Tier:T1;Tier:T2			
CLAIM-13	docs/planning/round1/DEF-laneD.md	33	CLAIM	ref	CONTESTED;Tier:T2;Decl:load-bearing			
UNK-1	docs/planning/round1/DEF-laneD.md	33	UNK	ref	CONTESTED;Tier:T2;Decl:load-bearing			
CLAIM-3	docs/planning/round1/DEF-laneD.md	33	CLAIM	ref	CONTESTED;Tier:T2;Decl:load-bearing			
CLAIM-14	docs/planning/round1/DEF-laneD.md	33	CLAIM	ref	CONTESTED;Tier:T2;Decl:load-bearing			
CLAIM-4	docs/planning/round1/DEF-laneD.md	33	CLAIM	ref	CONTESTED;Tier:T2;Decl:load-bearing			
CLAIM-EH-13	docs/planning/round1/DEF-laneD.md	33	CLAIM	ref	CONTESTED;Tier:T2;Decl:load-bearing			
DEF-D-9	docs/planning/round1/DEF-laneD.md	33	DEF	ref	CONTESTED;Tier:T2;Decl:load-bearing	P1	FIXED	docs/planning/round1/INTEGRATION.md
DEF-D-11	docs/planning/round1/DEF-laneD.md	33	DEF	ref	CONTESTED;Tier:T2;Decl:load-bearing	P1	FIXED	docs/planning/round1/INTEGRATION.md
UNK-VDB-01	docs/planning/round1/DEF-laneD.md	37	UNK	ref				
UNK-EH-O1	docs/planning/round1/DEF-laneD.md	37	UNK	ref				
UNK-EH-O2	docs/planning/round1/DEF-laneD.md	37	UNK	ref				
UNK-2	docs/planning/round1/DEF-laneD.md	37	UNK	ref				
UNK-3	docs/planning/round1/DEF-laneD.md	37	UNK	ref				
DEF-D-9	docs/planning/round1/DEF-laneD.md	41	DEF	def	P1	P1	FIXED	docs/planning/round1/INTEGRATION.md
UNK-2	docs/planning/round1/DEF-laneD.md	41	UNK	ref	P1			
GATE-004	docs/planning/round1/DEF-laneD.md	41	GATE	ref	P1			
DEF-D-10	docs/planning/round1/DEF-laneD.md	43	DEF	def	P1;CONTESTED;Tier:T3	P1	FIXED	docs/planning/round1/INTEGRATION.md
GATE-EH-3	docs/planning/round1/DEF-laneD.md	43	GATE	ref	P1;CONTESTED;Tier:T3			
CLAIM-EH-13	docs/planning/round1/DEF-laneD.md	43	CLAIM	ref	P1;CONTESTED;Tier:T3			
GATE-EH-3	docs/planning/round1/DEF-laneD.md	43	GATE	ref	P1;CONTESTED;Tier:T3			
DEF-D-11	docs/planning/round1/DEF-laneD.md	45	DEF	def	P1	P1	FIXED	docs/planning/round1/INTEGRATION.md
GATE-MEM-2	docs/planning/round1/DEF-laneD.md	45	GATE	ref	P1			
UNK-2	docs/planning/round1/DEF-laneD.md	45	UNK	ref	P1			
GATE-MEM-2	docs/planning/round1/DEF-laneD.md	45	GATE	ref	P1			
UNK-2	docs/planning/round1/DEF-laneD.md	45	UNK	ref	P1			
CLAIM-13	docs/planning/round1/DEF-laneD.md	49	CLAIM	ref				
UNK-EH-02	docs/planning/round1/DEF-laneD.md	49	UNK	ref				
DEF-D-8	docs/planning/round1/DEF-laneD.md	49	DEF	ref		P2	FIXED	docs/planning/round1/INTEGRATION.md
GATE-MEM-2	docs/planning/round1/DEF-laneD.md	53	GATE	ref				
GATE-MEM-2	docs/planning/round1/DEF-laneD.md	53	GATE	ref				
DEF-D-9	docs/planning/round1/DEF-laneD.md	53	DEF	ref		P1	FIXED	docs/planning/round1/INTEGRATION.md
DEF-D-11	docs/planning/round1/DEF-laneD.md	53	DEF	ref		P1	FIXED	docs/planning/round1/INTEGRATION.md
GATE-001	docs/planning/round1/DEF-laneE.md	9	GATE	ref				
GATE-018	docs/planning/round1/DEF-laneE.md	9	GATE	ref				
DEF-E-1	docs/planning/round1/DEF-laneE.md	31	DEF	def	P0	P0	FIXED	docs/planning/round1/INTEGRATION.md
DEF-E-2	docs/planning/round1/DEF-laneE.md	43	DEF	def	P1	P1	FIXED	docs/planning/round1/INTEGRATION.md
DEF-E-3	docs/planning/round1/DEF-laneE.md	52	DEF	def	P1	P1	FIXED	docs/planning/round1/INTEGRATION.md
DEF-E-4	docs/planning/round1/DEF-laneE.md	61	DEF	def	P1	P1	FIXED	docs/planning/round1/INTEGRATION.md
DEF-E-5	docs/planning/round1/DEF-laneE.md	71	DEF	def	P1	P1	FIXED	docs/planning/round1/INTEGRATION.md
GATE-001	docs/planning/round1/DEF-laneE.md	81	GATE	ref				
DEF-E-6	docs/planning/round1/DEF-laneE.md	84	DEF	def	P1	P1	FIXED	docs/planning/round1/INTEGRATION.md
DEF-E-7	docs/planning/round1/DEF-laneE.md	95	DEF	def	P1	P1	FIXED	docs/planning/round1/INTEGRATION.md
GATE-OBS-INGEST	docs/planning/round1/DEF-laneE.md	96	GATE	ref				
GATE-FT-01	docs/planning/round1/DEF-laneE.md	98	GATE	ref				
REQ-01	docs/planning/round1/DEF-laneE.md	106	REQ	ref				
CLAIM-01	docs/planning/round1/DEF-laneE.md	106	CLAIM	ref				
GATE-012	docs/planning/round1/DEF-laneE.md	106	GATE	ref				
GATE-015	docs/planning/round1/DEF-laneE.md	106	GATE	ref				
CLAIM-07	docs/planning/round1/DEF-laneE.md	111	CLAIM	ref				
UNK-05	docs/planning/round1/DEF-laneE.md	111	UNK	ref				
DEF-E-8	docs/planning/round1/DEF-laneE.md	114	DEF	def	P1	P1	FIXED	docs/planning/round1/INTEGRATION.md
DEF-E-9	docs/planning/round1/DEF-laneE.md	129	DEF	def	P1	P1	FIXED	docs/planning/round1/INTEGRATION.md
DEF-E-10	docs/planning/round1/DEF-laneE.md	139	DEF	def	P1	P1	FIXED	docs/planning/round1/INTEGRATION.md
UNK-GR-01	docs/planning/round1/DEF-laneE.md	152	UNK	ref				
DEF-E-11	docs/planning/round1/DEF-laneE.md	156	DEF	def	P2	P2	FIXED	docs/planning/round1/INTEGRATION.md
DEF-E-12	docs/planning/round1/DEF-laneE.md	163	DEF	def	P2	P2	FIXED	docs/planning/round1/INTEGRATION.md
CLAIM-OBS-009	docs/planning/round1/DEF-laneE.md	166	CLAIM	ref				
CLAIM-OBS-009	docs/planning/round1/DEF-laneE.md	167	CLAIM	ref				
DEF-E-13	docs/planning/round1/DEF-laneE.md	169	DEF	def	P2	P2	FIXED	docs/planning/round1/INTEGRATION.md
DEF-E-14	docs/planning/round1/DEF-laneE.md	178	DEF	def	P2	P2	FIXED	docs/planning/round1/INTEGRATION.md
DEF-E-15	docs/planning/round1/DEF-laneE.md	185	DEF	def	P2	P2	FIXED	docs/planning/round1/INTEGRATION.md
GATE-001	docs/planning/round1/DEF-laneF.md	6	GATE	ref				
GATE-018	docs/planning/round1/DEF-laneF.md	6	GATE	ref				
DEF-F-1	docs/planning/round1/DEF-laneF.md	27	DEF	def	P0	P0	FIXED	docs/planning/round1/INTEGRATION.md
DEF-F-2	docs/planning/round1/DEF-laneF.md	41	DEF	def	P1	P1	FIXED	docs/planning/round1/INTEGRATION.md
DEF-F-3	docs/planning/round1/DEF-laneF.md	54	DEF	def	P1	P1	FIXED	docs/planning/round1/INTEGRATION.md
GATE-001	docs/planning/round1/DEF-laneF.md	57	GATE	ref				
GATE-001	docs/planning/round1/DEF-laneF.md	62	GATE	ref				
DEF-F-4	docs/planning/round1/DEF-laneF.md	68	DEF	def	P1	P1	FIXED	docs/planning/round1/INTEGRATION.md
CLAIM-VA-3	docs/planning/round1/DEF-laneF.md	72	CLAIM	ref	Tier:T0;Tier:T1;Tier:T2;Tier:T3			
CLAIM-VA-14	docs/planning/round1/DEF-laneF.md	72	CLAIM	ref	Tier:T0;Tier:T1;Tier:T2;Tier:T3			
DEF-F-5	docs/planning/round1/DEF-laneF.md	79	DEF	def	P1;Tier:T0	P1	FIXED	docs/planning/round1/INTEGRATION.md
DEF-F-6	docs/planning/round1/DEF-laneF.md	89	DEF	def	P1	P1	FIXED	docs/planning/round1/INTEGRATION.md
DEF-F-7	docs/planning/round1/DEF-laneF.md	102	DEF	def	P1	P1	FIXED	docs/planning/round1/INTEGRATION.md
DEF-F-8	docs/planning/round1/DEF-laneF.md	110	DEF	def	P1	P1	FIXED	docs/planning/round1/INTEGRATION.md
DEF-F-9	docs/planning/round1/DEF-laneF.md	118	DEF	def	P1	P1	FIXED	docs/planning/round1/INTEGRATION.md
DEF-F-10	docs/planning/round1/DEF-laneF.md	126	DEF	def	P1	P1	FIXED	docs/planning/round1/INTEGRATION.md
DEF-F-11	docs/planning/round1/DEF-laneF.md	134	DEF	def	P1	P1	FIXED	docs/planning/round1/INTEGRATION.md
DEF-F-12	docs/planning/round1/DEF-laneF.md	145	DEF	def	P2	P2	FIXED	docs/planning/round1/INTEGRATION.md
REQ-VA	docs/planning/round1/DEF-laneF.md	149	REQ	ref				
DEF-F-13	docs/planning/round1/DEF-laneF.md	155	DEF	def	P2	P2	FIXED	docs/planning/round1/INTEGRATION.md
DEF-F-10	docs/planning/round1/DEF-laneF.md	159	DEF	ref		P1	FIXED	docs/planning/round1/INTEGRATION.md
DEF-F-14	docs/planning/round1/DEF-laneF.md	161	DEF	def	P2	P2	FIXED	docs/planning/round1/INTEGRATION.md
DEF-F-15	docs/planning/round1/DEF-laneF.md	169	DEF	def	P2	P2	FIXED	docs/planning/round1/INTEGRATION.md
DEF-F-16	docs/planning/round1/DEF-laneF.md	177	DEF	def	P2	P2	FIXED	docs/planning/round1/INTEGRATION.md
DEF-F-17	docs/planning/round1/DEF-laneF.md	186	DEF	def	P2	P2	FIXED	docs/planning/round1/INTEGRATION.md
DEF-F-18	docs/planning/round1/DEF-laneF.md	196	DEF	def	P2	P2	FIXED	docs/planning/round1/INTEGRATION.md
DEF-F-19	docs/planning/round1/DEF-laneF.md	203	DEF	def	P2	P2	WONTFIX	docs/planning/round1/INTEGRATION.md
CLAIM-VA	docs/planning/round1/DEF-laneF.md	204	CLAIM	ref	Decl:load-bearing			
DEF-F-20	docs/planning/round1/DEF-laneF.md	211	DEF	def	P2	P2	FIXED	docs/planning/round1/INTEGRATION.md
DEF-A-1	docs/planning/round1/INTEGRATION.md	32	DEF	ref	P0;FIXED	P0	FIXED	docs/planning/round1/INTEGRATION.md
DEF-A-2	docs/planning/round1/INTEGRATION.md	33	DEF	ref	P1;FIXED	P1	FIXED	docs/planning/round1/INTEGRATION.md
UNK-01	docs/planning/round1/INTEGRATION.md	33	UNK	ref	P1;FIXED			
DEF-A-3	docs/planning/round1/INTEGRATION.md	34	DEF	ref	P1;FIXED	P1	FIXED	docs/planning/round1/INTEGRATION.md
UNK-1	docs/planning/round1/INTEGRATION.md	34	UNK	ref	P1;FIXED			
DEF-A-4	docs/planning/round1/INTEGRATION.md	35	DEF	ref	P1;FIXED	P1	FIXED	docs/planning/round1/INTEGRATION.md
UNK-1	docs/planning/round1/INTEGRATION.md	35	UNK	ref	P1;FIXED			
DEF-A-5	docs/planning/round1/INTEGRATION.md	36	DEF	ref	P1;FIXED	P1	FIXED	docs/planning/round1/INTEGRATION.md
UNK-EMB-O1	docs/planning/round1/INTEGRATION.md	36	UNK	ref	P1;FIXED			
DEF-A-6	docs/planning/round1/INTEGRATION.md	37	DEF	ref	P1;FIXED	P1	FIXED	docs/planning/round1/INTEGRATION.md
DEF-A-7	docs/planning/round1/INTEGRATION.md	38	DEF	ref	P2;FIXED	P2	FIXED	docs/planning/round1/INTEGRATION.md
DEF-A-8	docs/planning/round1/INTEGRATION.md	39	DEF	ref	P2;DEFERRED	P2	DEFERRED	docs/planning/round1/INTEGRATION.md
REQ-01	docs/planning/round1/INTEGRATION.md	39	REQ	ref	P2;DEFERRED			
REQ-1	docs/planning/round1/INTEGRATION.md	39	REQ	ref	P2;DEFERRED			
REQ-EMB-001	docs/planning/round1/INTEGRATION.md	39	REQ	ref	P2;DEFERRED			
CLAIM-01	docs/planning/round1/INTEGRATION.md	39	CLAIM	ref	P2;DEFERRED			
CLAIM-EMB-001	docs/planning/round1/INTEGRATION.md	39	CLAIM	ref	P2;DEFERRED			
GATE-RAG-1	docs/planning/round1/INTEGRATION.md	39	GATE	ref	P2;DEFERRED			
GATE-RL-01	docs/planning/round1/INTEGRATION.md	39	GATE	ref	P2;DEFERRED			
DEF-A-9	docs/planning/round1/INTEGRATION.md	40	DEF	ref	P2;FIXED	P2	FIXED	docs/planning/round1/INTEGRATION.md
DEF-B-1	docs/planning/round1/INTEGRATION.md	44	DEF	ref	P0;FIXED	P0	FIXED	docs/planning/round1/INTEGRATION.md
GATE-001	docs/planning/round1/INTEGRATION.md	44	GATE	ref	P0;FIXED			
GATE-018	docs/planning/round1/INTEGRATION.md	44	GATE	ref	P0;FIXED			
DEF-B-2	docs/planning/round1/INTEGRATION.md	45	DEF	ref	P1;FIXED	P1	FIXED	docs/planning/round1/INTEGRATION.md
DEF-B-3	docs/planning/round1/INTEGRATION.md	46	DEF	ref	P1;FIXED	P1	FIXED	docs/planning/round1/INTEGRATION.md
DEF-B-4	docs/planning/round1/INTEGRATION.md	47	DEF	ref	P1;FIXED	P1	FIXED	docs/planning/round1/INTEGRATION.md
DEF-B-5	docs/planning/round1/INTEGRATION.md	48	DEF	ref	P1;FIXED	P1	FIXED	docs/planning/round1/INTEGRATION.md
REQ-DW-6	docs/planning/round1/INTEGRATION.md	48	REQ	ref	P1;FIXED			
DEF-B-6	docs/planning/round1/INTEGRATION.md	49	DEF	ref	P1;FIXED	P1	FIXED	docs/planning/round1/INTEGRATION.md
DEF-B-7	docs/planning/round1/INTEGRATION.md	50	DEF	ref	P1;FIXED	P1	FIXED	docs/planning/round1/INTEGRATION.md
DEF-B-8	docs/planning/round1/INTEGRATION.md	51	DEF	ref	P1;FIXED;Decl:advisory	P1	FIXED	docs/planning/round1/INTEGRATION.md
DEF-B-9	docs/planning/round1/INTEGRATION.md	52	DEF	ref	P1;FIXED;Decl:advisory	P1	FIXED	docs/planning/round1/INTEGRATION.md
DEF-B-10	docs/planning/round1/INTEGRATION.md	53	DEF	ref	P1;FIXED	P1	FIXED	docs/planning/round1/INTEGRATION.md
DEF-B-11	docs/planning/round1/INTEGRATION.md	54	DEF	ref	P1;FIXED	P1	FIXED	docs/planning/round1/INTEGRATION.md
GATE-005	docs/planning/round1/INTEGRATION.md	54	GATE	ref	P1;FIXED			
DEF-B-12	docs/planning/round1/INTEGRATION.md	55	DEF	ref	P1;FIXED	P1	FIXED	docs/planning/round1/INTEGRATION.md
GATE-MCP-01	docs/planning/round1/INTEGRATION.md	55	GATE	ref	P1;FIXED			
GATE-006	docs/planning/round1/INTEGRATION.md	55	GATE	ref	P1;FIXED			
DEF-B-13	docs/planning/round1/INTEGRATION.md	56	DEF	ref	P1;FIXED	P1	FIXED	docs/planning/round1/INTEGRATION.md
GATE-MCP-03	docs/planning/round1/INTEGRATION.md	56	GATE	ref	P1;FIXED			
GATE-017	docs/planning/round1/INTEGRATION.md	56	GATE	ref	P1;FIXED			
DEF-B-14	docs/planning/round1/INTEGRATION.md	57	DEF	ref	P1;FIXED	P1	FIXED	docs/planning/round1/INTEGRATION.md
GATE-MAP-1	docs/planning/round1/INTEGRATION.md	57	GATE	ref	P1;FIXED			
GATE-006	docs/planning/round1/INTEGRATION.md	57	GATE	ref	P1;FIXED			
GATE-MAP-3	docs/planning/round1/INTEGRATION.md	57	GATE	ref	P1;FIXED			
DEF-B-15	docs/planning/round1/INTEGRATION.md	58	DEF	ref	P1;FIXED;Decl:advisory;Decl:load-bearing;Decl:universal	P1	FIXED	docs/planning/round1/INTEGRATION.md
GATE-004	docs/planning/round1/INTEGRATION.md	58	GATE	ref	P1;FIXED;Decl:advisory;Decl:load-bearing;Decl:universal			
GATE-005	docs/planning/round1/INTEGRATION.md	58	GATE	ref	P1;FIXED;Decl:advisory;Decl:load-bearing;Decl:universal			
GATE-014	docs/planning/round1/INTEGRATION.md	58	GATE	ref	P1;FIXED;Decl:advisory;Decl:load-bearing;Decl:universal			
DEF-B-16	docs/planning/round1/INTEGRATION.md	59	DEF	ref	P1;FIXED;Decl:advisory;Decl:load-bearing;Decl:universal	P1	FIXED	docs/planning/round1/INTEGRATION.md
GATE-004	docs/planning/round1/INTEGRATION.md	59	GATE	ref	P1;FIXED;Decl:advisory;Decl:load-bearing;Decl:universal			
GATE-006	docs/planning/round1/INTEGRATION.md	59	GATE	ref	P1;FIXED;Decl:advisory;Decl:load-bearing;Decl:universal			
GATE-014	docs/planning/round1/INTEGRATION.md	59	GATE	ref	P1;FIXED;Decl:advisory;Decl:load-bearing;Decl:universal			
DEF-B-17	docs/planning/round1/INTEGRATION.md	60	DEF	ref	P1;FIXED;Decl:load-bearing;Decl:universal	P1	FIXED	docs/planning/round1/INTEGRATION.md
GATE-006	docs/planning/round1/INTEGRATION.md	60	GATE	ref	P1;FIXED;Decl:load-bearing;Decl:universal			
GATE-014	docs/planning/round1/INTEGRATION.md	60	GATE	ref	P1;FIXED;Decl:load-bearing;Decl:universal			
DEF-B-18	docs/planning/round1/INTEGRATION.md	61	DEF	ref	P1;FIXED;Decl:load-bearing;Decl:advisory;Decl:universal	P1	FIXED	docs/planning/round1/INTEGRATION.md
GATE-005	docs/planning/round1/INTEGRATION.md	61	GATE	ref	P1;FIXED;Decl:load-bearing;Decl:advisory;Decl:universal			
GATE-017	docs/planning/round1/INTEGRATION.md	61	GATE	ref	P1;FIXED;Decl:load-bearing;Decl:advisory;Decl:universal			
GATE-014	docs/planning/round1/INTEGRATION.md	61	GATE	ref	P1;FIXED;Decl:load-bearing;Decl:advisory;Decl:universal			
DEF-B-19	docs/planning/round1/INTEGRATION.md	62	DEF	ref	P1;FIXED;Tier:T0;Tier:T3	P1	FIXED	docs/planning/round1/INTEGRATION.md
DEF-B-20	docs/planning/round1/INTEGRATION.md	63	DEF	ref	P2;FIXED	P2	FIXED	docs/planning/round1/INTEGRATION.md
GATE-002	docs/planning/round1/INTEGRATION.md	63	GATE	ref	P2;FIXED			
DEF-B-21	docs/planning/round1/INTEGRATION.md	64	DEF	ref	P2;FIXED	P2	FIXED	docs/planning/round1/INTEGRATION.md
DEF-B-22	docs/planning/round1/INTEGRATION.md	65	DEF	ref	P2;FIXED	P2	FIXED	docs/planning/round1/INTEGRATION.md
DEF-B-23	docs/planning/round1/INTEGRATION.md	66	DEF	ref	P2;FIXED	P2	FIXED	docs/planning/round1/INTEGRATION.md
DEF-B-24	docs/planning/round1/INTEGRATION.md	67	DEF	ref	P2;FIXED	P2	FIXED	docs/planning/round1/INTEGRATION.md
DEF-B-25	docs/planning/round1/INTEGRATION.md	68	DEF	ref	P2;FIXED	P2	FIXED	docs/planning/round1/INTEGRATION.md
GATE-DW-4	docs/planning/round1/INTEGRATION.md	68	GATE	ref	P2;FIXED			
GATE-005	docs/planning/round1/INTEGRATION.md	68	GATE	ref	P2;FIXED			
DEF-C-1	docs/planning/round1/INTEGRATION.md	72	DEF	ref	P1;FIXED	P1	FIXED	docs/planning/round1/INTEGRATION.md
GATE-007	docs/planning/round1/INTEGRATION.md	72	GATE	ref	P1;FIXED			
DEF-C-2	docs/planning/round1/INTEGRATION.md	73	DEF	ref	P1;FIXED	P1	FIXED	docs/planning/round1/INTEGRATION.md
GATE-007	docs/planning/round1/INTEGRATION.md	73	GATE	ref	P1;FIXED			
DEF-C-3	docs/planning/round1/INTEGRATION.md	74	DEF	ref	P2;FIXED	P2	FIXED	docs/planning/round1/INTEGRATION.md
GATE-007	docs/planning/round1/INTEGRATION.md	74	GATE	ref	P2;FIXED			
DEF-C-4	docs/planning/round1/INTEGRATION.md	75	DEF	ref	P1;FIXED	P1	FIXED	docs/planning/round1/INTEGRATION.md
GATE-010	docs/planning/round1/INTEGRATION.md	75	GATE	ref	P1;FIXED			
DEF-C-5	docs/planning/round1/INTEGRATION.md	76	DEF	ref	P1;FIXED	P1	FIXED	docs/planning/round1/INTEGRATION.md
DEF-C-6	docs/planning/round1/INTEGRATION.md	77	DEF	ref	P1;FIXED	P1	FIXED	docs/planning/round1/INTEGRATION.md
DEF-C-7	docs/planning/round1/INTEGRATION.md	78	DEF	ref	P1;FIXED	P1	FIXED	docs/planning/round1/INTEGRATION.md
UNK-1	docs/planning/round1/INTEGRATION.md	78	UNK	ref	P1;FIXED			
DEF-C-8	docs/planning/round1/INTEGRATION.md	79	DEF	ref	P1;FIXED	P1	FIXED	docs/planning/round1/INTEGRATION.md
REQ-CI-COST	docs/planning/round1/INTEGRATION.md	79	REQ	ref	P1;FIXED			
DEF-C-9	docs/planning/round1/INTEGRATION.md	80	DEF	ref	P2;FIXED	P2	FIXED	docs/planning/round1/INTEGRATION.md
REQ-SEARCH-03	docs/planning/round1/INTEGRATION.md	80	REQ	ref	P2;FIXED			
GATE-010	docs/planning/round1/INTEGRATION.md	80	GATE	ref	P2;FIXED			
DEF-C-10	docs/planning/round1/INTEGRATION.md	81	DEF	ref	P2;FIXED	P2	FIXED	docs/planning/round1/INTEGRATION.md
DEF-C-11	docs/planning/round1/INTEGRATION.md	82	DEF	ref	P2;FIXED;Decl:advisory	P2	FIXED	docs/planning/round1/INTEGRATION.md
DEF-C-12	docs/planning/round1/INTEGRATION.md	83	DEF	ref	P2;FIXED	P2	FIXED	docs/planning/round1/INTEGRATION.md
GATE-014	docs/planning/round1/INTEGRATION.md	83	GATE	ref	P2;FIXED			
DEF-D-1	docs/planning/round1/INTEGRATION.md	87	DEF	ref	P1;FIXED	P1	FIXED	docs/planning/round1/INTEGRATION.md
DEF-D-2	docs/planning/round1/INTEGRATION.md	88	DEF	ref	P1;FIXED	P1	FIXED	docs/planning/round1/INTEGRATION.md
DEF-D-3	docs/planning/round1/INTEGRATION.md	89	DEF	ref	P1;FIXED;Tier:T2;Tier:T1	P1	FIXED	docs/planning/round1/INTEGRATION.md
GATE-VDB-01	docs/planning/round1/INTEGRATION.md	89	GATE	ref	P1;FIXED;Tier:T2;Tier:T1			
DEF-D-4	docs/planning/round1/INTEGRATION.md	90	DEF	ref	P1;FIXED	P1	FIXED	docs/planning/round1/INTEGRATION.md
DEF-D-5	docs/planning/round1/INTEGRATION.md	91	DEF	ref	P1;FIXED	P1	FIXED	docs/planning/round1/INTEGRATION.md
DEF-D-6	docs/planning/round1/INTEGRATION.md	92	DEF	ref	P2;FIXED;Tier:T2	P2	FIXED	docs/planning/round1/INTEGRATION.md
DEF-D-7	docs/planning/round1/INTEGRATION.md	93	DEF	ref	P2;FIXED;Tier:T0;Tier:T2	P2	FIXED	docs/planning/round1/INTEGRATION.md
CLAIM-1	docs/planning/round1/INTEGRATION.md	93	CLAIM	ref	P2;FIXED;Tier:T0;Tier:T2			
CLAIM-1	docs/planning/round1/INTEGRATION.md	93	CLAIM	ref	P2;FIXED;Tier:T0;Tier:T2			
CLAIM-1b	docs/planning/round1/INTEGRATION.md	93	CLAIM	ref	P2;FIXED;Tier:T0;Tier:T2			
DEF-D-8	docs/planning/round1/INTEGRATION.md	94	DEF	ref	P2;CONTESTED;FIXED;Tier:T2	P2	FIXED	docs/planning/round1/INTEGRATION.md
CLAIM-VDB-04	docs/planning/round1/INTEGRATION.md	94	CLAIM	ref	P2;CONTESTED;FIXED;Tier:T2			
DEF-D-9	docs/planning/round1/INTEGRATION.md	95	DEF	ref	P1;FIXED	P1	FIXED	docs/planning/round1/INTEGRATION.md
GATE-RAG-1	docs/planning/round1/INTEGRATION.md	95	GATE	ref	P1;FIXED			
DEF-D-10	docs/planning/round1/INTEGRATION.md	96	DEF	ref	P1;FIXED	P1	FIXED	docs/planning/round1/INTEGRATION.md
GATE-EH-3	docs/planning/round1/INTEGRATION.md	96	GATE	ref	P1;FIXED			
DEF-D-11	docs/planning/round1/INTEGRATION.md	97	DEF	ref	P1;FIXED	P1	FIXED	docs/planning/round1/INTEGRATION.md
GATE-MEM-2	docs/planning/round1/INTEGRATION.md	97	GATE	ref	P1;FIXED			
DEF-E-1	docs/planning/round1/INTEGRATION.md	101	DEF	ref	P0;FIXED	P0	FIXED	docs/planning/round1/INTEGRATION.md
DEF-E-2	docs/planning/round1/INTEGRATION.md	102	DEF	ref	P1;FIXED;OPEN;WONTFIX;DEFERRED	P1	FIXED	docs/planning/round1/INTEGRATION.md
DEF-E-3	docs/planning/round1/INTEGRATION.md	103	DEF	ref	P1;FIXED	P1	FIXED	docs/planning/round1/INTEGRATION.md
DEF-E-4	docs/planning/round1/INTEGRATION.md	104	DEF	ref	P1;FIXED	P1	FIXED	docs/planning/round1/INTEGRATION.md
DEF-E-5	docs/planning/round1/INTEGRATION.md	105	DEF	ref	P1;FIXED;RETIRED	P1	FIXED	docs/planning/round1/INTEGRATION.md
GATE-001	docs/planning/round1/INTEGRATION.md	105	GATE	ref	P1;FIXED;RETIRED			
DEF-E-6	docs/planning/round1/INTEGRATION.md	106	DEF	ref	P1;FIXED	P1	FIXED	docs/planning/round1/INTEGRATION.md
DEF-E-7	docs/planning/round1/INTEGRATION.md	107	DEF	ref	P1;FIXED	P1	FIXED	docs/planning/round1/INTEGRATION.md
DEF-C-8	docs/planning/round1/INTEGRATION.md	107	DEF	ref	P1;FIXED	P1	FIXED	docs/planning/round1/INTEGRATION.md
REQ-CI-COST	docs/planning/round1/INTEGRATION.md	107	REQ	ref	P1;FIXED			
DEF-E-8	docs/planning/round1/INTEGRATION.md	108	DEF	ref	P1;FIXED	P1	FIXED	docs/planning/round1/INTEGRATION.md
DEF-B-19	docs/planning/round1/INTEGRATION.md	108	DEF	ref	P1;FIXED	P1	FIXED	docs/planning/round1/INTEGRATION.md
DEF-D-1	docs/planning/round1/INTEGRATION.md	108	DEF	ref	P1;FIXED	P1	FIXED	docs/planning/round1/INTEGRATION.md
DEF-E-9	docs/planning/round1/INTEGRATION.md	109	DEF	ref	P1;FIXED;OPEN	P1	FIXED	docs/planning/round1/INTEGRATION.md
DEF-E-10	docs/planning/round1/INTEGRATION.md	110	DEF	ref	P1;FIXED	P1	FIXED	docs/planning/round1/INTEGRATION.md
DEF-A-1	docs/planning/round1/INTEGRATION.md	110	DEF	ref	P1;FIXED	P0	FIXED	docs/planning/round1/INTEGRATION.md
DEF-E-11	docs/planning/round1/INTEGRATION.md	111	DEF	ref	P2;FIXED	P2	FIXED	docs/planning/round1/INTEGRATION.md
DEF-E-12	docs/planning/round1/INTEGRATION.md	112	DEF	ref	P2;FIXED	P2	FIXED	docs/planning/round1/INTEGRATION.md
CLAIM-OBS-009	docs/planning/round1/INTEGRATION.md	112	CLAIM	ref	P2;FIXED			
DEF-E-13	docs/planning/round1/INTEGRATION.md	113	DEF	ref	P2;FIXED	P2	FIXED	docs/planning/round1/INTEGRATION.md
DEF-E-14	docs/planning/round1/INTEGRATION.md	114	DEF	ref	P2;FIXED	P2	FIXED	docs/planning/round1/INTEGRATION.md
DEF-E-15	docs/planning/round1/INTEGRATION.md	115	DEF	ref	P2;FIXED	P2	FIXED	docs/planning/round1/INTEGRATION.md
DEF-F-1	docs/planning/round1/INTEGRATION.md	119	DEF	ref	P0;FIXED	P0	FIXED	docs/planning/round1/INTEGRATION.md
DEF-A-6	docs/planning/round1/INTEGRATION.md	119	DEF	ref	P0;FIXED	P1	FIXED	docs/planning/round1/INTEGRATION.md
DEF-F-2	docs/planning/round1/INTEGRATION.md	120	DEF	ref	P1;FIXED	P1	FIXED	docs/planning/round1/INTEGRATION.md
DEF-F-3	docs/planning/round1/INTEGRATION.md	121	DEF	ref	P1;FIXED	P1	FIXED	docs/planning/round1/INTEGRATION.md
GATE-RL-01	docs/planning/round1/INTEGRATION.md	121	GATE	ref	P1;FIXED			
DEF-F-4	docs/planning/round1/INTEGRATION.md	122	DEF	ref	P1;FIXED;Tier:T0;Tier:T3	P1	FIXED	docs/planning/round1/INTEGRATION.md
DEF-F-5	docs/planning/round1/INTEGRATION.md	123	DEF	ref	P1;FIXED	P1	FIXED	docs/planning/round1/INTEGRATION.md
DEF-F-6	docs/planning/round1/INTEGRATION.md	124	DEF	ref	P1;FIXED	P1	FIXED	docs/planning/round1/INTEGRATION.md
DEF-A-1	docs/planning/round1/INTEGRATION.md	124	DEF	ref	P1;FIXED	P0	FIXED	docs/planning/round1/INTEGRATION.md
DEF-E-10	docs/planning/round1/INTEGRATION.md	124	DEF	ref	P1;FIXED	P1	FIXED	docs/planning/round1/INTEGRATION.md
DEF-F-7	docs/planning/round1/INTEGRATION.md	125	DEF	ref	P1;FIXED;Decl:advisory	P1	FIXED	docs/planning/round1/INTEGRATION.md
REQ-5	docs/planning/round1/INTEGRATION.md	125	REQ	ref	P1;FIXED;Decl:advisory			
DEF-F-8	docs/planning/round1/INTEGRATION.md	126	DEF	ref	P1;FIXED	P1	FIXED	docs/planning/round1/INTEGRATION.md
DEF-F-9	docs/planning/round1/INTEGRATION.md	127	DEF	ref	P1;FIXED	P1	FIXED	docs/planning/round1/INTEGRATION.md
DEF-F-10	docs/planning/round1/INTEGRATION.md	128	DEF	ref	P1;FIXED	P1	FIXED	docs/planning/round1/INTEGRATION.md
DEF-F-11	docs/planning/round1/INTEGRATION.md	129	DEF	ref	P1;FIXED	P1	FIXED	docs/planning/round1/INTEGRATION.md
DEF-F-12	docs/planning/round1/INTEGRATION.md	130	DEF	ref	P2;FIXED	P2	FIXED	docs/planning/round1/INTEGRATION.md
DEF-F-13	docs/planning/round1/INTEGRATION.md	131	DEF	ref	P2;FIXED	P2	FIXED	docs/planning/round1/INTEGRATION.md
DEF-F-14	docs/planning/round1/INTEGRATION.md	132	DEF	ref	P2;FIXED	P2	FIXED	docs/planning/round1/INTEGRATION.md
DEF-F-15	docs/planning/round1/INTEGRATION.md	133	DEF	ref	P2;FIXED	P2	FIXED	docs/planning/round1/INTEGRATION.md
DEF-F-16	docs/planning/round1/INTEGRATION.md	134	DEF	ref	P2;FIXED	P2	FIXED	docs/planning/round1/INTEGRATION.md
DEF-F-17	docs/planning/round1/INTEGRATION.md	135	DEF	ref	P2;FIXED	P2	FIXED	docs/planning/round1/INTEGRATION.md
DEF-F-18	docs/planning/round1/INTEGRATION.md	136	DEF	ref	P2;FIXED	P2	FIXED	docs/planning/round1/INTEGRATION.md
DEF-F-19	docs/planning/round1/INTEGRATION.md	137	DEF	ref	P2;WONTFIX	P2	WONTFIX	docs/planning/round1/INTEGRATION.md
DEF-F-20	docs/planning/round1/INTEGRATION.md	138	DEF	ref	P2;FIXED	P2	FIXED	docs/planning/round1/INTEGRATION.md
DEF-A-8	docs/planning/round1/INTEGRATION.md	142	DEF	ref		P2	DEFERRED	docs/planning/round1/INTEGRATION.md
REQ-01	docs/planning/round1/INTEGRATION.md	142	REQ	ref				
REQ-1	docs/planning/round1/INTEGRATION.md	142	REQ	ref				
REQ-EMB-001	docs/planning/round1/INTEGRATION.md	142	REQ	ref				
DEF-F-19	docs/planning/round1/INTEGRATION.md	146	DEF	ref		P2	WONTFIX	docs/planning/round1/INTEGRATION.md
UNK-1	docs/planning/round1/INTEGRATION.md	151	UNK	ref				
GATE-EH-3	docs/planning/round1/INTEGRATION.md	152	GATE	ref				
GATE-MEM-2	docs/planning/round1/INTEGRATION.md	152	GATE	ref				
GATE-007	docs/planning/round1/INTEGRATION.md	152	GATE	ref				
GATE-RL-04	docs/planning/round1/INTEGRATION.md	152	GATE	ref				
GATE-004	docs/planning/round1/INTEGRATION.md	152	GATE	ref				
DEF2-A-1	docs/planning/round2/DEF2-laneA.md	24	DEF	def	P1	P1	FIXED	docs/planning/round2/INTEGRATION2.md
DEF2-A-2	docs/planning/round2/DEF2-laneA.md	31	DEF	def	P1	P1	FIXED	docs/planning/round2/INTEGRATION2.md
GATE-001	docs/planning/round2/DEF2-laneA.md	32	GATE	ref				
GATE-001	docs/planning/round2/DEF2-laneA.md	37	GATE	ref				
DEF2-A-3	docs/planning/round2/DEF2-laneA.md	40	DEF	def	P1	P1	FIXED	docs/planning/round2/INTEGRATION2.md
DEF2-A-4	docs/planning/round2/DEF2-laneA.md	52	DEF	def	P2	P2	FIXED	docs/planning/round2/INTEGRATION2.md
DEF2-A-5	docs/planning/round2/DEF2-laneA.md	59	DEF	def	P2	P2	FIXED	docs/planning/round2/INTEGRATION2.md
GATE-001	docs/planning/round2/DEF2-laneA.md	66	GATE	ref				
GATE-018	docs/planning/round2/DEF2-laneA.md	66	GATE	ref				
DEF2-A-6	docs/planning/round2/DEF2-laneA.md	68	DEF	def	P2	P2	FIXED	docs/planning/round2/INTEGRATION2.md
DEF2-A-7	docs/planning/round2/DEF2-laneA.md	76	DEF	def	P1	P1	FIXED	docs/planning/round2/INTEGRATION2.md
DEF2-A-8	docs/planning/round2/DEF2-laneA.md	88	DEF	def	P2	P2	FIXED	docs/planning/round2/INTEGRATION2.md
DEF2-A-9	docs/planning/round2/DEF2-laneA.md	94	DEF	def	P2	P2	FIXED	docs/planning/round2/INTEGRATION2.md
DEF2-A-10	docs/planning/round2/DEF2-laneA.md	110	DEF	def	P2	P2	FIXED	docs/planning/round2/INTEGRATION2.md
DEF2-A-11	docs/planning/round2/DEF2-laneA.md	119	DEF	def	P2	P2	FIXED	docs/planning/round2/INTEGRATION2.md
DEF2-A-12	docs/planning/round2/DEF2-laneA.md	130	DEF	def	P2	P2	FIXED	docs/planning/round2/INTEGRATION2.md
DEF2-A-13	docs/planning/round2/DEF2-laneA.md	139	DEF	def	P2	P2	FIXED	docs/planning/round2/INTEGRATION2.md
DEF2-A-14	docs/planning/round2/DEF2-laneA.md	146	DEF	def	P2	P2	FIXED	docs/planning/round2/INTEGRATION2.md
DEF2-A-15	docs/planning/round2/DEF2-laneA.md	153	DEF	def	P2	P2	FIXED	docs/planning/round2/INTEGRATION2.md
DEF2-A-9	docs/planning/round2/DEF2-laneA.md	165	DEF	ref		P2	FIXED	docs/planning/round2/INTEGRATION2.md
DEF2-A-9	docs/planning/round2/DEF2-laneA.md	171	DEF	ref		P2	FIXED	docs/planning/round2/INTEGRATION2.md
DEF-A-1	docs/planning/round2/DEF2-laneA.md	173	DEF	ref		P0	FIXED	docs/planning/round1/INTEGRATION.md
GATE-001	docs/planning/round2/DEF2-laneB.md	6	GATE	ref				
DEF2-B-1	docs/planning/round2/DEF2-laneB.md	14	DEF	def	P1;Tier:T0;Tier:T3	P1	FIXED	docs/planning/round2/INTEGRATION2.md
DEF2-B-2	docs/planning/round2/DEF2-laneB.md	30	DEF	def	P1;Decl:load-bearing	P1	FIXED	docs/planning/round2/INTEGRATION2.md
GATE-SO-2	docs/planning/round2/DEF2-laneB.md	31	GATE	ref	Decl:advisory			
GATE-004	docs/planning/round2/DEF2-laneB.md	32	GATE	ref				
GATE-SO-1	docs/planning/round2/DEF2-laneB.md	32	GATE	ref				
GATE-SO-2	docs/planning/round2/DEF2-laneB.md	33	GATE	ref	Decl:load-bearing			
GATE-004	docs/planning/round2/DEF2-laneB.md	39	GATE	ref	Decl:load-bearing			
GATE-004	docs/planning/round2/DEF2-laneB.md	42	GATE	ref				
DEF2-B-3	docs/planning/round2/DEF2-laneB.md	44	DEF	def	P1	P1	FIXED	docs/planning/round2/INTEGRATION2.md
UNK-2	docs/planning/round2/DEF2-laneB.md	44	UNK	ref	P1			
UNK-2	docs/planning/round2/DEF2-laneB.md	45	UNK	ref				
UNK-2	docs/planning/round2/DEF2-laneB.md	49	UNK	ref				
UNK-2	docs/planning/round2/DEF2-laneB.md	56	UNK	ref				
DEF2-B-4	docs/planning/round2/DEF2-laneB.md	59	DEF	def	P1	P1	FIXED	docs/planning/round2/INTEGRATION2.md
DEF2-B-5	docs/planning/round2/DEF2-laneB.md	70	DEF	def	P1	P1	FIXED	docs/planning/round2/INTEGRATION2.md
GATE-001	docs/planning/round2/DEF2-laneB.md	73	GATE	ref				
REQ-CI-COST	docs/planning/round2/DEF2-laneB.md	74	REQ	ref				
GATE-007	docs/planning/round2/DEF2-laneB.md	74	GATE	ref				
GATE-001	docs/planning/round2/DEF2-laneB.md	74	GATE	ref				
GATE-001	docs/planning/round2/DEF2-laneB.md	76	GATE	ref	Decl:load-bearing			
GATE-003	docs/planning/round2/DEF2-laneB.md	77	GATE	ref	Decl:advisory;Decl:universal			
GATE-014	docs/planning/round2/DEF2-laneB.md	77	GATE	ref	Decl:advisory;Decl:universal			
GATE-004	docs/planning/round2/DEF2-laneB.md	77	GATE	ref	Decl:advisory;Decl:universal			
DEF2-B-6	docs/planning/round2/DEF2-laneB.md	80	DEF	def	P1	P1	FIXED	docs/planning/round2/INTEGRATION2.md
DEF2-B-5	docs/planning/round2/DEF2-laneB.md	81	DEF	ref	Decl:load-bearing;Decl:advisory	P1	FIXED	docs/planning/round2/INTEGRATION2.md
GATE-003	docs/planning/round2/DEF2-laneB.md	82	GATE	ref				
GATE-002	docs/planning/round2/DEF2-laneB.md	82	GATE	ref				
GATE-014	docs/planning/round2/DEF2-laneB.md	82	GATE	ref				
GATE-003	docs/planning/round2/DEF2-laneB.md	84	GATE	ref	Decl:load-bearing			
GATE-002	docs/planning/round2/DEF2-laneB.md	84	GATE	ref	Decl:load-bearing			
GATE-016	docs/planning/round2/DEF2-laneB.md	85	GATE	ref	Decl:load-bearing;Decl:universal			
GATE-014	docs/planning/round2/DEF2-laneB.md	85	GATE	ref	Decl:load-bearing;Decl:universal			
DEF2-B-7	docs/planning/round2/DEF2-laneB.md	87	DEF	def	P1	P1	FIXED	docs/planning/round2/INTEGRATION2.md
DEF2-B-5	docs/planning/round2/DEF2-laneB.md	89	DEF	ref		P1	FIXED	docs/planning/round2/INTEGRATION2.md
GATE-004	docs/planning/round2/DEF2-laneB.md	89	GATE	ref				
GATE-004	docs/planning/round2/DEF2-laneB.md	90	GATE	ref	Decl:load-bearing			
GATE-014	docs/planning/round2/DEF2-laneB.md	90	GATE	ref	Decl:load-bearing			
GATE-004	docs/planning/round2/DEF2-laneB.md	91	GATE	ref	Decl:load-bearing;Decl:advisory			
GATE-017	docs/planning/round2/DEF2-laneB.md	91	GATE	ref	Decl:load-bearing;Decl:advisory			
GATE-014	docs/planning/round2/DEF2-laneB.md	92	GATE	ref	Decl:universal			
DEF2-B-8	docs/planning/round2/DEF2-laneB.md	94	DEF	def	P1	P1	FIXED	docs/planning/round2/INTEGRATION2.md
GATE-EMB-PARITY	docs/planning/round2/DEF2-laneB.md	96	GATE	ref	Decl:load-bearing			
GATE-014	docs/planning/round2/DEF2-laneB.md	96	GATE	ref	Decl:load-bearing			
GATE-001	docs/planning/round2/DEF2-laneB.md	97	GATE	ref				
GATE-002	docs/planning/round2/DEF2-laneB.md	97	GATE	ref				
GATE-001	docs/planning/round2/DEF2-laneB.md	100	GATE	ref	Decl:load-bearing			
GATE-014	docs/planning/round2/DEF2-laneB.md	101	GATE	ref	Decl:universal			
DEF2-B-9	docs/planning/round2/DEF2-laneB.md	103	DEF	def	P1	P1	FIXED	docs/planning/round2/INTEGRATION2.md
GATE-014	docs/planning/round2/DEF2-laneB.md	105	GATE	ref				
GATE-015	docs/planning/round2/DEF2-laneB.md	106	GATE	ref				
GATE-016	docs/planning/round2/DEF2-laneB.md	106	GATE	ref				
GATE-002	docs/planning/round2/DEF2-laneB.md	108	GATE	ref				
GATE-018	docs/planning/round2/DEF2-laneB.md	108	GATE	ref				
DEF2-B-10	docs/planning/round2/DEF2-laneB.md	112	DEF	ref		P1	FIXED	docs/planning/round2/INTEGRATION2.md
GATE-002	docs/planning/round2/DEF2-laneB.md	114	GATE	ref	Decl:advisory			
DEF2-B-10	docs/planning/round2/DEF2-laneB.md	117	DEF	def	P1	P1	FIXED	docs/planning/round2/INTEGRATION2.md
DEF2-B-9	docs/planning/round2/DEF2-laneB.md	118	DEF	ref		P1	FIXED	docs/planning/round2/INTEGRATION2.md
GATE-014	docs/planning/round2/DEF2-laneB.md	118	GATE	ref				
GATE-015	docs/planning/round2/DEF2-laneB.md	119	GATE	ref				
GATE-016	docs/planning/round2/DEF2-laneB.md	119	GATE	ref				
GATE-018	docs/planning/round2/DEF2-laneB.md	119	GATE	ref				
GATE-017	docs/planning/round2/DEF2-laneB.md	121	GATE	ref				
DEF2-B-11	docs/planning/round2/DEF2-laneB.md	125	DEF	def	P1	P1	FIXED	docs/planning/round2/INTEGRATION2.md
DEF2-B-9	docs/planning/round2/DEF2-laneB.md	126	DEF	ref		P1	FIXED	docs/planning/round2/INTEGRATION2.md
GATE-014	docs/planning/round2/DEF2-laneB.md	126	GATE	ref				
GATE-015	docs/planning/round2/DEF2-laneB.md	127	GATE	ref				
GATE-016	docs/planning/round2/DEF2-laneB.md	127	GATE	ref				
GATE-018	docs/planning/round2/DEF2-laneB.md	127	GATE	ref				
DEF2-B-12	docs/planning/round2/DEF2-laneB.md	134	DEF	def	P2;Tier:T2	P2	FIXED	docs/planning/round2/INTEGRATION2.md
DEF2-B-13	docs/planning/round2/DEF2-laneB.md	143	DEF	def	P2;Tier:T1	P2	FIXED	docs/planning/round2/INTEGRATION2.md
DEF2-B-14	docs/planning/round2/DEF2-laneB.md	150	DEF	def	P2	P2	FIXED	docs/planning/round2/INTEGRATION2.md
UNK-EMB-003	docs/planning/round2/DEF2-laneB.md	151	UNK	ref				
UNK-EMB-O1	docs/planning/round2/DEF2-laneB.md	152	UNK	ref				
UNK-EMB-O1	docs/planning/round2/DEF2-laneB.md	155	UNK	ref				
UNK-EMB-003	docs/planning/round2/DEF2-laneB.md	155	UNK	ref				
DEF2-B-15	docs/planning/round2/DEF2-laneB.md	158	DEF	def	P2	P2	FIXED	docs/planning/round2/INTEGRATION2.md
GATE-IE-01	docs/planning/round2/DEF2-laneB.md	170	GATE	ref				
GATE-SO-2	docs/planning/round2/DEF2-laneB.md	170	GATE	ref				
GATE-MCP-01	docs/planning/round2/DEF2-laneB.md	171	GATE	ref	RETIRED			
GATE-MAP-1	docs/planning/round2/DEF2-laneB.md	171	GATE	ref	RETIRED			
DEF2-B-2	docs/planning/round2/DEF2-laneB.md	173	DEF	ref		P1	FIXED	docs/planning/round2/INTEGRATION2.md
GATE-IE-03	docs/planning/round2/DEF2-laneB.md	173	GATE	ref				
GATE-SO-1	docs/planning/round2/DEF2-laneB.md	173	GATE	ref				
GATE-MAP-3	docs/planning/round2/DEF2-laneB.md	174	GATE	ref				
GATE-002	docs/planning/round2/DEF2-laneB.md	178	GATE	ref				
GATE-003	docs/planning/round2/DEF2-laneB.md	178	GATE	ref				
GATE-003	docs/planning/round2/DEF2-laneB.md	178	GATE	ref				
GATE-004	docs/planning/round2/DEF2-laneB.md	179	GATE	ref				
GATE-001	docs/planning/round2/DEF2-laneB.md	181	GATE	ref				
GATE-016	docs/planning/round2/DEF2-laneB.md	181	GATE	ref				
GATE-005	docs/planning/round2/DEF2-laneB.md	182	GATE	ref				
GATE-017	docs/planning/round2/DEF2-laneB.md	182	GATE	ref				
GATE-006	docs/planning/round2/DEF2-laneB.md	183	GATE	ref				
DEF2-B-1	docs/planning/round2/DEF2-laneB.md	185	DEF	ref	Tier:T0;Tier:T3	P1	FIXED	docs/planning/round2/INTEGRATION2.md
DEF2-B-12	docs/planning/round2/DEF2-laneB.md	186	DEF	ref	Tier:T0	P2	FIXED	docs/planning/round2/INTEGRATION2.md
UNK-01	docs/planning/round2/DEF2-laneB.md	196	UNK	ref				
UNK-MAP-1	docs/planning/round2/DEF2-laneB.md	196	UNK	ref				
UNK-1	docs/planning/round2/DEF2-laneB.md	198	UNK	ref				
UNK-1	docs/planning/round2/DEF2-laneB.md	198	UNK	ref				
UNK-01	docs/planning/round2/DEF2-laneB.md	199	UNK	ref				
UNK-MCP-01	docs/planning/round2/DEF2-laneB.md	199	UNK	ref				
UNK-MAP-1	docs/planning/round2/DEF2-laneB.md	199	UNK	ref				
GATE-007	docs/planning/round2/DEF2-laneC.md	13	GATE	ref				
REQ-CI-COST	docs/planning/round2/DEF2-laneC.md	14	REQ	ref				
GATE-SB-1	docs/planning/round2/DEF2-laneC.md	15	GATE	ref				
UNK-1	docs/planning/round2/DEF2-laneC.md	16	UNK	ref				
DEF2-C-12	docs/planning/round2/DEF2-laneC.md	17	DEF	ref		P2	FIXED	docs/planning/round2/INTEGRATION2.md
REQ-BU-7	docs/planning/round2/DEF2-laneC.md	18	REQ	ref				
REQ-BU-4	docs/planning/round2/DEF2-laneC.md	20	REQ	ref				
REQ-BU-4	docs/planning/round2/DEF2-laneC.md	22	REQ	ref				
GATE-DW-2	docs/planning/round2/DEF2-laneC.md	24	GATE	ref				
GATE-005	docs/planning/round2/DEF2-laneC.md	24	GATE	ref				
REQ-DW-6	docs/planning/round2/DEF2-laneC.md	24	REQ	ref				
GATE-MEM-2	docs/planning/round2/DEF2-laneC.md	31	GATE	ref				
GATE-RAG-1	docs/planning/round2/DEF2-laneC.md	31	GATE	ref				
REQ-SEARCH-06	docs/planning/round2/DEF2-laneC.md	31	REQ	ref				
GATE-MEM-2	docs/planning/round2/DEF2-laneC.md	32	GATE	ref				
UNK-2	docs/planning/round2/DEF2-laneC.md	32	UNK	ref				
GATE-MEM-2	docs/planning/round2/DEF2-laneC.md	34	GATE	ref				
GATE-RAG-1	docs/planning/round2/DEF2-laneC.md	34	GATE	ref				
GATE-RAG-4	docs/planning/round2/DEF2-laneC.md	34	GATE	ref				
REQ-SEARCH-06	docs/planning/round2/DEF2-laneC.md	34	REQ	ref				
GATE-BU-4	docs/planning/round2/DEF2-laneC.md	35	GATE	ref				
DEF2-C-10	docs/planning/round2/DEF2-laneC.md	35	DEF	ref		P2	FIXED	docs/planning/round2/INTEGRATION2.md
UNK-1	docs/planning/round2/DEF2-laneC.md	36	UNK	ref				
UNK-6	docs/planning/round2/DEF2-laneC.md	37	UNK	ref				
GATE-DW-1	docs/planning/round2/DEF2-laneC.md	38	GATE	ref				
GATE-SB-1	docs/planning/round2/DEF2-laneC.md	39	GATE	ref				
GATE-BU-1	docs/planning/round2/DEF2-laneC.md	39	GATE	ref				
GATE-SEARCH-04	docs/planning/round2/DEF2-laneC.md	39	GATE	ref				
GATE-CUA-03	docs/planning/round2/DEF2-laneC.md	39	GATE	ref				
DEF2-C-1	docs/planning/round2/DEF2-laneC.md	44	DEF	def	P1	P1	FIXED	docs/planning/round2/INTEGRATION2.md
GATE-DW-1	docs/planning/round2/DEF2-laneC.md	45	GATE	ref				
GATE-DW-1	docs/planning/round2/DEF2-laneC.md	46	GATE	ref				
GATE-DW-4	docs/planning/round2/DEF2-laneC.md	46	GATE	ref				
GATE-005	docs/planning/round2/DEF2-laneC.md	47	GATE	ref				
GATE-DW-2	docs/planning/round2/DEF2-laneC.md	48	GATE	ref				
GATE-DW-1	docs/planning/round2/DEF2-laneC.md	49	GATE	ref				
GATE-DW-4	docs/planning/round2/DEF2-laneC.md	49	GATE	ref				
GATE-005	docs/planning/round2/DEF2-laneC.md	50	GATE	ref				
DEF2-C-2	docs/planning/round2/DEF2-laneC.md	52	DEF	def	P1	P1	FIXED	docs/planning/round2/INTEGRATION2.md
GATE-014	docs/planning/round2/DEF2-laneC.md	53	GATE	ref				
GATE-014	docs/planning/round2/DEF2-laneC.md	54	GATE	ref				
GATE-016	docs/planning/round2/DEF2-laneC.md	54	GATE	ref				
GATE-016	docs/planning/round2/DEF2-laneC.md	55	GATE	ref				
GATE-002	docs/planning/round2/DEF2-laneC.md	56	GATE	ref				
GATE-018	docs/planning/round2/DEF2-laneC.md	56	GATE	ref				
GATE-018	docs/planning/round2/DEF2-laneC.md	56	GATE	ref				
GATE-018	docs/planning/round2/DEF2-laneC.md	57	GATE	ref	Decl:load-bearing			
GATE-008	docs/planning/round2/DEF2-laneC.md	59	GATE	ref				
GATE-018	docs/planning/round2/DEF2-laneC.md	61	GATE	ref				
GATE-008	docs/planning/round2/DEF2-laneC.md	61	GATE	ref				
GATE-018	docs/planning/round2/DEF2-laneC.md	62	GATE	ref	Decl:load-bearing			
DEF2-C-3	docs/planning/round2/DEF2-laneC.md	65	DEF	def	P1	P1	FIXED	docs/planning/round2/INTEGRATION2.md
DEF2-C-4	docs/planning/round2/DEF2-laneC.md	71	DEF	def	P1	P1	FIXED	docs/planning/round2/INTEGRATION2.md
CLAIM-DW-12	docs/planning/round2/DEF2-laneC.md	71	CLAIM	ref	P1			
DEF2-C-5	docs/planning/round2/DEF2-laneC.md	77	DEF	def	P1	P1	FIXED	docs/planning/round2/INTEGRATION2.md
GATE-CUA-03	docs/planning/round2/DEF2-laneC.md	78	GATE	ref				
GATE-CUA-04	docs/planning/round2/DEF2-laneC.md	78	GATE	ref				
GATE-CUA-03	docs/planning/round2/DEF2-laneC.md	79	GATE	ref				
GATE-CUA-04	docs/planning/round2/DEF2-laneC.md	80	GATE	ref				
GATE-008	docs/planning/round2/DEF2-laneC.md	80	GATE	ref				
GATE-008	docs/planning/round2/DEF2-laneC.md	81	GATE	ref				
GATE-008	docs/planning/round2/DEF2-laneC.md	82	GATE	ref				
GATE-008	docs/planning/round2/DEF2-laneC.md	83	GATE	ref				
DEF2-C-6	docs/planning/round2/DEF2-laneC.md	86	DEF	def	P1	P1	FIXED	docs/planning/round2/INTEGRATION2.md
GATE-CUA-04	docs/planning/round2/DEF2-laneC.md	87	GATE	ref				
GATE-008	docs/planning/round2/DEF2-laneC.md	89	GATE	ref				
GATE-008	docs/planning/round2/DEF2-laneC.md	90	GATE	ref				
DEF2-C-7	docs/planning/round2/DEF2-laneC.md	93	DEF	def	P1	P1	FIXED	docs/planning/round2/INTEGRATION2.md
GATE-SEARCH-01	docs/planning/round2/DEF2-laneC.md	94	GATE	ref				
GATE-SEARCH-04	docs/planning/round2/DEF2-laneC.md	95	GATE	ref				
GATE-014	docs/planning/round2/DEF2-laneC.md	96	GATE	ref				
GATE-SEARCH-01	docs/planning/round2/DEF2-laneC.md	96	GATE	ref				
DEF2-C-8	docs/planning/round2/DEF2-laneC.md	98	DEF	def	P1	P1	FIXED	docs/planning/round2/INTEGRATION2.md
UNK-BU-2	docs/planning/round2/DEF2-laneC.md	98	UNK	ref	P1			
UNK-BU-2	docs/planning/round2/DEF2-laneC.md	101	UNK	ref				
DEF2-C-9	docs/planning/round2/DEF2-laneC.md	108	DEF	def	P2	P2	FIXED	docs/planning/round2/INTEGRATION2.md
GATE-DW-1	docs/planning/round2/DEF2-laneC.md	109	GATE	ref				
GATE-DW-2	docs/planning/round2/DEF2-laneC.md	110	GATE	ref				
GATE-DW-1	docs/planning/round2/DEF2-laneC.md	110	GATE	ref				
GATE-005	docs/planning/round2/DEF2-laneC.md	110	GATE	ref				
DEF2-C-10	docs/planning/round2/DEF2-laneC.md	112	DEF	def	P2;Tier:T3	P2	FIXED	docs/planning/round2/INTEGRATION2.md
UNK-BU-1	docs/planning/round2/DEF2-laneC.md	115	UNK	ref				
DEF2-C-11	docs/planning/round2/DEF2-laneC.md	119	DEF	def	P2;Decl:load-bearing	P2	FIXED	docs/planning/round2/INTEGRATION2.md
GATE-RAG-1	docs/planning/round2/DEF2-laneC.md	121	GATE	ref	Decl:load-bearing			
GATE-RAG-1	docs/planning/round2/DEF2-laneC.md	124	GATE	ref	Decl:load-bearing			
DEF2-C-12	docs/planning/round2/DEF2-laneC.md	127	DEF	def	P2	P2	FIXED	docs/planning/round2/INTEGRATION2.md
REQ-2	docs/planning/round2/DEF2-laneC.md	127	REQ	ref	P2			
GATE-007	docs/planning/round2/DEF2-laneC.md	128	GATE	ref				
REQ-2	docs/planning/round2/DEF2-laneC.md	132	REQ	ref				
REQ-2	docs/planning/round2/DEF2-laneC.md	133	REQ	ref				
DEF2-C-13	docs/planning/round2/DEF2-laneC.md	136	DEF	def	P2	P2	FIXED	docs/planning/round2/INTEGRATION2.md
CLAIM-SEARCH-05	docs/planning/round2/DEF2-laneC.md	136	CLAIM	ref	P2			
GATE-007	docs/planning/round2/DEF2-laneD.md	12	GATE	ref				
GATE-001	docs/planning/round2/DEF2-laneD.md	15	GATE	ref				
GATE-RL-01	docs/planning/round2/DEF2-laneD.md	19	GATE	ref				
DEF2-D-1	docs/planning/round2/DEF2-laneD.md	27	DEF	def	P1	P1	FIXED	docs/planning/round2/INTEGRATION2.md
GATE-VA-1	docs/planning/round2/DEF2-laneD.md	28	GATE	ref				
GATE-VA-2	docs/planning/round2/DEF2-laneD.md	31	GATE	ref	RETIRED			
GATE-VA-3	docs/planning/round2/DEF2-laneD.md	31	GATE	ref	RETIRED			
GATE-013	docs/planning/round2/DEF2-laneD.md	31	GATE	ref	RETIRED			
GATE-VA-1	docs/planning/round2/DEF2-laneD.md	32	GATE	ref				
GATE-VA-4	docs/planning/round2/DEF2-laneD.md	32	GATE	ref				
GATE-VA-2	docs/planning/round2/DEF2-laneD.md	33	GATE	ref				
GATE-013	docs/planning/round2/DEF2-laneD.md	33	GATE	ref				
DEF2-D-2	docs/planning/round2/DEF2-laneD.md	36	DEF	def	P1	P1	FIXED	docs/planning/round2/INTEGRATION2.md
DEF2-D-3	docs/planning/round2/DEF2-laneD.md	43	DEF	def	P1	P1	FIXED	docs/planning/round2/INTEGRATION2.md
REQ-CI-COST	docs/planning/round2/DEF2-laneD.md	44	REQ	ref				
UNK-04	docs/planning/round2/DEF2-laneD.md	45	UNK	ref				
GATE-007	docs/planning/round2/DEF2-laneD.md	45	GATE	ref				
DEF2-D-4	docs/planning/round2/DEF2-laneD.md	50	DEF	def	P1	P1	FIXED	docs/planning/round2/INTEGRATION2.md
UNK-4	docs/planning/round2/DEF2-laneD.md	52	UNK	ref				
DEF2-D-3	docs/planning/round2/DEF2-laneD.md	53	DEF	ref		P1	FIXED	docs/planning/round2/INTEGRATION2.md
DEF2-D-5	docs/planning/round2/DEF2-laneD.md	61	DEF	def	P2;Tier:T2	P2	FIXED	docs/planning/round2/INTEGRATION2.md
DEF2-D-6	docs/planning/round2/DEF2-laneD.md	67	DEF	def	P2	P2	FIXED	docs/planning/round2/INTEGRATION2.md
DEF2-D-7	docs/planning/round2/DEF2-laneD.md	74	DEF	def	P2	P2	FIXED	docs/planning/round2/INTEGRATION2.md
DEF2-D-8	docs/planning/round2/DEF2-laneD.md	80	DEF	def	P2;Tier:T0	P2	FIXED	docs/planning/round2/INTEGRATION2.md
DEF2-D-9	docs/planning/round2/DEF2-laneD.md	85	DEF	def	P2	P2	FIXED	docs/planning/round2/INTEGRATION2.md
DEF2-D-10	docs/planning/round2/DEF2-laneD.md	92	DEF	def	P2	P2	FIXED	docs/planning/round2/INTEGRATION2.md
DEF2-D-11	docs/planning/round2/DEF2-laneD.md	97	DEF	def	P2	P2	FIXED	docs/planning/round2/INTEGRATION2.md
GATE-OBS-SEMCONV	docs/planning/round2/DEF2-laneD.md	98	GATE	ref	RETIRED			
GATE-OBS-COMPLETE	docs/planning/round2/DEF2-laneD.md	98	GATE	ref	RETIRED			
GATE-010	docs/planning/round2/DEF2-laneD.md	98	GATE	ref	RETIRED			
GATE-OBS-INGEST	docs/planning/round2/DEF2-laneD.md	99	GATE	ref				
GATE-OBS-PRICE	docs/planning/round2/DEF2-laneD.md	99	GATE	ref				
GATE-010	docs/planning/round2/DEF2-laneD.md	100	GATE	ref				
GATE-OBS-SEMCONV	docs/planning/round2/DEF2-laneD.md	100	GATE	ref				
GATE-OBS-COMPLETE	docs/planning/round2/DEF2-laneD.md	100	GATE	ref				
DEF2-D-12	docs/planning/round2/DEF2-laneD.md	102	DEF	def	P2	P2	FIXED	docs/planning/round2/INTEGRATION2.md
REQ-CI-COST	docs/planning/round2/DEF2-laneD.md	102	REQ	ref	P2			
DEF2-D-13	docs/planning/round2/DEF2-laneD.md	108	DEF	def	P2	P2	FIXED	docs/planning/round2/INTEGRATION2.md
REQ-CI-COST	docs/planning/round2/DEF2-laneD.md	108	REQ	ref	P2			
DEF2-D-14	docs/planning/round2/DEF2-laneD.md	113	DEF	def	P2	P2	FIXED	docs/planning/round2/INTEGRATION2.md
DEF2-D-15	docs/planning/round2/DEF2-laneD.md	118	DEF	def	P2	P2	FIXED	docs/planning/round2/INTEGRATION2.md
REQ-CI-COST	docs/planning/round2/DEF2-laneD.md	118	REQ	ref	P2			
DEF2-D-16	docs/planning/round2/DEF2-laneD.md	122	DEF	def	P2	P2	FIXED	docs/planning/round2/INTEGRATION2.md
DEF2-D-17	docs/planning/round2/DEF2-laneD.md	127	DEF	def	P2	P2	FIXED	docs/planning/round2/INTEGRATION2.md
DEF2-D-18	docs/planning/round2/DEF2-laneD.md	131	DEF	def	P2	P2	FIXED	docs/planning/round2/INTEGRATION2.md
UNK-VA-5	docs/planning/round2/DEF2-laneD.md	132	UNK	ref				
CLAIM-01	docs/planning/round2/DEF2-laneD.md	140	CLAIM	ref				
CLAIM-01	docs/planning/round2/DEF2-laneD.md	140	CLAIM	ref				
CLAIM-1	docs/planning/round2/DEF2-laneD.md	140	CLAIM	ref				
REQ-01	docs/planning/round2/DEF2-laneD.md	141	REQ	ref				
UNK-1	docs/planning/round2/DEF2-laneD.md	141	UNK	ref				
GATE-EH-1	docs/planning/round2/DEF2-laneD.md	142	GATE	ref				
GATE-VA-1	docs/planning/round2/DEF2-laneD.md	142	GATE	ref				
GATE-VDB-01	docs/planning/round2/DEF2-laneD.md	150	GATE	ref				
GATE-011	docs/planning/round2/DEF2-laneD.md	151	GATE	ref				
DEF2-E-1	docs/planning/round2/DEF2-laneE.md	18	DEF	def	P2;ADMISSIBLE;CONTESTED;Tier:T0;Tier:T3;Tier:T1;Tier:T2;Conf:High;Conf:Medium;Conf:Low	P2	FIXED	docs/planning/round2/INTEGRATION2.md
DEF2-E-2	docs/planning/round2/DEF2-laneE.md	20	DEF	def	P2	P2	FIXED	docs/planning/round2/INTEGRATION2.md
CLAIM-01	docs/planning/round2/DEF2-laneE.md	26	CLAIM	ref				
CLAIM-09	docs/planning/round2/DEF2-laneE.md	26	CLAIM	ref				
CLAIM-12	docs/planning/round2/DEF2-laneE.md	26	CLAIM	ref				
CLAIM-01	docs/planning/round2/DEF2-laneE.md	27	CLAIM	ref				
CLAIM-06	docs/planning/round2/DEF2-laneE.md	27	CLAIM	ref				
CLAIM-13	docs/planning/round2/DEF2-laneE.md	27	CLAIM	ref				
CLAIM-2	docs/planning/round2/DEF2-laneE.md	28	CLAIM	ref				
CLAIM-6	docs/planning/round2/DEF2-laneE.md	28	CLAIM	ref				
CLAIM-9	docs/planning/round2/DEF2-laneE.md	28	CLAIM	ref				
CLAIM-EH-04	docs/planning/round2/DEF2-laneE.md	29	CLAIM	ref				
CLAIM-EH-11	docs/planning/round2/DEF2-laneE.md	29	CLAIM	ref				
CLAIM-EH-12	docs/planning/round2/DEF2-laneE.md	29	CLAIM	ref				
CLAIM-04	docs/planning/round2/DEF2-laneE.md	30	CLAIM	ref				
CLAIM-10	docs/planning/round2/DEF2-laneE.md	30	CLAIM	ref				
CLAIM-07	docs/planning/round2/DEF2-laneE.md	30	CLAIM	ref				
UNK-05	docs/planning/round2/DEF2-laneE.md	35	UNK	ref				
CLAIM-4	docs/planning/round2/DEF2-laneE.md	36	CLAIM	ref				
CLAIM-EH-14	docs/planning/round2/DEF2-laneE.md	37	CLAIM	ref				
CLAIM-12	docs/planning/round2/DEF2-laneE.md	38	CLAIM	ref	CONTESTED			
GATE-EH-3	docs/planning/round2/DEF2-laneE.md	42	GATE	ref				
CLAIM-EH-13	docs/planning/round2/DEF2-laneE.md	42	CLAIM	ref				
GATE-007	docs/planning/round2/DEF2-laneE.md	42	GATE	ref				
CLAIM-12	docs/planning/round2/DEF2-laneE.md	42	CLAIM	ref				
CLAIM-3	docs/planning/round2/DEF2-laneE.md	42	CLAIM	ref				
CLAIM-EH-13	docs/planning/round2/DEF2-laneE.md	42	CLAIM	ref				
DEF2-E-2	docs/planning/round2/DEF2-laneE.md	44	DEF	ref	Tier:T3	P2	FIXED	docs/planning/round2/INTEGRATION2.md
GATE-IE-01	docs/planning/round2/DEF2-laneE.md	46	GATE	ref				
GATE-001	docs/planning/round2/DEF2-laneE.md	46	GATE	ref				
GATE-005	docs/planning/round2/DEF2-laneE.md	46	GATE	ref				
GATE-SB-1	docs/planning/round2/DEF2-laneE.md	46	GATE	ref				
GATE-007	docs/planning/round2/DEF2-laneE.md	46	GATE	ref				
GATE-SB-4	docs/planning/round2/DEF2-laneE.md	46	GATE	ref				
GATE-007	docs/planning/round2/DEF2-laneE.md	46	GATE	ref				
GATE-GR-01	docs/planning/round2/DEF2-laneE.md	46	GATE	ref				
GATE-011	docs/planning/round2/DEF2-laneE.md	46	GATE	ref				
DEF2-F-5	docs/planning/round2/DEF2-laneF.md	39	DEF	ref		P1	FIXED	docs/planning/round2/INTEGRATION2.md
DEF2-F-6	docs/planning/round2/DEF2-laneF.md	39	DEF	ref		P1	FIXED	docs/planning/round2/INTEGRATION2.md
DEF2-F-7	docs/planning/round2/DEF2-laneF.md	44	DEF	ref		P1	FIXED	docs/planning/round2/INTEGRATION2.md
UNK-DW-4	docs/planning/round2/DEF2-laneF.md	48	UNK	ref				
DEF2-F-15	docs/planning/round2/DEF2-laneF.md	49	DEF	ref		P2	FIXED	docs/planning/round2/INTEGRATION2.md
DEF2-F-18	docs/planning/round2/DEF2-laneF.md	54	DEF	ref		P2	FIXED	docs/planning/round2/INTEGRATION2.md
DEF2-F-1	docs/planning/round2/DEF2-laneF.md	60	DEF	def	P1	P1	FIXED	docs/planning/round2/INTEGRATION2.md
GATE-VA-1	docs/planning/round2/DEF2-laneF.md	61	GATE	ref				
GATE-VA-2	docs/planning/round2/DEF2-laneF.md	63	GATE	ref				
GATE-VA-3	docs/planning/round2/DEF2-laneF.md	63	GATE	ref				
GATE-013	docs/planning/round2/DEF2-laneF.md	63	GATE	ref				
GATE-VA-1	docs/planning/round2/DEF2-laneF.md	66	GATE	ref				
GATE-VA-4	docs/planning/round2/DEF2-laneF.md	67	GATE	ref				
GATE-VA-2	docs/planning/round2/DEF2-laneF.md	67	GATE	ref				
GATE-013	docs/planning/round2/DEF2-laneF.md	67	GATE	ref				
DEF2-F-2	docs/planning/round2/DEF2-laneF.md	71	DEF	def	P1	P1	FIXED	docs/planning/round2/INTEGRATION2.md
GATE-OBS-INGEST	docs/planning/round2/DEF2-laneF.md	74	GATE	ref	Decl:advisory			
GATE-OBS-PRICE	docs/planning/round2/DEF2-laneF.md	74	GATE	ref	Decl:advisory			
GATE-010	docs/planning/round2/DEF2-laneF.md	76	GATE	ref	Decl:load-bearing			
GATE-014	docs/planning/round2/DEF2-laneF.md	77	GATE	ref	Decl:universal;Decl:advisory			
GATE-018	docs/planning/round2/DEF2-laneF.md	77	GATE	ref	Decl:universal;Decl:advisory			
GATE-OBS-INGEST	docs/planning/round2/DEF2-laneF.md	78	GATE	ref	Decl:load-bearing			
GATE-OBS-PRICE	docs/planning/round2/DEF2-laneF.md	78	GATE	ref	Decl:load-bearing			
DEF2-F-3	docs/planning/round2/DEF2-laneF.md	81	DEF	def	P1	P1	FIXED	docs/planning/round2/INTEGRATION2.md
GATE-FT-03	docs/planning/round2/DEF2-laneF.md	82	GATE	ref	Decl:load-bearing;Decl:advisory			
GATE-012	docs/planning/round2/DEF2-laneF.md	83	GATE	ref				
GATE-012	docs/planning/round2/DEF2-laneF.md	84	GATE	ref	Decl:load-bearing			
GATE-014	docs/planning/round2/DEF2-laneF.md	84	GATE	ref	Decl:load-bearing			
GATE-018	docs/planning/round2/DEF2-laneF.md	85	GATE	ref	Decl:universal;Decl:advisory;Decl:load-bearing			
GATE-FT-03	docs/planning/round2/DEF2-laneF.md	85	GATE	ref	Decl:universal;Decl:advisory;Decl:load-bearing			
DEF2-F-4	docs/planning/round2/DEF2-laneF.md	87	DEF	def	P1	P1	FIXED	docs/planning/round2/INTEGRATION2.md
GATE-VA-1	docs/planning/round2/DEF2-laneF.md	88	GATE	ref				
GATE-VA-4	docs/planning/round2/DEF2-laneF.md	89	GATE	ref	Decl:load-bearing;Decl:advisory			
GATE-013	docs/planning/round2/DEF2-laneF.md	90	GATE	ref	Decl:universal			
GATE-014	docs/planning/round2/DEF2-laneF.md	90	GATE	ref	Decl:universal			
GATE-013	docs/planning/round2/DEF2-laneF.md	91	GATE	ref	Decl:load-bearing;Decl:universal			
GATE-014	docs/planning/round2/DEF2-laneF.md	91	GATE	ref	Decl:load-bearing;Decl:universal			
GATE-VA-1	docs/planning/round2/DEF2-laneF.md	92	GATE	ref				
GATE-VA-4	docs/planning/round2/DEF2-laneF.md	92	GATE	ref				
DEF2-F-5	docs/planning/round2/DEF2-laneF.md	94	DEF	def	P1	P1	FIXED	docs/planning/round2/INTEGRATION2.md
DEF2-F-6	docs/planning/round2/DEF2-laneF.md	108	DEF	def	P1	P1	FIXED	docs/planning/round2/INTEGRATION2.md
DEF2-F-7	docs/planning/round2/DEF2-laneF.md	117	DEF	def	P1	P1	FIXED	docs/planning/round2/INTEGRATION2.md
DEF2-F-8	docs/planning/round2/DEF2-laneF.md	133	DEF	def	P2	P2	FIXED	docs/planning/round2/INTEGRATION2.md
REQ-CI-COST	docs/planning/round2/DEF2-laneF.md	136	REQ	ref				
DEF2-F-9	docs/planning/round2/DEF2-laneF.md	139	DEF	def	P2	P2	FIXED	docs/planning/round2/INTEGRATION2.md
DEF2-F-10	docs/planning/round2/DEF2-laneF.md	143	DEF	def	P2	P2	FIXED	docs/planning/round2/INTEGRATION2.md
DEF2-F-11	docs/planning/round2/DEF2-laneF.md	147	DEF	def	P2	P2	FIXED	docs/planning/round2/INTEGRATION2.md
GATE-OBS-SEMCONV	docs/planning/round2/DEF2-laneF.md	148	GATE	ref				
GATE-OBS-COMPLETE	docs/planning/round2/DEF2-laneF.md	148	GATE	ref				
GATE-010	docs/planning/round2/DEF2-laneF.md	149	GATE	ref				
GATE-OBS-INGEST	docs/planning/round2/DEF2-laneF.md	149	GATE	ref				
GATE-OBS-PRICE	docs/planning/round2/DEF2-laneF.md	150	GATE	ref				
GATE-OBS-SEMCONV	docs/planning/round2/DEF2-laneF.md	150	GATE	ref				
GATE-OBS-COMPLETE	docs/planning/round2/DEF2-laneF.md	150	GATE	ref				
GATE-010	docs/planning/round2/DEF2-laneF.md	151	GATE	ref				
DEF2-F-12	docs/planning/round2/DEF2-laneF.md	153	DEF	def	P2	P2	FIXED	docs/planning/round2/INTEGRATION2.md
UNK-OBS-005	docs/planning/round2/DEF2-laneF.md	155	UNK	ref				
UNK-OBS-005	docs/planning/round2/DEF2-laneF.md	156	UNK	ref				
DEF2-F-13	docs/planning/round2/DEF2-laneF.md	158	DEF	def	P2	P2	FIXED	docs/planning/round2/INTEGRATION2.md
DEF2-F-14	docs/planning/round2/DEF2-laneF.md	166	DEF	def	P2	P2	FIXED	docs/planning/round2/INTEGRATION2.md
DEF2-F-15	docs/planning/round2/DEF2-laneF.md	172	DEF	def	P2	P2	FIXED	docs/planning/round2/INTEGRATION2.md
DEF2-F-16	docs/planning/round2/DEF2-laneF.md	184	DEF	def	P2	P2	FIXED	docs/planning/round2/INTEGRATION2.md
DEF2-F-17	docs/planning/round2/DEF2-laneF.md	192	DEF	def	P2	P2	FIXED	docs/planning/round2/INTEGRATION2.md
DEF2-F-18	docs/planning/round2/DEF2-laneF.md	199	DEF	def	P2	P2	FIXED	docs/planning/round2/INTEGRATION2.md
DEF2-F-2	docs/planning/round2/DEF2-laneF.md	211	DEF	ref		P1	FIXED	docs/planning/round2/INTEGRATION2.md
DEF2-F-8	docs/planning/round2/DEF2-laneF.md	216	DEF	ref		P2	FIXED	docs/planning/round2/INTEGRATION2.md
DEF2-F-13	docs/planning/round2/DEF2-laneF.md	217	DEF	ref		P2	FIXED	docs/planning/round2/INTEGRATION2.md
DEF2-A-1	docs/planning/round2/INTEGRATION2.md	19	DEF	ref	FIXED	P1	FIXED	docs/planning/round2/INTEGRATION2.md
DEF2-A-2	docs/planning/round2/INTEGRATION2.md	20	DEF	ref	FIXED	P1	FIXED	docs/planning/round2/INTEGRATION2.md
DEF2-A-3	docs/planning/round2/INTEGRATION2.md	21	DEF	ref	FIXED	P1	FIXED	docs/planning/round2/INTEGRATION2.md
DEF2-A-7	docs/planning/round2/INTEGRATION2.md	22	DEF	ref	FIXED	P1	FIXED	docs/planning/round2/INTEGRATION2.md
DEF2-B-1	docs/planning/round2/INTEGRATION2.md	23	DEF	ref	FIXED;Tier:T0;Tier:T3	P1	FIXED	docs/planning/round2/INTEGRATION2.md
DEF2-B-2	docs/planning/round2/INTEGRATION2.md	24	DEF	ref	FIXED	P1	FIXED	docs/planning/round2/INTEGRATION2.md
GATE-004	docs/planning/round2/INTEGRATION2.md	24	GATE	ref	FIXED			
DEF2-B-3	docs/planning/round2/INTEGRATION2.md	25	DEF	ref	FIXED	P1	FIXED	docs/planning/round2/INTEGRATION2.md
UNK-2	docs/planning/round2/INTEGRATION2.md	25	UNK	ref	FIXED			
DEF2-B-4	docs/planning/round2/INTEGRATION2.md	26	DEF	ref	FIXED;Decl:load-bearing;Decl:advisory	P1	FIXED	docs/planning/round2/INTEGRATION2.md
DEF2-B-5	docs/planning/round2/INTEGRATION2.md	27	DEF	ref	FIXED	P1	FIXED	docs/planning/round2/INTEGRATION2.md
DEF2-B-6	docs/planning/round2/INTEGRATION2.md	28	DEF	ref	FIXED	P1	FIXED	docs/planning/round2/INTEGRATION2.md
DEF2-B-7	docs/planning/round2/INTEGRATION2.md	29	DEF	ref	FIXED	P1	FIXED	docs/planning/round2/INTEGRATION2.md
DEF2-B-8	docs/planning/round2/INTEGRATION2.md	30	DEF	ref	FIXED	P1	FIXED	docs/planning/round2/INTEGRATION2.md
DEF2-B-9	docs/planning/round2/INTEGRATION2.md	31	DEF	ref	FIXED;Decl:advisory	P1	FIXED	docs/planning/round2/INTEGRATION2.md
GATE-014	docs/planning/round2/INTEGRATION2.md	31	GATE	ref	FIXED;Decl:advisory			
GATE-002	docs/planning/round2/INTEGRATION2.md	31	GATE	ref	FIXED;Decl:advisory			
DEF2-B-10	docs/planning/round2/INTEGRATION2.md	32	DEF	ref	FIXED	P1	FIXED	docs/planning/round2/INTEGRATION2.md
DEF2-B-11	docs/planning/round2/INTEGRATION2.md	33	DEF	ref	FIXED	P1	FIXED	docs/planning/round2/INTEGRATION2.md
DEF2-C-1	docs/planning/round2/INTEGRATION2.md	34	DEF	ref	FIXED	P1	FIXED	docs/planning/round2/INTEGRATION2.md
GATE-DW-2	docs/planning/round2/INTEGRATION2.md	34	GATE	ref	FIXED			
GATE-005	docs/planning/round2/INTEGRATION2.md	34	GATE	ref	FIXED			
DEF2-C-2	docs/planning/round2/INTEGRATION2.md	35	DEF	ref	FIXED	P1	FIXED	docs/planning/round2/INTEGRATION2.md
DEF2-C-3	docs/planning/round2/INTEGRATION2.md	36	DEF	ref	FIXED	P1	FIXED	docs/planning/round2/INTEGRATION2.md
GATE-018	docs/planning/round2/INTEGRATION2.md	36	GATE	ref	FIXED			
DEF2-C-4	docs/planning/round2/INTEGRATION2.md	37	DEF	ref	ADMISSIBLE;FIXED;Tier:T3;Conf:Low	P1	FIXED	docs/planning/round2/INTEGRATION2.md
CLAIM-DW-12	docs/planning/round2/INTEGRATION2.md	37	CLAIM	ref	ADMISSIBLE;FIXED;Tier:T3;Conf:Low			
DEF2-C-5	docs/planning/round2/INTEGRATION2.md	38	DEF	ref	FIXED	P1	FIXED	docs/planning/round2/INTEGRATION2.md
GATE-008	docs/planning/round2/INTEGRATION2.md	38	GATE	ref	FIXED			
DEF2-C-6	docs/planning/round2/INTEGRATION2.md	39	DEF	ref	FIXED	P1	FIXED	docs/planning/round2/INTEGRATION2.md
GATE-008	docs/planning/round2/INTEGRATION2.md	39	GATE	ref	FIXED			
DEF2-C-7	docs/planning/round2/INTEGRATION2.md	40	DEF	ref	FIXED	P1	FIXED	docs/planning/round2/INTEGRATION2.md
GATE-SEARCH-01	docs/planning/round2/INTEGRATION2.md	40	GATE	ref	FIXED			
GATE-SEARCH-04	docs/planning/round2/INTEGRATION2.md	40	GATE	ref	FIXED			
GATE-014	docs/planning/round2/INTEGRATION2.md	40	GATE	ref	FIXED			
DEF2-C-8	docs/planning/round2/INTEGRATION2.md	41	DEF	ref	FIXED	P1	FIXED	docs/planning/round2/INTEGRATION2.md
UNK-BU-2	docs/planning/round2/INTEGRATION2.md	41	UNK	ref	FIXED			
DEF2-D-1	docs/planning/round2/INTEGRATION2.md	42	DEF	ref	FIXED	P1	FIXED	docs/planning/round2/INTEGRATION2.md
GATE-VA-1	docs/planning/round2/INTEGRATION2.md	42	GATE	ref	FIXED			
GATE-013	docs/planning/round2/INTEGRATION2.md	42	GATE	ref	FIXED			
DEF2-D-2	docs/planning/round2/INTEGRATION2.md	43	DEF	ref	FIXED	P1	FIXED	docs/planning/round2/INTEGRATION2.md
DEF2-D-3	docs/planning/round2/INTEGRATION2.md	44	DEF	ref	FIXED	P1	FIXED	docs/planning/round2/INTEGRATION2.md
DEF2-D-4	docs/planning/round2/INTEGRATION2.md	45	DEF	ref	FIXED	P1	FIXED	docs/planning/round2/INTEGRATION2.md
DEF2-F-1	docs/planning/round2/INTEGRATION2.md	46	DEF	ref	FIXED	P1	FIXED	docs/planning/round2/INTEGRATION2.md
DEF2-F-2	docs/planning/round2/INTEGRATION2.md	47	DEF	ref	FIXED	P1	FIXED	docs/planning/round2/INTEGRATION2.md
DEF2-F-3	docs/planning/round2/INTEGRATION2.md	48	DEF	ref	FIXED	P1	FIXED	docs/planning/round2/INTEGRATION2.md
DEF2-F-4	docs/planning/round2/INTEGRATION2.md	49	DEF	ref	FIXED	P1	FIXED	docs/planning/round2/INTEGRATION2.md
DEF2-F-5	docs/planning/round2/INTEGRATION2.md	50	DEF	ref	FIXED	P1	FIXED	docs/planning/round2/INTEGRATION2.md
DEF2-F-6	docs/planning/round2/INTEGRATION2.md	51	DEF	ref	FIXED	P1	FIXED	docs/planning/round2/INTEGRATION2.md
DEF2-F-7	docs/planning/round2/INTEGRATION2.md	52	DEF	ref	FIXED	P1	FIXED	docs/planning/round2/INTEGRATION2.md
DEF2-A-4	docs/planning/round2/INTEGRATION2.md	58	DEF	ref	FIXED	P2	FIXED	docs/planning/round2/INTEGRATION2.md
DEF2-A-5	docs/planning/round2/INTEGRATION2.md	59	DEF	ref	FIXED	P2	FIXED	docs/planning/round2/INTEGRATION2.md
DEF2-A-6	docs/planning/round2/INTEGRATION2.md	60	DEF	ref	FIXED	P2	FIXED	docs/planning/round2/INTEGRATION2.md
DEF2-A-8	docs/planning/round2/INTEGRATION2.md	61	DEF	ref	FIXED	P2	FIXED	docs/planning/round2/INTEGRATION2.md
DEF2-A-9	docs/planning/round2/INTEGRATION2.md	62	DEF	ref	FIXED	P2	FIXED	docs/planning/round2/INTEGRATION2.md
DEF2-A-10	docs/planning/round2/INTEGRATION2.md	63	DEF	ref	FIXED;OPEN;DEFERRED	P2	FIXED	docs/planning/round2/INTEGRATION2.md
DEF2-A-11	docs/planning/round2/INTEGRATION2.md	64	DEF	ref	FIXED	P2	FIXED	docs/planning/round2/INTEGRATION2.md
DEF2-A-12	docs/planning/round2/INTEGRATION2.md	65	DEF	ref	FIXED	P2	FIXED	docs/planning/round2/INTEGRATION2.md
DEF2-A-13	docs/planning/round2/INTEGRATION2.md	66	DEF	ref	FIXED	P2	FIXED	docs/planning/round2/INTEGRATION2.md
DEF2-A-14	docs/planning/round2/INTEGRATION2.md	67	DEF	ref	FIXED	P2	FIXED	docs/planning/round2/INTEGRATION2.md
DEF2-A-15	docs/planning/round2/INTEGRATION2.md	68	DEF	ref	FIXED	P2	FIXED	docs/planning/round2/INTEGRATION2.md
DEF2-B-12	docs/planning/round2/INTEGRATION2.md	69	DEF	ref	FIXED;Tier:T2;Tier:T1;Tier:T0	P2	FIXED	docs/planning/round2/INTEGRATION2.md
DEF2-B-13	docs/planning/round2/INTEGRATION2.md	70	DEF	ref	FIXED;Tier:T1;Tier:T2	P2	FIXED	docs/planning/round2/INTEGRATION2.md
DEF2-B-14	docs/planning/round2/INTEGRATION2.md	71	DEF	ref	FIXED	P2	FIXED	docs/planning/round2/INTEGRATION2.md
UNK-EMB-O1	docs/planning/round2/INTEGRATION2.md	71	UNK	ref	FIXED			
UNK-EMB-003	docs/planning/round2/INTEGRATION2.md	71	UNK	ref	FIXED			
UNK-EMB-O1	docs/planning/round2/INTEGRATION2.md	71	UNK	ref	FIXED			
DEF2-B-15	docs/planning/round2/INTEGRATION2.md	72	DEF	ref	FIXED	P2	FIXED	docs/planning/round2/INTEGRATION2.md
DEF2-E-1	docs/planning/round2/INTEGRATION2.md	72	DEF	ref	FIXED	P2	FIXED	docs/planning/round2/INTEGRATION2.md
DEF2-C-9	docs/planning/round2/INTEGRATION2.md	73	DEF	ref	FIXED	P2	FIXED	docs/planning/round2/INTEGRATION2.md
DEF2-C-10	docs/planning/round2/INTEGRATION2.md	74	DEF	ref	FIXED;Tier:T3	P2	FIXED	docs/planning/round2/INTEGRATION2.md
DEF2-C-11	docs/planning/round2/INTEGRATION2.md	75	DEF	ref	FIXED;Decl:load-bearing	P2	FIXED	docs/planning/round2/INTEGRATION2.md
GATE-RAG-1	docs/planning/round2/INTEGRATION2.md	75	GATE	ref	FIXED;Decl:load-bearing			
DEF2-C-12	docs/planning/round2/INTEGRATION2.md	76	DEF	ref	FIXED	P2	FIXED	docs/planning/round2/INTEGRATION2.md
REQ-2	docs/planning/round2/INTEGRATION2.md	76	REQ	ref	FIXED			
GATE-007	docs/planning/round2/INTEGRATION2.md	76	GATE	ref	FIXED			
DEF2-C-13	docs/planning/round2/INTEGRATION2.md	77	DEF	ref	ADMISSIBLE;FIXED;Tier:T1;Conf:Medium	P2	FIXED	docs/planning/round2/INTEGRATION2.md
CLAIM-SEARCH-05	docs/planning/round2/INTEGRATION2.md	77	CLAIM	ref	ADMISSIBLE;FIXED;Tier:T1;Conf:Medium			
DEF2-D-5	docs/planning/round2/INTEGRATION2.md	78	DEF	ref	FIXED;Tier:T0;Tier:T2	P2	FIXED	docs/planning/round2/INTEGRATION2.md
DEF2-D-6	docs/planning/round2/INTEGRATION2.md	79	DEF	ref	FIXED;Tier:T0;Tier:T1;Tier:T2;Tier:T3	P2	FIXED	docs/planning/round2/INTEGRATION2.md
DEF2-D-7	docs/planning/round2/INTEGRATION2.md	80	DEF	ref	FIXED;Tier:T1	P2	FIXED	docs/planning/round2/INTEGRATION2.md
DEF2-D-8	docs/planning/round2/INTEGRATION2.md	81	DEF	ref	FIXED;Tier:T0;Tier:T1	P2	FIXED	docs/planning/round2/INTEGRATION2.md
DEF2-D-9	docs/planning/round2/INTEGRATION2.md	82	DEF	ref	FIXED;Tier:T0;Tier:T3	P2	FIXED	docs/planning/round2/INTEGRATION2.md
DEF2-D-10	docs/planning/round2/INTEGRATION2.md	83	DEF	ref	FIXED	P2	FIXED	docs/planning/round2/INTEGRATION2.md
DEF2-D-11	docs/planning/round2/INTEGRATION2.md	84	DEF	ref	FIXED	P2	FIXED	docs/planning/round2/INTEGRATION2.md
DEF2-F-11	docs/planning/round2/INTEGRATION2.md	84	DEF	ref	FIXED	P2	FIXED	docs/planning/round2/INTEGRATION2.md
GATE-OBS-INGEST	docs/planning/round2/INTEGRATION2.md	84	GATE	ref	FIXED			
GATE-OBS-PRICE	docs/planning/round2/INTEGRATION2.md	84	GATE	ref	FIXED			
GATE-OBS-SEMCONV	docs/planning/round2/INTEGRATION2.md	84	GATE	ref	FIXED			
GATE-OBS-COMPLETE	docs/planning/round2/INTEGRATION2.md	84	GATE	ref	FIXED			
GATE-010	docs/planning/round2/INTEGRATION2.md	84	GATE	ref	FIXED			
DEF2-D-12	docs/planning/round2/INTEGRATION2.md	85	DEF	ref	FIXED	P2	FIXED	docs/planning/round2/INTEGRATION2.md
DEF2-D-13	docs/planning/round2/INTEGRATION2.md	86	DEF	ref	FIXED	P2	FIXED	docs/planning/round2/INTEGRATION2.md
DEF2-D-14	docs/planning/round2/INTEGRATION2.md	87	DEF	ref	FIXED	P2	FIXED	docs/planning/round2/INTEGRATION2.md
DEF2-D-15	docs/planning/round2/INTEGRATION2.md	88	DEF	ref	FIXED	P2	FIXED	docs/planning/round2/INTEGRATION2.md
DEF2-D-16	docs/planning/round2/INTEGRATION2.md	89	DEF	ref	FIXED	P2	FIXED	docs/planning/round2/INTEGRATION2.md
DEF2-D-17	docs/planning/round2/INTEGRATION2.md	90	DEF	ref	FIXED	P2	FIXED	docs/planning/round2/INTEGRATION2.md
DEF2-D-18	docs/planning/round2/INTEGRATION2.md	91	DEF	ref	FIXED	P2	FIXED	docs/planning/round2/INTEGRATION2.md
DEF2-E-2	docs/planning/round2/INTEGRATION2.md	92	DEF	ref	FIXED	P2	FIXED	docs/planning/round2/INTEGRATION2.md
DEF2-F-8	docs/planning/round2/INTEGRATION2.md	93	DEF	ref	FIXED	P2	FIXED	docs/planning/round2/INTEGRATION2.md
DEF2-F-9	docs/planning/round2/INTEGRATION2.md	94	DEF	ref	FIXED	P2	FIXED	docs/planning/round2/INTEGRATION2.md
DEF2-F-10	docs/planning/round2/INTEGRATION2.md	95	DEF	ref	FIXED	P2	FIXED	docs/planning/round2/INTEGRATION2.md
DEF2-F-12	docs/planning/round2/INTEGRATION2.md	96	DEF	ref	Disposition:TARGETED;FIXED	P2	FIXED	docs/planning/round2/INTEGRATION2.md
UNK-OBS-005	docs/planning/round2/INTEGRATION2.md	96	UNK	ref	Disposition:TARGETED;FIXED			
DEF2-F-13	docs/planning/round2/INTEGRATION2.md	97	DEF	ref	FIXED	P2	FIXED	docs/planning/round2/INTEGRATION2.md
DEF2-F-14	docs/planning/round2/INTEGRATION2.md	98	DEF	ref	FIXED	P2	FIXED	docs/planning/round2/INTEGRATION2.md
DEF2-F-15	docs/planning/round2/INTEGRATION2.md	99	DEF	ref	FIXED	P2	FIXED	docs/planning/round2/INTEGRATION2.md
UNK-DW-4	docs/planning/round2/INTEGRATION2.md	99	UNK	ref	FIXED			
DEF2-F-16	docs/planning/round2/INTEGRATION2.md	100	DEF	ref	FIXED	P2	FIXED	docs/planning/round2/INTEGRATION2.md
DEF2-F-17	docs/planning/round2/INTEGRATION2.md	101	DEF	ref	FIXED	P2	FIXED	docs/planning/round2/INTEGRATION2.md
DEF2-F-18	docs/planning/round2/INTEGRATION2.md	102	DEF	ref	FIXED	P2	FIXED	docs/planning/round2/INTEGRATION2.md
UNK-OPEN	docs/planning/round2/INTEGRATION2.md	106	UNK	ref	Disposition:TARGETED;OPEN			
DEF2-C-8	docs/planning/round2/INTEGRATION2.md	106	DEF	ref	Disposition:TARGETED;OPEN	P1	FIXED	docs/planning/round2/INTEGRATION2.md
DEF2-B-3	docs/planning/round2/INTEGRATION2.md	106	DEF	ref	Disposition:TARGETED;OPEN	P1	FIXED	docs/planning/round2/INTEGRATION2.md
UNK-BU-2	docs/planning/round2/INTEGRATION2.md	106	UNK	ref	Disposition:TARGETED;OPEN			
UNK-2	docs/planning/round2/INTEGRATION2.md	106	UNK	ref	Disposition:TARGETED;OPEN			
DEF2-D-14	docs/planning/round2/INTEGRATION2.md	107	DEF	ref		P2	FIXED	docs/planning/round2/INTEGRATION2.md
REQ-CI-COST	docs/planning/round2/INTEGRATION2.md	107	REQ	ref				
GATE-OBS-SEMCONV	docs/planning/round2/INTEGRATION2.md	115	GATE	ref	RETIRED			
GATE-DW-1	docs/planning/round2/INTEGRATION2.md	115	GATE	ref	RETIRED			
GATE-VA-2	docs/planning/round2/INTEGRATION2.md	115	GATE	ref	RETIRED			
GATE-FT-01	docs/planning/round2/INTEGRATION2.md	115	GATE	ref	RETIRED			
GATE-CUA-03	docs/planning/round2/INTEGRATION2.md	115	GATE	ref	RETIRED			
GATE-SEARCH-04	docs/planning/round2/INTEGRATION2.md	115	GATE	ref	RETIRED			
GATE-RL-02	docs/planning/round2/INTEGRATION2.md	115	GATE	ref	RETIRED			
GATE-SB-1	docs/planning/round2/INTEGRATION2.md	115	GATE	ref	RETIRED			
GATE-SO-2	docs/planning/round2/INTEGRATION2.md	115	GATE	ref	RETIRED			
GATE-014	docs/planning/round2/INTEGRATION2.md	119	GATE	ref				
DEF3-A-2	docs/planning/round3/DEF3-laneA.md	24	DEF	def	P0	P0	FIXED	docs/planning/ROUND_LOG.md
DEF3-A-5	docs/planning/round3/DEF3-laneA.md	34	DEF	def	P1	P1	FIXED	docs/planning/ROUND_LOG.md
DEF3-A-6	docs/planning/round3/DEF3-laneA.md	44	DEF	def	P1	P1	FIXED	docs/planning/ROUND_LOG.md
DEF3-A-19	docs/planning/round3/DEF3-laneA.md	52	DEF	def	P2	P2	FIXED	docs/planning/ROUND_LOG.md
DEF3-A-25	docs/planning/round3/DEF3-laneA.md	60	DEF	def	P2	P2	FIXED	docs/planning/ROUND_LOG.md
DEF3-A-1	docs/planning/round3/DEF3-laneA.md	71	DEF	def	P0	P0	FIXED	docs/planning/ROUND_LOG.md
DEF3-A-26	docs/planning/round3/DEF3-laneA.md	81	DEF	def	P2	P2	FIXED	docs/planning/ROUND_LOG.md
DEF3-A-7	docs/planning/round3/DEF3-laneA.md	87	DEF	def	P1	P1	FIXED	docs/planning/ROUND_LOG.md
DEF3-A-18	docs/planning/round3/DEF3-laneA.md	98	DEF	def	P2	P2	FIXED	docs/planning/ROUND_LOG.md
REQ-CI-COST	docs/planning/round3/DEF3-laneA.md	98	REQ	ref	P2			
REQ-CI-COST	docs/planning/round3/DEF3-laneA.md	99	REQ	ref				
REQ-EH-NN	docs/planning/round3/DEF3-laneA.md	99	REQ	ref				
REQ-EH-07	docs/planning/round3/DEF3-laneA.md	101	REQ	ref	Decl:universal			
DEF3-A-8	docs/planning/round3/DEF3-laneA.md	108	DEF	def	P1	P1	FIXED	docs/planning/ROUND_LOG.md
DEF3-A-9	docs/planning/round3/DEF3-laneA.md	117	DEF	def	P1	P1	FIXED	docs/planning/ROUND_LOG.md
UNK-EH-O1	docs/planning/round3/DEF3-laneA.md	118	UNK	ref				
UNK-EH-O2	docs/planning/round3/DEF3-laneA.md	118	UNK	ref				
UNK-EH-01	docs/planning/round3/DEF3-laneA.md	119	UNK	ref				
UNK-EH-NN	docs/planning/round3/DEF3-laneA.md	123	UNK	ref				
UNK-EH-07	docs/planning/round3/DEF3-laneA.md	123	UNK	ref				
DEF3-A-10	docs/planning/round3/DEF3-laneA.md	127	DEF	def	P1	P1	FIXED	docs/planning/ROUND_LOG.md
DEF3-A-11	docs/planning/round3/DEF3-laneA.md	140	DEF	def	P1	P1	FIXED	docs/planning/ROUND_LOG.md
DEF3-A-21	docs/planning/round3/DEF3-laneA.md	149	DEF	def	P2	P2	FIXED	docs/planning/ROUND_LOG.md
DEF3-A-12	docs/planning/round3/DEF3-laneA.md	161	DEF	def	P1	P1	FIXED	docs/planning/ROUND_LOG.md
DEF3-A-13	docs/planning/round3/DEF3-laneA.md	171	DEF	def	P1	P1	FIXED	docs/planning/ROUND_LOG.md
DEF3-A-14	docs/planning/round3/DEF3-laneA.md	180	DEF	def	P1	P1	FIXED	docs/planning/ROUND_LOG.md
GATE-014	docs/planning/round3/DEF3-laneA.md	181	GATE	ref	Decl:universal			
DEF3-A-16	docs/planning/round3/DEF3-laneA.md	190	DEF	def	P1	P1	FIXED	docs/planning/ROUND_LOG.md
DEF3-A-24	docs/planning/round3/DEF3-laneA.md	199	DEF	def	P2	P2	FIXED	docs/planning/ROUND_LOG.md
DEF3-A-20	docs/planning/round3/DEF3-laneA.md	205	DEF	def	P2	P2	FIXED	docs/planning/ROUND_LOG.md
GATE-EH-NN	docs/planning/round3/DEF3-laneA.md	211	GATE	ref				
DEF3-A-3	docs/planning/round3/DEF3-laneA.md	217	DEF	def	P0	P0	FIXED	docs/planning/ROUND_LOG.md
DEF3-A-15	docs/planning/round3/DEF3-laneA.md	229	DEF	def	P1	P1	FIXED	docs/planning/ROUND_LOG.md
DEF3-A-17	docs/planning/round3/DEF3-laneA.md	241	DEF	def	P1	P1	FIXED	docs/planning/ROUND_LOG.md
DEF3-A-4	docs/planning/round3/DEF3-laneA.md	259	DEF	def	P0	P0	FIXED	docs/planning/ROUND_LOG.md
DEF3-A-4	docs/planning/round3/DEF3-laneA.md	273	DEF	ref		P0	FIXED	docs/planning/ROUND_LOG.md
DEF3-A-23	docs/planning/round3/DEF3-laneA.md	275	DEF	ref		P2	FIXED	docs/planning/ROUND_LOG.md
UNK-EH-01	docs/planning/round3/DEF3-laneA.md	277	UNK	ref				
DEF3-A-22	docs/planning/round3/DEF3-laneA.md	278	DEF	ref		P2	FIXED	docs/planning/ROUND_LOG.md
DEF3-A-17	docs/planning/round3/DEF3-laneA.md	281	DEF	ref		P1	FIXED	docs/planning/ROUND_LOG.md
DEF3-A-22	docs/planning/round3/DEF3-laneA.md	286	DEF	def	P2	P2	FIXED	docs/planning/ROUND_LOG.md
UNK-EH-O1	docs/planning/round3/DEF3-laneA.md	287	UNK	ref				
DEF3-A-9	docs/planning/round3/DEF3-laneA.md	287	DEF	ref		P1	FIXED	docs/planning/ROUND_LOG.md
DEF3-A-23	docs/planning/round3/DEF3-laneA.md	294	DEF	def	P2	P2	FIXED	docs/planning/ROUND_LOG.md
DEF3-C-1	docs/planning/round3/DEF3-laneC.md	7	DEF	def	P0;Decl:advisory	P0	FIXED	docs/planning/ROUND_LOG.md
DEF3-C-2	docs/planning/round3/DEF3-laneC.md	9	DEF	def	P2;Decl:load-bearing	P2	FIXED	docs/planning/ROUND_LOG.md
GATE-004	docs/planning/round3/DEF3-laneC.md	9	GATE	ref	P2;Decl:load-bearing			
GATE-005	docs/planning/round3/DEF3-laneC.md	9	GATE	ref	P2;Decl:load-bearing			
GATE-007	docs/planning/round3/DEF3-laneC.md	9	GATE	ref	P2;Decl:load-bearing			
GATE-010	docs/planning/round3/DEF3-laneC.md	9	GATE	ref	P2;Decl:load-bearing			
GATE-011	docs/planning/round3/DEF3-laneC.md	9	GATE	ref	P2;Decl:load-bearing			
GATE-004	docs/planning/round3/DEF3-laneC.md	9	GATE	ref	P2;Decl:load-bearing			
GATE-006	docs/planning/round3/DEF3-laneC.md	9	GATE	ref	P2;Decl:load-bearing			
GATE-017	docs/planning/round3/DEF3-laneC.md	9	GATE	ref	P2;Decl:load-bearing			
GATE-006	docs/planning/round3/DEF3-laneC.md	9	GATE	ref	P2;Decl:load-bearing			
GATE-017	docs/planning/round3/DEF3-laneC.md	9	GATE	ref	P2;Decl:load-bearing			
GATE-005	docs/planning/round3/DEF3-laneC.md	9	GATE	ref	P2;Decl:load-bearing			
GATE-017	docs/planning/round3/DEF3-laneC.md	9	GATE	ref	P2;Decl:load-bearing			
DEF2-B-9	docs/planning/round3/DEF3-laneC.md	9	DEF	ref	P2;Decl:load-bearing	P1	FIXED	docs/planning/round2/INTEGRATION2.md
DEF2-C-2	docs/planning/round3/DEF3-laneC.md	9	DEF	ref	P2;Decl:load-bearing	P1	FIXED	docs/planning/round2/INTEGRATION2.md
GATE-018	docs/planning/round3/DEF3-laneC.md	9	GATE	ref	P2;Decl:load-bearing			
GATE-008	docs/planning/round3/DEF3-laneC.md	9	GATE	ref	P2;Decl:load-bearing			
DEF2-B-9	docs/planning/round3/DEF3-laneC.md	9	DEF	ref	P2;Decl:load-bearing	P1	FIXED	docs/planning/round2/INTEGRATION2.md
GATE-004	docs/planning/round3/DEF3-laneC.md	9	GATE	ref	P2;Decl:load-bearing			
GATE-005	docs/planning/round3/DEF3-laneC.md	9	GATE	ref	P2;Decl:load-bearing			
GATE-006	docs/planning/round3/DEF3-laneC.md	9	GATE	ref	P2;Decl:load-bearing			
GATE-007	docs/planning/round3/DEF3-laneC.md	9	GATE	ref	P2;Decl:load-bearing			
GATE-010	docs/planning/round3/DEF3-laneC.md	9	GATE	ref	P2;Decl:load-bearing			
GATE-011	docs/planning/round3/DEF3-laneC.md	9	GATE	ref	P2;Decl:load-bearing			
GATE-017	docs/planning/round3/DEF3-laneC.md	9	GATE	ref	P2;Decl:load-bearing			
DEF3-C-3	docs/planning/round3/DEF3-laneC.md	11	DEF	def	P1	P1	FIXED	docs/planning/ROUND_LOG.md
DEF2-A-1	docs/planning/round3/DEF3-laneC.md	15	DEF	ref	OPEN;DEFERRED;FIXED;WONTFIX;RETIRED	P1	FIXED	docs/planning/round2/INTEGRATION2.md
DEF2-B-3	docs/planning/round3/DEF3-laneC.md	15	DEF	ref	OPEN;DEFERRED;FIXED;WONTFIX;RETIRED	P1	FIXED	docs/planning/round2/INTEGRATION2.md
UNK-2	docs/planning/round3/DEF3-laneC.md	15	UNK	ref	OPEN;DEFERRED;FIXED;WONTFIX;RETIRED			
DEF2-C-1	docs/planning/round3/DEF3-laneC.md	15	DEF	ref	OPEN;DEFERRED;FIXED;WONTFIX;RETIRED	P1	FIXED	docs/planning/round2/INTEGRATION2.md
GATE-DW-2	docs/planning/round3/DEF3-laneC.md	15	GATE	ref	OPEN;DEFERRED;FIXED;WONTFIX;RETIRED			
GATE-DW-1	docs/planning/round3/DEF3-laneC.md	15	GATE	ref	OPEN;DEFERRED;FIXED;WONTFIX;RETIRED			
GATE-005	docs/planning/round3/DEF3-laneC.md	15	GATE	ref	OPEN;DEFERRED;FIXED;WONTFIX;RETIRED			
DEF2-C-5	docs/planning/round3/DEF3-laneC.md	15	DEF	ref	OPEN;DEFERRED;FIXED;WONTFIX;RETIRED	P1	FIXED	docs/planning/round2/INTEGRATION2.md
GATE-008	docs/planning/round3/DEF3-laneC.md	15	GATE	ref	OPEN;DEFERRED;FIXED;WONTFIX;RETIRED			
GATE-008	docs/planning/round3/DEF3-laneC.md	15	GATE	ref	OPEN;DEFERRED;FIXED;WONTFIX;RETIRED			
DEF2-C-6	docs/planning/round3/DEF3-laneC.md	15	DEF	ref	OPEN;DEFERRED;FIXED;WONTFIX;RETIRED	P1	FIXED	docs/planning/round2/INTEGRATION2.md
GATE-008	docs/planning/round3/DEF3-laneC.md	15	GATE	ref	OPEN;DEFERRED;FIXED;WONTFIX;RETIRED			
GATE-CUA-03	docs/planning/round3/DEF3-laneC.md	15	GATE	ref	OPEN;DEFERRED;FIXED;WONTFIX;RETIRED			
DEF2-C-4	docs/planning/round3/DEF3-laneC.md	17	DEF	ref		P1	FIXED	docs/planning/round2/INTEGRATION2.md
UNK-MCP-01	docs/planning/round3/DEF3-laneC.md	21	UNK	ref				
DEF3-C-1	docs/planning/round3/DEF3-laneC.md	23	DEF	ref		P0	FIXED	docs/planning/ROUND_LOG.md
DEF3-C-3	docs/planning/round3/DEF3-laneC.md	25	DEF	ref	OPEN;DEFERRED	P1	FIXED	docs/planning/ROUND_LOG.md
DEF3-C-1	docs/planning/round3/DEF3-laneC.md	29	DEF	ref		P0	FIXED	docs/planning/ROUND_LOG.md
DEF3-C-3	docs/planning/round3/DEF3-laneC.md	30	DEF	ref		P1	FIXED	docs/planning/ROUND_LOG.md
DEF3-C-2	docs/planning/round3/DEF3-laneC.md	31	DEF	ref		P2	FIXED	docs/planning/ROUND_LOG.md
DEF3-D-1	docs/planning/round3/DEF3-laneD.md	22	DEF	def	P1;Tier:T1	P1	FIXED	docs/planning/ROUND_LOG.md
CLAIM-02	docs/planning/round3/DEF3-laneD.md	30	CLAIM	ref				
DEF3-D-2	docs/planning/round3/DEF3-laneD.md	37	DEF	def	P1	P1	FIXED	docs/planning/ROUND_LOG.md
CLAIM-8	docs/planning/round3/DEF3-laneD.md	37	CLAIM	ref	P1			
CLAIM-12	docs/planning/round3/DEF3-laneD.md	41	CLAIM	ref	Tier:T3			
CLAIM-8	docs/planning/round3/DEF3-laneD.md	44	CLAIM	ref	Tier:T3			
DEF3-D-3	docs/planning/round3/DEF3-laneD.md	48	DEF	def	P2	P2	FIXED	docs/planning/ROUND_LOG.md
CLAIM-10	docs/planning/round3/DEF3-laneD.md	48	CLAIM	ref	P2			
DEF3-D-2	docs/planning/round3/DEF3-laneD.md	50	DEF	ref		P1	FIXED	docs/planning/ROUND_LOG.md
DEF3-D-4	docs/planning/round3/DEF3-laneD.md	54	DEF	def	P1;Tier:T1	P1	FIXED	docs/planning/ROUND_LOG.md
DEF-D-3	docs/planning/round3/DEF3-laneD.md	61	DEF	ref	FIXED	P1	FIXED	docs/planning/round1/INTEGRATION.md
GATE-VDB-01	docs/planning/round3/DEF3-laneD.md	62	GATE	ref	Tier:T2;Tier:T1			
GATE-009	docs/planning/round3/DEF3-laneD.md	64	GATE	ref	Tier:T2			
GATE-VDB-02	docs/planning/round3/DEF3-laneD.md	64	GATE	ref	Tier:T2			
DEF3-D-5	docs/planning/round3/DEF3-laneD.md	67	DEF	def	P2	P2	FIXED	docs/planning/ROUND_LOG.md
DEF3-D-6	docs/planning/round3/DEF3-laneD.md	74	DEF	def	P2	P2	FIXED	docs/planning/ROUND_LOG.md
UNK-3	docs/planning/round3/DEF3-laneD.md	74	UNK	ref	P2			
DEF3-D-7	docs/planning/round3/DEF3-laneD.md	79	DEF	def	P2;ADMISSIBLE;Tier:T0;Conf:High	P2	FIXED	docs/planning/ROUND_LOG.md
CLAIM-OBS-004	docs/planning/round3/DEF3-laneD.md	79	CLAIM	ref	P2;ADMISSIBLE;Tier:T0;Conf:High			
DEF3-D-8	docs/planning/round3/DEF3-laneD.md	88	DEF	def	P2;Tier:T1	P2	FIXED	docs/planning/ROUND_LOG.md
CLAIM-09	docs/planning/round3/DEF3-laneD.md	102	CLAIM	ref				
CLAIM-SEARCH-05	docs/planning/round3/DEF3-laneD.md	103	CLAIM	ref	Tier:T1			
CLAIM-09	docs/planning/round3/DEF3-laneD.md	121	CLAIM	ref				
CLAIM-SEARCH-05	docs/planning/round3/DEF3-laneD.md	122	CLAIM	ref	Tier:T0			
DEF3-D-1	docs/planning/round3/DEF3-laneD.md	151	DEF	ref		P1	FIXED	docs/planning/ROUND_LOG.md
DEF3-D-1	docs/planning/round3/DEF3-laneD.md	158	DEF	ref		P1	FIXED	docs/planning/ROUND_LOG.md
DEF3-D-2	docs/planning/round3/DEF3-laneD.md	158	DEF	ref		P1	FIXED	docs/planning/ROUND_LOG.md
DEF3-D-4	docs/planning/round3/DEF3-laneD.md	158	DEF	ref		P1	FIXED	docs/planning/ROUND_LOG.md
DEF3-D-3	docs/planning/round3/DEF3-laneD.md	159	DEF	ref		P2	FIXED	docs/planning/ROUND_LOG.md
DEF3-D-5	docs/planning/round3/DEF3-laneD.md	159	DEF	ref		P2	FIXED	docs/planning/ROUND_LOG.md
DEF3-D-6	docs/planning/round3/DEF3-laneD.md	159	DEF	ref		P2	FIXED	docs/planning/ROUND_LOG.md
DEF3-D-7	docs/planning/round3/DEF3-laneD.md	159	DEF	ref		P2	FIXED	docs/planning/ROUND_LOG.md
DEF3-D-8	docs/planning/round3/DEF3-laneD.md	159	DEF	ref		P2	FIXED	docs/planning/ROUND_LOG.md
CLAIM-03	docs/planning/round3/DEF3-laneD.md	167	CLAIM	def	Tier:T0			
CLAIM-06	docs/planning/round3/DEF3-laneD.md	168	CLAIM	def	Tier:T0			
CLAIM-11	docs/planning/round3/DEF3-laneD.md	169	CLAIM	def	Tier:T0			
CLAIM-12	docs/planning/round3/DEF3-laneD.md	170	CLAIM	def	Tier:T0			
CLAIM-14	docs/planning/round3/DEF3-laneD.md	171	CLAIM	def	Tier:T2			
CLAIM-2	docs/planning/round3/DEF3-laneD.md	172	CLAIM	def	Tier:T0			
CLAIM-4	docs/planning/round3/DEF3-laneD.md	173	CLAIM	def	Tier:T0			
CLAIM-8	docs/planning/round3/DEF3-laneD.md	174	CLAIM	def	Tier:T0;Tier:T3			
DEF3-D-2	docs/planning/round3/DEF3-laneD.md	174	DEF	ref	Tier:T0;Tier:T3	P1	FIXED	docs/planning/ROUND_LOG.md
CLAIM-10	docs/planning/round3/DEF3-laneD.md	175	CLAIM	def	Tier:T0;Tier:T3			
DEF3-D-3	docs/planning/round3/DEF3-laneD.md	175	DEF	ref	Tier:T0;Tier:T3	P2	FIXED	docs/planning/ROUND_LOG.md
CLAIM-12	docs/planning/round3/DEF3-laneD.md	176	CLAIM	def	Tier:T3			
CLAIM-1	docs/planning/round3/DEF3-laneD.md	177	CLAIM	def	Tier:T0			
CLAIM-1b	docs/planning/round3/DEF3-laneD.md	178	CLAIM	def	Tier:T2			
CLAIM-3	docs/planning/round3/DEF3-laneD.md	179	CLAIM	def	CONTESTED;Tier:T0			
CLAIM-11	docs/planning/round3/DEF3-laneD.md	180	CLAIM	def	Tier:T0			
CLAIM-14	docs/planning/round3/DEF3-laneD.md	181	CLAIM	def	Tier:T3			
CLAIM-4	docs/planning/round3/DEF3-laneD.md	182	CLAIM	def	CONTESTED;Tier:T2			
CLAIM-6	docs/planning/round3/DEF3-laneD.md	183	CLAIM	def	Tier:T0			
CLAIM-8	docs/planning/round3/DEF3-laneD.md	184	CLAIM	def	Tier:T0			
CLAIM-11	docs/planning/round3/DEF3-laneD.md	185	CLAIM	def	Tier:T0			
CLAIM-13	docs/planning/round3/DEF3-laneD.md	186	CLAIM	def	Tier:T3			
CLAIM-VDB-01	docs/planning/round3/DEF3-laneD.md	187	CLAIM	def	Tier:T0			
CLAIM-VDB-04	docs/planning/round3/DEF3-laneD.md	188	CLAIM	def	CONTESTED;Tier:T2			
CLAIM-VDB-10	docs/planning/round3/DEF3-laneD.md	189	CLAIM	def	Tier:T0			
CLAIM-VDB-13	docs/planning/round3/DEF3-laneD.md	190	CLAIM	def	Tier:T0			
CLAIM-VDB-14	docs/planning/round3/DEF3-laneD.md	191	CLAIM	def	Tier:T0			
CLAIM-EH-05	docs/planning/round3/DEF3-laneD.md	192	CLAIM	def	Tier:T0			
CLAIM-EH-07	docs/planning/round3/DEF3-laneD.md	193	CLAIM	def	Tier:T0			
CLAIM-EH-12	docs/planning/round3/DEF3-laneD.md	194	CLAIM	def	Tier:T0			
CLAIM-EH-13	docs/planning/round3/DEF3-laneD.md	195	CLAIM	def	CONTESTED;Tier:T3			
CLAIM-EH-14	docs/planning/round3/DEF3-laneD.md	196	CLAIM	def	Tier:T0			
CLAIM-OBS-004	docs/planning/round3/DEF3-laneD.md	197	CLAIM	def	CONTESTED;Tier:T0			
DEF3-D-7	docs/planning/round3/DEF3-laneD.md	197	DEF	ref	CONTESTED;Tier:T0	P2	FIXED	docs/planning/ROUND_LOG.md
CLAIM-OBS-005	docs/planning/round3/DEF3-laneD.md	198	CLAIM	def	Tier:T0			
CLAIM-OBS-009	docs/planning/round3/DEF3-laneD.md	199	CLAIM	def	Tier:T0			
CLAIM-OBS-010	docs/planning/round3/DEF3-laneD.md	200	CLAIM	def	Tier:T0			
CLAIM-OBS-013	docs/planning/round3/DEF3-laneD.md	201	CLAIM	def	CONTESTED;Tier:T3			
CLAIM-02	docs/planning/round3/DEF3-laneD.md	202	CLAIM	def	Tier:T0			
CLAIM-07	docs/planning/round3/DEF3-laneD.md	203	CLAIM	def	Tier:T0			
CLAIM-08	docs/planning/round3/DEF3-laneD.md	204	CLAIM	def	Tier:T0			
CLAIM-10	docs/planning/round3/DEF3-laneD.md	205	CLAIM	def	Tier:T0			
CLAIM-12	docs/planning/round3/DEF3-laneD.md	206	CLAIM	def	CONTESTED;Tier:T0			
DEF3-C-1	docs/planning/round3/INTEGRATION3.md	22	DEF	ref		P0	FIXED	docs/planning/ROUND_LOG.md
DEF3-INT-1	docs/planning/round3/INTEGRATION3.md	23	DEF	ref		P0	FIXED	docs/planning/ROUND_LOG.md
UNK-VA-1	docs/planning/round3/INTEGRATION3.md	34	UNK	ref				
UNK-VA-3	docs/planning/round3/INTEGRATION3.md	35	UNK	ref				
UNK-1	docs/planning/round3/INTEGRATION3.md	39	UNK	ref				
UNK-BU-1	docs/planning/round3/INTEGRATION3.md	39	UNK	ref				
UNK-1	docs/planning/round3/INTEGRATION3.md	40	UNK	ref				
REQ-CI-COST	docs/planning/round3/INTEGRATION3.md	56	REQ	ref	Decl:universal			
GATE-014	docs/planning/round3/INTEGRATION3.md	58	GATE	ref				
UNK-2	docs/planning/round3/INTEGRATION3.md	71	UNK	ref				
UNK-4	docs/planning/round3/INTEGRATION3.md	71	UNK	ref				
UNK-BU-1	docs/planning/round3/INTEGRATION3.md	73	UNK	ref				
UNK-02	docs/planning/round3/INTEGRATION3.md	74	UNK	ref				
UNK-EMB-002	docs/planning/round3/INTEGRATION3.md	75	UNK	ref				
UNK-EMB-004	docs/planning/round3/INTEGRATION3.md	77	UNK	ref				
UNK-EH-O1	docs/planning/round3/INTEGRATION3.md	79	UNK	ref				
UNK-EH-07	docs/planning/round3/INTEGRATION3.md	79	UNK	ref				
UNK-06	docs/planning/round3/INTEGRATION3.md	84	UNK	ref				
DEF3-C-1	docs/planning/round3/INTEGRATION3.md	87	DEF	ref		P0	FIXED	docs/planning/ROUND_LOG.md
UNK-MCP-01	docs/planning/round3/INTEGRATION3.md	88	UNK	ref				
UNK-MAP-1	docs/planning/round3/INTEGRATION3.md	90	UNK	ref				
CLAIM-OBS-004	docs/planning/round3/INTEGRATION3.md	91	CLAIM	ref	CONTESTED;Tier:T0;Conf:Medium			
UNK-OBS-001	docs/planning/round3/INTEGRATION3.md	92	UNK	ref				
DEF3-INT-3	docs/planning/round3/INTEGRATION3.md	93	DEF	ref		P0	FIXED	docs/planning/ROUND_LOG.md
CLAIM-8	docs/planning/round3/INTEGRATION3.md	94	CLAIM	ref	CONTESTED;Tier:T3;Conf:Low			
CLAIM-10	docs/planning/round3/INTEGRATION3.md	94	CLAIM	ref	CONTESTED;Tier:T3;Conf:Low			
UNK-1	docs/planning/round3/INTEGRATION3.md	95	UNK	ref				
UNK-1	docs/planning/round3/INTEGRATION3.md	96	UNK	ref				
UNK-2	docs/planning/round3/INTEGRATION3.md	96	UNK	ref				
UNK-3	docs/planning/round3/INTEGRATION3.md	97	UNK	ref	Tier:T2			
UNK-1	docs/planning/round3/INTEGRATION3.md	99	UNK	ref				
UNK-5	docs/planning/round3/INTEGRATION3.md	99	UNK	ref				
UNK-1	docs/planning/round3/INTEGRATION3.md	100	UNK	ref				
UNK-6	docs/planning/round3/INTEGRATION3.md	100	UNK	ref				
DEF3-INT-1	docs/planning/round3/INTEGRATION3.md	102	DEF	ref		P0	FIXED	docs/planning/ROUND_LOG.md
UNK-1	docs/planning/round3/INTEGRATION3.md	103	UNK	ref				
UNK-VDB-01	docs/planning/round3/INTEGRATION3.md	106	UNK	ref				
UNK-VA-1	docs/planning/round3/INTEGRATION3.md	107	UNK	ref	Tier:T1			
UNK-VA-3	docs/planning/round3/INTEGRATION3.md	108	UNK	ref				
UNK-SEARCH-01	docs/planning/round3/INTEGRATION3.md	109	UNK	ref				
DEF3-INT-2	docs/planning/round3/INTEGRATION3.md	110	DEF	ref		P0	FIXED	docs/planning/ROUND_LOG.md
DEF3-INT-4	docs/planning/round3/INTEGRATION3.md	112	DEF	ref	Decl:advisory	P0	FIXED	docs/planning/ROUND_LOG.md
DEF-A-8	docs/planning/round3/INTEGRATION3.md	148	DEF	ref	FIXED;DEFERRED	P2	DEFERRED	docs/planning/round1/INTEGRATION.md
DEF-F-19	docs/planning/round3/INTEGRATION3.md	149	DEF	ref	WONTFIX;OPEN	P2	WONTFIX	docs/planning/round1/INTEGRATION.md
UNK-BU-1	docs/planning/round3/INTEGRATION3.md	168	UNK	ref				
UNK-1	docs/planning/round3/INTEGRATION3.md	168	UNK	ref				
UNK-01	docs/planning/round3/TRIAGE-blocks-plan.md	41	UNK	ref				
UNK-02	docs/planning/round3/TRIAGE-blocks-plan.md	42	UNK	ref	Tier:T3			
UNK-03	docs/planning/round3/TRIAGE-blocks-plan.md	43	UNK	ref				
UNK-2	docs/planning/round3/TRIAGE-blocks-plan.md	44	UNK	ref				
GATE-MEM-2	docs/planning/round3/TRIAGE-blocks-plan.md	44	GATE	ref				
GATE-MEM-2	docs/planning/round3/TRIAGE-blocks-plan.md	44	GATE	ref				
UNK-4	docs/planning/round3/TRIAGE-blocks-plan.md	45	UNK	ref				
UNK-02	docs/planning/round3/TRIAGE-blocks-plan.md	46	UNK	ref	Decl:advisory			
UNK-EMB-002	docs/planning/round3/TRIAGE-blocks-plan.md	47	UNK	ref				
REQ-EMB-001	docs/planning/round3/TRIAGE-blocks-plan.md	47	REQ	ref				
REQ-EMB-003	docs/planning/round3/TRIAGE-blocks-plan.md	47	REQ	ref				
UNK-EMB-004	docs/planning/round3/TRIAGE-blocks-plan.md	48	UNK	ref				
UNK-EMB-005	docs/planning/round3/TRIAGE-blocks-plan.md	49	UNK	ref				
UNK-06	docs/planning/round3/TRIAGE-blocks-plan.md	50	UNK	ref				
UNK-MCP-01	docs/planning/round3/TRIAGE-blocks-plan.md	51	UNK	ref				
UNK-MAP-1	docs/planning/round3/TRIAGE-blocks-plan.md	52	UNK	ref	CONTESTED			
CLAIM-MAP-12	docs/planning/round3/TRIAGE-blocks-plan.md	52	CLAIM	ref	CONTESTED			
CLAIM-MAP-12	docs/planning/round3/TRIAGE-blocks-plan.md	52	CLAIM	ref	CONTESTED			
UNK-MAP-2	docs/planning/round3/TRIAGE-blocks-plan.md	53	UNK	ref				
GATE-MAP-4	docs/planning/round3/TRIAGE-blocks-plan.md	53	GATE	ref				
UNK-OBS-001	docs/planning/round3/TRIAGE-blocks-plan.md	54	UNK	ref	Tier:T2			
GATE-010	docs/planning/round3/TRIAGE-blocks-plan.md	54	GATE	ref	Tier:T2			
UNK-OBS-002	docs/planning/round3/TRIAGE-blocks-plan.md	55	UNK	ref	Tier:T2			
UNK-1	docs/planning/round3/TRIAGE-blocks-plan.md	56	UNK	ref				
UNK-2	docs/planning/round3/TRIAGE-blocks-plan.md	57	UNK	ref	Tier:T2			
GATE-RAG-1	docs/planning/round3/TRIAGE-blocks-plan.md	57	GATE	ref	Tier:T2			
GATE-RAG-1	docs/planning/round3/TRIAGE-blocks-plan.md	57	GATE	ref	Tier:T2			
GATE-RAG-1	docs/planning/round3/TRIAGE-blocks-plan.md	57	GATE	ref	Tier:T2			
GATE-RAG-4	docs/planning/round3/TRIAGE-blocks-plan.md	57	GATE	ref	Tier:T2			
GATE-RAG-1	docs/planning/round3/TRIAGE-blocks-plan.md	57	GATE	ref	Tier:T2			
UNK-1	docs/planning/round3/TRIAGE-blocks-plan.md	58	UNK	ref				
UNK-5	docs/planning/round3/TRIAGE-blocks-plan.md	59	UNK	ref	Decl:advisory;Decl:load-bearing			
UNK-1	docs/planning/round3/TRIAGE-blocks-plan.md	60	UNK	ref				
UNK-2	docs/planning/round3/TRIAGE-blocks-plan.md	60	UNK	ref				
GATE-007	docs/planning/round3/TRIAGE-blocks-plan.md	60	GATE	ref				
UNK-6	docs/planning/round3/TRIAGE-blocks-plan.md	61	UNK	ref				
GATE-SB-NN	docs/planning/round3/TRIAGE-blocks-plan.md	61	GATE	ref				
UNK-1	docs/planning/round3/TRIAGE-blocks-plan.md	62	UNK	ref				
UNK-VDB-01	docs/planning/round3/TRIAGE-blocks-plan.md	63	UNK	ref				
UNK-VA-5	docs/planning/round3/TRIAGE-blocks-plan.md	64	UNK	ref				
UNK-SEARCH-01	docs/planning/round3/TRIAGE-blocks-plan.md	65	UNK	ref				
UNK-VA-1	docs/planning/round3/TRIAGE-blocks-plan.md	77	UNK	ref	Tier:T1			
UNK-VA-1	docs/planning/round3/TRIAGE-blocks-plan.md	77	UNK	ref	Tier:T1			
UNK-VA-3	docs/planning/round3/TRIAGE-blocks-plan.md	78	UNK	ref				
UNK-VA-3	docs/planning/round3/TRIAGE-blocks-plan.md	78	UNK	ref				
UNK-VA-5	docs/planning/round3/TRIAGE-blocks-plan.md	88	UNK	ref				
UNK-1	docs/planning/round3/TRIAGE-blocks-plan.md	95	UNK	ref				
UNK-OBS-001	docs/planning/round3/TRIAGE-blocks-plan.md	99	UNK	ref				
