# rigor-atlas evidence check for TIER-MAP.md TM-RA-1 / TM-RA-10, written 2026-09-25 by search/tools/quote-check.mjs ra (format 1)
# source: rigor-atlas DB snapshot sha256=881cce40223af3079311f3390bfa851ff6b36aa792fcc225d45fd12ab91d366f; each file read with git at its repository's pinned commit (repos.sha) from [LOCAL_MIRROR]; quote text is not stored, only the first 16 hex of its sha256
# techniques: KNOW with at least one code evidence path, forks excluded: 1412; TM-RA-1 1412 (of which 11 only through a relocated-once path, N4); TM-RA-10 0
# evidence paths checked: 3478; raw states CURRENT 3397, RELOCATED 73, STALE 8
technique_id	repo	commit	path	line	quote_sha16	raw_state	occurrences	found_at	normalized	technique_rule
ra:technique:Dicklesworthstone/nice-number-axis-ticks/c1c8747e	Dicklesworthstone	082a0f8377d27889d35d432b1cd131dbc1ae8490	scripts/star_history.py	179	bdf7d1b36560eed6	CURRENT	1	179-179	CURRENT	TM-RA-1
ra:technique:Dicklesworthstone/nice-number-axis-ticks/c1c8747e	Dicklesworthstone	082a0f8377d27889d35d432b1cd131dbc1ae8490	scripts/star_history.py	188	4a95f6261c000730	CURRENT	1	188-188	CURRENT	TM-RA-1
ra:technique:Dicklesworthstone/nice-number-axis-ticks/c1c8747e	Dicklesworthstone	082a0f8377d27889d35d432b1cd131dbc1ae8490	scripts/star_history.py	320	10b51f95b3043fc0	CURRENT	1	320-320	CURRENT	TM-RA-1
ra:technique:aadc/local.heuristic-box-diagram-scoring/5efc6b43	aadc	4294b2cfe1a81e9e3d6ce0c7dd80c699608d347a	src/main.rs	1633	e57b8d2792bc4163	CURRENT	1	1633-1633	CURRENT	TM-RA-1
ra:technique:aadc/local.heuristic-box-diagram-scoring/5efc6b43	aadc	4294b2cfe1a81e9e3d6ce0c7dd80c699608d347a	src/main.rs	1643	c1c47cde4dc2a3dc	CURRENT	1	1643-1643	CURRENT	TM-RA-1
ra:technique:aadc/local.heuristic-box-diagram-scoring/5efc6b43	aadc	4294b2cfe1a81e9e3d6ce0c7dd80c699608d347a	src/main.rs	1650	1460274f78be2ea8	CURRENT	1	1650-1650	CURRENT	TM-RA-1
ra:technique:acip/cryptographic-primitives/e04c89be	acip	6d2f3179ba2150ab1b54b345887e5c785f2c134c	integrations/openclaw/install.sh	448	060684d16a5e204b	CURRENT	1	448-448	CURRENT	TM-RA-1
ra:technique:acip/cryptographic-primitives/e04c89be	acip	6d2f3179ba2150ab1b54b345887e5c785f2c134c	integrations/openclaw/install.sh	720	c33156f2c09d0c86	CURRENT	1	720-720	CURRENT	TM-RA-1
ra:technique:acip/cryptographic-primitives/e04c89be	acip	6d2f3179ba2150ab1b54b345887e5c785f2c134c	integrations/openclaw/install.sh	723	e30a0c40a7f34edf	CURRENT	1	723-723	CURRENT	TM-RA-1
ra:technique:acip/cryptographic-primitives/e04c89be	acip	6d2f3179ba2150ab1b54b345887e5c785f2c134c	integrations/openclaw/install.sh	789	a5825d336e89651f	CURRENT	1	789-789	CURRENT	TM-RA-1
ra:technique:acip/toctou-immutable-pinning/d1fd4c24	acip	6d2f3179ba2150ab1b54b345887e5c785f2c134c	integrations/openclaw/install.sh	1181	16348d318aa20524	CURRENT	1	1181-1181	CURRENT	TM-RA-1
ra:technique:acip/toctou-immutable-pinning/d1fd4c24	acip	6d2f3179ba2150ab1b54b345887e5c785f2c134c	integrations/openclaw/install.sh	474	017b1f30cb722ad8	CURRENT	1	474-474	CURRENT	TM-RA-1
ra:technique:agent_flywheel_clawdbot_skills_and_integrations/rm-error-taxonomy/1b9c8a86	agent_flywheel_clawdbot_skills_and_integrations	f441ac3390d8fb54bb2b3388155b448948aeb526	skills/cass/scripts/recover.sh	4	0c50c933f9ad0c89	CURRENT	1	4-4	CURRENT	TM-RA-1
ra:technique:agent_flywheel_clawdbot_skills_and_integrations/rm-error-taxonomy/1b9c8a86	agent_flywheel_clawdbot_skills_and_integrations	f441ac3390d8fb54bb2b3388155b448948aeb526	skills/cass/scripts/recover.sh	24	78e8559a3e45da4c	CURRENT	1	24-24	CURRENT	TM-RA-1
ra:technique:agent_settings_backup_script/filesystem-semantics/12c771cf	agent_settings_backup_script	4684a604a3107c72e2c9c12405357b900bb4ff4a	asb	524	35affce400e89a5b	CURRENT	1	524-524	CURRENT	TM-RA-1
ra:technique:agent_settings_backup_script/filesystem-semantics/12c771cf	agent_settings_backup_script	4684a604a3107c72e2c9c12405357b900bb4ff4a	asb	1118	79d36383dcf30a48	CURRENT	1	1118-1118	CURRENT	TM-RA-1
ra:technique:agent_settings_backup_script/filesystem-semantics/12c771cf	agent_settings_backup_script	4684a604a3107c72e2c9c12405357b900bb4ff4a	asb	1135	981851882372e124	CURRENT	1	1135-1135	CURRENT	TM-RA-1
ra:technique:agent_settings_backup_script/local.checksum-mirror-with-checkpoint-commit/c0c18949	agent_settings_backup_script	4684a604a3107c72e2c9c12405357b900bb4ff4a	asb	648	b0335235030056fb	CURRENT	1	648-648	CURRENT	TM-RA-1
ra:technique:agent_settings_backup_script/local.checksum-mirror-with-checkpoint-commit/c0c18949	agent_settings_backup_script	4684a604a3107c72e2c9c12405357b900bb4ff4a	asb	472	d4a53b3c4737f13e	CURRENT	1	472-472	CURRENT	TM-RA-1
ra:technique:agent_settings_backup_script/local.checksum-mirror-with-checkpoint-commit/c0c18949	agent_settings_backup_script	4684a604a3107c72e2c9c12405357b900bb4ff4a	asb	475	1314081562d03470	CURRENT	1	475-475	CURRENT	TM-RA-1
ra:technique:agentic_coding_flywheel_setup/cryptographic-primitives/71e6aedf	agentic_coding_flywheel_setup	5b2f1a782eea2b8c8468bca6d1ac22fd263bfd8c	install.sh	3956	aaa5967083e6dc9a	CURRENT	1	3956-3956	CURRENT	TM-RA-1
ra:technique:agentic_coding_flywheel_setup/cryptographic-primitives/71e6aedf	agentic_coding_flywheel_setup	5b2f1a782eea2b8c8468bca6d1ac22fd263bfd8c	install.sh	3969	e7dfdfbd10927e7f	RELOCATED	1	3970-3970	CURRENT+line_relocated	TM-RA-1
ra:technique:agentic_coding_flywheel_setup/graph-algorithms-core/cdfeb89d	agentic_coding_flywheel_setup	5b2f1a782eea2b8c8468bca6d1ac22fd263bfd8c	packages/manifest/src/utils.ts	186	704772e69615bbae	CURRENT	1	186-186	CURRENT	TM-RA-1
ra:technique:agentic_coding_flywheel_setup/graph-algorithms-core/cdfeb89d	agentic_coding_flywheel_setup	5b2f1a782eea2b8c8468bca6d1ac22fd263bfd8c	packages/manifest/src/utils.ts	201	373574620391efab	CURRENT	1	201-201	CURRENT	TM-RA-1
ra:technique:asimposium.org/merkle-tree/51e6d3c5	asimposium.org	ccf3f69982258cd8ffe440a19ec3a4a60464b986	apps/wire/src/krater/cas.ts	30	363d8967eedc281b	CURRENT	1	30-30	CURRENT	TM-RA-1
ra:technique:asimposium.org/merkle-tree/51e6d3c5	asimposium.org	ccf3f69982258cd8ffe440a19ec3a4a60464b986	apps/wire/src/krater/cas.ts	62	2bec1e01afcfb0bd	CURRENT	1	62-62	CURRENT	TM-RA-1
ra:technique:asimposium.org/merkle-tree/51e6d3c5	asimposium.org	ccf3f69982258cd8ffe440a19ec3a4a60464b986	apps/wire/src/krater/cas.ts	69	c5333cb161b9852d	CURRENT	1	69-69	CURRENT	TM-RA-1
ra:technique:asimposium.org/rm-deterministic-hashing-ordering/f31a7d12	asimposium.org	ccf3f69982258cd8ffe440a19ec3a4a60464b986	packages/render/src/canonical.ts	38	7042afcffe23ef7a	CURRENT	1	38-38	CURRENT	TM-RA-1
ra:technique:asimposium.org/rm-deterministic-hashing-ordering/f31a7d12	asimposium.org	ccf3f69982258cd8ffe440a19ec3a4a60464b986	packages/render/src/canonical.ts	45	b8203e6b31c6fa68	CURRENT	1	45-45	CURRENT	TM-RA-1
ra:technique:asimposium.org/rm-deterministic-hashing-ordering/f31a7d12	asimposium.org	ccf3f69982258cd8ffe440a19ec3a4a60464b986	packages/render/src/canonical.ts	57	851910113c829fce	CURRENT	1	57-57	CURRENT	TM-RA-1
ra:technique:asimposium.org/two-phase-commit-sagas/2e54a66e	asimposium.org	ccf3f69982258cd8ffe440a19ec3a4a60464b986	apps/wire/src/auth/local-check.ts	820	04f40aca5aa5be2a	CURRENT	1	820-820	CURRENT	TM-RA-1
ra:technique:asimposium.org/two-phase-commit-sagas/2e54a66e	asimposium.org	ccf3f69982258cd8ffe440a19ec3a4a60464b986	apps/wire/src/auth/local-check.ts	824	5536ce611798fada	CURRENT	1	824-824	CURRENT	TM-RA-1
ra:technique:asimposium.org/two-phase-commit-sagas/2e54a66e	asimposium.org	ccf3f69982258cd8ffe440a19ec3a4a60464b986	apps/wire/src/auth/local-check.ts	835	f93dcaf061f725a0	CURRENT	1	835-835	CURRENT	TM-RA-1
ra:technique:asimposium.org/ulid-monotonic/a2a91035	asimposium.org	ccf3f69982258cd8ffe440a19ec3a4a60464b986	apps/wire/src/split/service.ts	142	e2077a213a86391a	CURRENT	1	142-142	CURRENT	TM-RA-1
ra:technique:asimposium.org/ulid-monotonic/a2a91035	asimposium.org	ccf3f69982258cd8ffe440a19ec3a4a60464b986	apps/wire/src/split/service.ts	166	e0103cf0c19615f7	CURRENT	1	166-166	CURRENT	TM-RA-1
ra:technique:asimposium.org/ulid-monotonic/a2a91035	asimposium.org	ccf3f69982258cd8ffe440a19ec3a4a60464b986	apps/wire/src/split/service.ts	169	4b1a9b1a15e1eacd	CURRENT	1	169-169	CURRENT	TM-RA-1
ra:technique:asupersync/azuma-hoeffding/9e798e29	asupersync	c1d84852cf3eb05a3fd61e6647a0c30e11b078de	src/cancel/progress_certificate.rs	17	639abd21bf71d707	CURRENT	1	17-17	CURRENT	TM-RA-1
ra:technique:asupersync/azuma-hoeffding/9e798e29	asupersync	c1d84852cf3eb05a3fd61e6647a0c30e11b078de	src/cancel/progress_certificate.rs	14	372f1b40db31629a	CURRENT	1	14-14	CURRENT	TM-RA-1
ra:technique:asupersync/azuma-hoeffding/9e798e29	asupersync	c1d84852cf3eb05a3fd61e6647a0c30e11b078de	src/cancel/progress_certificate.rs	27	ca70138d089c09a9	CURRENT	1	27-27	CURRENT	TM-RA-1
ra:technique:asupersync/bayes-theorem/f7e938e7	asupersync	c1d84852cf3eb05a3fd61e6647a0c30e11b078de	franken_evidence/src/lib.rs	15	a43835505e1ccaae	CURRENT	1	15-15	CURRENT	TM-RA-1
ra:technique:asupersync/bayes-theorem/f7e938e7	asupersync	c1d84852cf3eb05a3fd61e6647a0c30e11b078de	franken_decision/src/lib.rs	540	ed07f35d0796e740	CURRENT	1	540-540	CURRENT	TM-RA-1
ra:technique:asupersync/bayes-theorem/f7e938e7	asupersync	c1d84852cf3eb05a3fd61e6647a0c30e11b078de	src/raptorq/decision_contract.rs	3	3c02ae657486f3aa	CURRENT	1	3-3	CURRENT	TM-RA-1
ra:technique:asupersync/calm-theorem/abefae25	asupersync	c1d84852cf3eb05a3fd61e6647a0c30e11b078de	src/obligation/calm.rs	3	80929f57a03faa74	CURRENT	1	3-3	CURRENT	TM-RA-1
ra:technique:asupersync/calm-theorem/abefae25	asupersync	c1d84852cf3eb05a3fd61e6647a0c30e11b078de	src/obligation/calm.rs	20	938373a5b37fe421	CURRENT	1	20-20	CURRENT	TM-RA-1
ra:technique:asupersync/capability-security/004b565f	asupersync	c1d84852cf3eb05a3fd61e6647a0c30e11b078de	src/cx/cap.rs	13	cbbc21f1fca84415	CURRENT	1	13-13	CURRENT	TM-RA-1
ra:technique:asupersync/capability-security/004b565f	asupersync	c1d84852cf3eb05a3fd61e6647a0c30e11b078de	src/cx/cap.rs	19	c252b8227f199b58	CURRENT	1	19-19	CURRENT	TM-RA-1
ra:technique:asupersync/capability-security/004b565f	asupersync	c1d84852cf3eb05a3fd61e6647a0c30e11b078de	src/cx/mod.rs	6	049390444f6d3537	CURRENT	1	6-6	CURRENT	TM-RA-1
ra:technique:asupersync/conformal-prediction/a0395856	asupersync	c1d84852cf3eb05a3fd61e6647a0c30e11b078de	src/lab/conformal.rs	7	aa521b09bb34f519	CURRENT	1	7-7	CURRENT	TM-RA-1
ra:technique:asupersync/conformal-prediction/a0395856	asupersync	c1d84852cf3eb05a3fd61e6647a0c30e11b078de	src/lab/conformal.rs	22	46155dbb52f1cf21	CURRENT	1	22-22	CURRENT	TM-RA-1
ra:technique:asupersync/crdt/22c5dbeb	asupersync	c1d84852cf3eb05a3fd61e6647a0c30e11b078de	src/obligation/crdt.rs	13	3e34aaaae87333eb	CURRENT	1	13-13	CURRENT	TM-RA-1
ra:technique:asupersync/crdt/22c5dbeb	asupersync	c1d84852cf3eb05a3fd61e6647a0c30e11b078de	src/obligation/crdt.rs	4	d6bd6c7d86336360	CURRENT	1	4-4	CURRENT	TM-RA-1
ra:technique:asupersync/delta-debugging-ddmin/52d8cd48	asupersync	c1d84852cf3eb05a3fd61e6647a0c30e11b078de	src/trace/delta_debug.rs	5	427887e64560f351	CURRENT	1	5-5	CURRENT	TM-RA-1
ra:technique:asupersync/delta-debugging-ddmin/52d8cd48	asupersync	c1d84852cf3eb05a3fd61e6647a0c30e11b078de	src/trace/delta_debug.rs	18	fbd69343567072ed	CURRENT	1	18-18	CURRENT	TM-RA-1
ra:technique:asupersync/deterministic-simulation-testing/401fe168	asupersync	c1d84852cf3eb05a3fd61e6647a0c30e11b078de	tests/lab_determinism.rs	8	fdae0edaee1d80b4	CURRENT	1	8-8	CURRENT	TM-RA-1
ra:technique:asupersync/deterministic-simulation-testing/401fe168	asupersync	c1d84852cf3eb05a3fd61e6647a0c30e11b078de	src/lab/explorer.rs	300	b909a89aa8b415ca	CURRENT	1	300-300	CURRENT	TM-RA-1
ra:technique:asupersync/deterministic-simulation-testing/401fe168	asupersync	c1d84852cf3eb05a3fd61e6647a0c30e11b078de	src/lab/replay.rs	11	16f1286206bc3102	CURRENT	1	11-11	CURRENT	TM-RA-1
ra:technique:asupersync/dialectica-interpretation/ad42812d	asupersync	c1d84852cf3eb05a3fd61e6647a0c30e11b078de	src/obligation/dialectica.rs	5	89bc3dfa8102ddf6	CURRENT	1	5-5	CURRENT	TM-RA-1
ra:technique:asupersync/dialectica-interpretation/ad42812d	asupersync	c1d84852cf3eb05a3fd61e6647a0c30e11b078de	src/obligation/dialectica.rs	16	380450bc88f0f159	CURRENT	1	16-16	CURRENT	TM-RA-1
ra:technique:asupersync/dpor-model-checking/c669904b	asupersync	c1d84852cf3eb05a3fd61e6647a0c30e11b078de	src/trace/dpor.rs	33	4f9c82fe95008e58	CURRENT	1	33-33	CURRENT	TM-RA-1
ra:technique:asupersync/dpor-model-checking/c669904b	asupersync	c1d84852cf3eb05a3fd61e6647a0c30e11b078de	src/trace/independence.rs	6	81e94af1db2cae1c	CURRENT	1	6-6	CURRENT	TM-RA-1
ra:technique:asupersync/dpor-model-checking/c669904b	asupersync	c1d84852cf3eb05a3fd61e6647a0c30e11b078de	src/trace/dpor.rs	622	410a9b4fdc15d02c	CURRENT	1	622-622	CURRENT	TM-RA-1
ra:technique:asupersync/e-value/848570d8	asupersync	c1d84852cf3eb05a3fd61e6647a0c30e11b078de	src/obligation/eprocess.rs	197	8d6f3c3dba1a23f4	CURRENT	1	197-197	CURRENT	TM-RA-1
ra:technique:asupersync/e-value/848570d8	asupersync	c1d84852cf3eb05a3fd61e6647a0c30e11b078de	src/obligation/eprocess.rs	198	a42784287d130082	CURRENT	1	198-198	CURRENT	TM-RA-1
ra:technique:asupersync/e-value/848570d8	asupersync	c1d84852cf3eb05a3fd61e6647a0c30e11b078de	src/lab/oracle/eprocess.rs	33	1fcbdf39583d062b	CURRENT	1	33-33	CURRENT	TM-RA-1
ra:technique:asupersync/hoare-separation-logic/ec626e6c	asupersync	c1d84852cf3eb05a3fd61e6647a0c30e11b078de	src/obligation/separation_logic.rs	6	5c5051e527a5c96d	CURRENT	1	6-6	CURRENT	TM-RA-1
ra:technique:asupersync/hoare-separation-logic/ec626e6c	asupersync	c1d84852cf3eb05a3fd61e6647a0c30e11b078de	src/obligation/no_leak_proof.rs	9	6a5fc0d041eaf3a4	CURRENT	1	9-9	CURRENT	TM-RA-1
ra:technique:asupersync/hoare-separation-logic/ec626e6c	asupersync	c1d84852cf3eb05a3fd61e6647a0c30e11b078de	src/obligation/no_leak_proof.rs	57	d4eb8d7da10a2ac2	CURRENT	1	57-57	CURRENT	TM-RA-1
ra:technique:asupersync/hoeffding-d/506a10a3	asupersync	c1d84852cf3eb05a3fd61e6647a0c30e11b078de	src/observability/spectral_health.rs	884	41fcf57d6a391bc6	CURRENT	1	884-884	CURRENT	TM-RA-1
ra:technique:asupersync/hoeffding-d/506a10a3	asupersync	c1d84852cf3eb05a3fd61e6647a0c30e11b078de	src/observability/spectral_health.rs	1117	35c99107aeaf0c6f	CURRENT	1	1117-1117	CURRENT	TM-RA-1
ra:technique:asupersync/lineage-driven-fault-injection/b24f54e7	asupersync	c1d84852cf3eb05a3fd61e6647a0c30e11b078de	src/lab/ldfi.rs	10	3e4486003608ff8a	CURRENT	1	10-10	CURRENT	TM-RA-1
ra:technique:asupersync/lineage-driven-fault-injection/b24f54e7	asupersync	c1d84852cf3eb05a3fd61e6647a0c30e11b078de	src/lab/ldfi.rs	25	5386be213295d26a	CURRENT	1	25-25	CURRENT	TM-RA-1
ra:technique:asupersync/lyapunov-drift-potential/61118cbc	asupersync	c1d84852cf3eb05a3fd61e6647a0c30e11b078de	src/obligation/lyapunov.rs	11	99c37aea18f5ec92	CURRENT	1	11-11	CURRENT	TM-RA-1
ra:technique:asupersync/lyapunov-drift-potential/61118cbc	asupersync	c1d84852cf3eb05a3fd61e6647a0c30e11b078de	src/obligation/lyapunov.rs	12	c171ce6ac5b16c9e	CURRENT	1	12-12	CURRENT	TM-RA-1
ra:technique:asupersync/macaroons/4d5e75b7	asupersync	c1d84852cf3eb05a3fd61e6647a0c30e11b078de	src/cx/macaroon.rs	19	d8f24bf6e1a83c8a	CURRENT	1	19-19	CURRENT	TM-RA-1
ra:technique:asupersync/macaroons/4d5e75b7	asupersync	c1d84852cf3eb05a3fd61e6647a0c30e11b078de	src/cx/macaroon.rs	22	3b0167fbf2450616	CURRENT	1	22-22	CURRENT	TM-RA-1
ra:technique:asupersync/macaroons/4d5e75b7	asupersync	c1d84852cf3eb05a3fd61e6647a0c30e11b078de	src/cx/macaroon.rs	5	3f5187e54c7fd7d2	CURRENT	1	5-5	CURRENT	TM-RA-1
ra:technique:asupersync/mazurkiewicz-trace-monoid/20725fde	asupersync	c1d84852cf3eb05a3fd61e6647a0c30e11b078de	src/trace/canonicalize.rs	14	ccd829e6920ae434	CURRENT	1	14-14	CURRENT	TM-RA-1
ra:technique:asupersync/mazurkiewicz-trace-monoid/20725fde	asupersync	c1d84852cf3eb05a3fd61e6647a0c30e11b078de	src/trace/canonicalize.rs	25	6021ab12c5c03f59	CURRENT	1	25-25	CURRENT	TM-RA-1
ra:technique:asupersync/mazurkiewicz-trace-monoid/20725fde	asupersync	c1d84852cf3eb05a3fd61e6647a0c30e11b078de	src/trace/canonicalize.rs	57	b31e90ca948ecab6	CURRENT	1	57-57	CURRENT	TM-RA-1
ra:technique:asupersync/memory-model-atomics/eff8da59	asupersync	c1d84852cf3eb05a3fd61e6647a0c30e11b078de	src/actor.rs	834	1a0bd4df9014e7f5	CURRENT	1	834-834	CURRENT	TM-RA-1
ra:technique:asupersync/memory-model-atomics/eff8da59	asupersync	c1d84852cf3eb05a3fd61e6647a0c30e11b078de	asupersync-tokio-compat/src/cancel.rs	35	09de0c24f88c88e3	CURRENT	1	35-35	CURRENT	TM-RA-1
ra:technique:asupersync/merkle-tree/58a0934f	asupersync	c1d84852cf3eb05a3fd61e6647a0c30e11b078de	src/atp/journal/delta_cas.rs	95	278058e759e8df74	CURRENT	1	95-95	CURRENT	TM-RA-1
ra:technique:asupersync/merkle-tree/58a0934f	asupersync	c1d84852cf3eb05a3fd61e6647a0c30e11b078de	src/atp/journal/delta_cas.rs	287	3aca0a1a4c0b3677	CURRENT	1	287-287	CURRENT	TM-RA-1
ra:technique:asupersync/persistent-homology/7c6a6dac	asupersync	c1d84852cf3eb05a3fd61e6647a0c30e11b078de	src/trace/gf2.rs	4	73275e11c0f16142	CURRENT	1	4-4	CURRENT	TM-RA-1
ra:technique:asupersync/persistent-homology/7c6a6dac	asupersync	c1d84852cf3eb05a3fd61e6647a0c30e11b078de	src/trace/gf2.rs	367	6d52b8c3a5dc0a07	CURRENT	1	367-367	CURRENT	TM-RA-1
ra:technique:asupersync/persistent-homology/7c6a6dac	asupersync	c1d84852cf3eb05a3fd61e6647a0c30e11b078de	src/trace/scoring.rs	3	5e6fee843aaf3fcc	CURRENT	1	3-3	CURRENT	TM-RA-1
ra:technique:asupersync/process-calculi-session-types/b5bccaf3	asupersync	c1d84852cf3eb05a3fd61e6647a0c30e11b078de	src/obligation/session_types.rs	13	c959004d5c1da9ca	CURRENT	1	13-13	CURRENT	TM-RA-1
ra:technique:asupersync/process-calculi-session-types/b5bccaf3	asupersync	c1d84852cf3eb05a3fd61e6647a0c30e11b078de	src/obligation/session_types.rs	10	60e82eb51a7b25cd	CURRENT	1	10-10	CURRENT	TM-RA-1
ra:technique:asupersync/process-calculi-session-types/4ff6ef00	asupersync	c1d84852cf3eb05a3fd61e6647a0c30e11b078de	src/obligation/graded.rs	20	77d896c0e41b2c8b	CURRENT	1	20-20	CURRENT	TM-RA-1
ra:technique:asupersync/process-calculi-session-types/4ff6ef00	asupersync	c1d84852cf3eb05a3fd61e6647a0c30e11b078de	src/obligation/graded.rs	21	479a36303f5d4c7f	CURRENT	1	21-21	CURRENT	TM-RA-1
ra:technique:asupersync/raptorq-fountain/98717652	asupersync	c1d84852cf3eb05a3fd61e6647a0c30e11b078de	src/raptorq_rfc6330_conformance_tests.rs	5	9dab881c081a68d6	CURRENT	1	5-5	CURRENT	TM-RA-1
ra:technique:asupersync/raptorq-fountain/98717652	asupersync	c1d84852cf3eb05a3fd61e6647a0c30e11b078de	src/raptorq/proof.rs	39	62ee81addca06866	CURRENT	1	39-39	CURRENT	TM-RA-1
ra:technique:asupersync/raptorq-fountain/98717652	asupersync	c1d84852cf3eb05a3fd61e6647a0c30e11b078de	src/trace/raptorq_journal.rs	7	337f03972958fe01	CURRENT	1	7-7	CURRENT	TM-RA-1
ra:technique:asupersync/rm-concurrency-model-checking/30f4fec8	asupersync	c1d84852cf3eb05a3fd61e6647a0c30e11b078de	tests/scheduler_loom.rs	6	1822bb3948e60a9c	CURRENT	1	6-6	CURRENT	TM-RA-1
ra:technique:asupersync/rm-concurrency-model-checking/30f4fec8	asupersync	c1d84852cf3eb05a3fd61e6647a0c30e11b078de	tests/scheduler_loom.rs	15	95101474b577d95a	CURRENT	1	15-15	CURRENT	TM-RA-1
ra:technique:asupersync/rm-concurrency-model-checking/30f4fec8	asupersync	c1d84852cf3eb05a3fd61e6647a0c30e11b078de	Cargo.toml	498	63443200e7e36c15	CURRENT	1	498-498	CURRENT	TM-RA-1
ra:technique:asupersync/rm-differential-oracle/f025b849	asupersync	c1d84852cf3eb05a3fd61e6647a0c30e11b078de	src/channel/oneshot_metamorphic.rs	9	44c171dbba9615e5	CURRENT	1	9-9	CURRENT	TM-RA-1
ra:technique:asupersync/rm-differential-oracle/f025b849	asupersync	c1d84852cf3eb05a3fd61e6647a0c30e11b078de	src/channel/oneshot_metamorphic.rs	11	591184e9e3bfc2bf	CURRENT	1	11-11	CURRENT	TM-RA-1
ra:technique:asupersync/rm-differential-oracle/6f47e0bd	asupersync	c1d84852cf3eb05a3fd61e6647a0c30e11b078de	tests/conformance/raptorq_differential/src/differential_tests.rs	225	0093bde754ce7ca0	CURRENT	1	225-225	CURRENT	TM-RA-1
ra:technique:asupersync/rm-differential-oracle/6f47e0bd	asupersync	c1d84852cf3eb05a3fd61e6647a0c30e11b078de	asupersync-tokio-compat/src/hyper_bridge.rs	119	34476566ce4e0a13	CURRENT	1	119-119	CURRENT	TM-RA-1
ra:technique:asupersync/rm-evidence-receipts/0002d092	asupersync	c1d84852cf3eb05a3fd61e6647a0c30e11b078de	src/trace/certificate.rs	3	8491bb61d057f899	CURRENT	1	3-3	CURRENT	TM-RA-1
ra:technique:asupersync/rm-evidence-receipts/0002d092	asupersync	c1d84852cf3eb05a3fd61e6647a0c30e11b078de	src/trace/refinement_firewall.rs	3	422d9286e94a4e7b	CURRENT	1	3-3	CURRENT	TM-RA-1
ra:technique:asupersync/rm-evidence-receipts/0002d092	asupersync	c1d84852cf3eb05a3fd61e6647a0c30e11b078de	franken_evidence/src/lib.rs	4	70ba7f75648c678a	CURRENT	1	4-4	CURRENT	TM-RA-1
ra:technique:asupersync/rm-fuzzing/381ade22	asupersync	c1d84852cf3eb05a3fd61e6647a0c30e11b078de	src/cli/atp_command_tree.rs	76	3c1b5d5a1a683895	CURRENT	1	76-76	CURRENT	TM-RA-1
ra:technique:asupersync/rm-fuzzing/381ade22	asupersync	c1d84852cf3eb05a3fd61e6647a0c30e11b078de	src/lab/fuzz.rs	1	ce892dea9cc2fbf3	CURRENT	1	1-1	CURRENT	TM-RA-1
ra:technique:asupersync/rm-lint-discipline/a3e46080	asupersync	c1d84852cf3eb05a3fd61e6647a0c30e11b078de	deny.toml	22	c1adb59abd0c245f	CURRENT	1	22-22	CURRENT	TM-RA-1
ra:technique:asupersync/rm-lint-discipline/a3e46080	asupersync	c1d84852cf3eb05a3fd61e6647a0c30e11b078de	deny.toml	24	b49e43b2a99c638e	CURRENT	1	24-24	CURRENT	TM-RA-1
ra:technique:asupersync/rm-lint-discipline/a3e46080	asupersync	c1d84852cf3eb05a3fd61e6647a0c30e11b078de	deny.toml	21	fbd68357f4182fc7	CURRENT	1	21-21	CURRENT	TM-RA-1
ra:technique:asupersync/rm-property-testing/50d65061	asupersync	c1d84852cf3eb05a3fd61e6647a0c30e11b078de	tests/formal_semantics_conformance.rs	3	7927d81c7babb77b	CURRENT	1	3-3	CURRENT	TM-RA-1
ra:technique:asupersync/rm-property-testing/50d65061	asupersync	c1d84852cf3eb05a3fd61e6647a0c30e11b078de	tests/formal_semantics_conformance.rs	8	e693be5e8d83a0e7	CURRENT	1	8-8	CURRENT	TM-RA-1
ra:technique:asupersync/rm-unsafe-discipline/8090bc28	asupersync	c1d84852cf3eb05a3fd61e6647a0c30e11b078de	Cargo.toml	948	73b320df205c075a	CURRENT	1	948-948	CURRENT	TM-RA-1
ra:technique:asupersync/rm-unsafe-discipline/8090bc28	asupersync	c1d84852cf3eb05a3fd61e6647a0c30e11b078de	asupersync-browser-core/src/lib.rs	11	9055b8120cf74101	CURRENT	1	11-11	CURRENT	TM-RA-1
ra:technique:asupersync/scheduling-theory/19b72224	asupersync	c1d84852cf3eb05a3fd61e6647a0c30e11b078de	src/runtime/scheduler/three_lane.rs	43	ac266e972014bc06	CURRENT	1	43-43	CURRENT	TM-RA-1
ra:technique:asupersync/scheduling-theory/19b72224	asupersync	c1d84852cf3eb05a3fd61e6647a0c30e11b078de	src/runtime/scheduler/three_lane.rs	62	25b369190aead87f	CURRENT	1	62-62	CURRENT	TM-RA-1
ra:technique:asupersync/scheduling-theory/19b72224	asupersync	c1d84852cf3eb05a3fd61e6647a0c30e11b078de	src/runtime/scheduler/three_lane.rs	8	8178796a6ea6738d	CURRENT	1	8-8	CURRENT	TM-RA-1
ra:technique:asupersync/simd-bit-tricks/6233930e	asupersync	c1d84852cf3eb05a3fd61e6647a0c30e11b078de	src/raptorq/gf256.rs	4	f3bbca27c0f4663f	CURRENT	1	4-4	CURRENT	TM-RA-1
ra:technique:asupersync/simd-bit-tricks/6233930e	asupersync	c1d84852cf3eb05a3fd61e6647a0c30e11b078de	src/raptorq/gf256.rs	35	34a880ebceaf5b42	CURRENT	1	35-35	CURRENT	TM-RA-1
ra:technique:asupersync/simd-bit-tricks/6233930e	asupersync	c1d84852cf3eb05a3fd61e6647a0c30e11b078de	src/raptorq/gf256_tests/gf256_validation_tests.rs	4	fbdba1dfddedae61	CURRENT	1	4-4	CURRENT	TM-RA-1
ra:technique:asupersync/spectral-graph-theory/9bacaff0	asupersync	c1d84852cf3eb05a3fd61e6647a0c30e11b078de	src/observability/spectral_health.rs	31	f52dba6ebdd12a8a	CURRENT	1	31-31	CURRENT	TM-RA-1
ra:technique:asupersync/spectral-graph-theory/9bacaff0	asupersync	c1d84852cf3eb05a3fd61e6647a0c30e11b078de	src/observability/spectral_health.rs	44	1a2b29e443924baa	CURRENT	1	44-44	CURRENT	TM-RA-1
ra:technique:asupersync/spectral-graph-theory/9bacaff0	asupersync	c1d84852cf3eb05a3fd61e6647a0c30e11b078de	src/observability/spectral_health.rs	17	66f0d195ac67d310	CURRENT	1	17-17	CURRENT	TM-RA-1
ra:technique:asupersync/structured-concurrency/36260141	asupersync	c1d84852cf3eb05a3fd61e6647a0c30e11b078de	formal/tla/Asupersync.tla	240	3539507a449a03bd	CURRENT	1	240-240	CURRENT	TM-RA-1
ra:technique:asupersync/structured-concurrency/36260141	asupersync	c1d84852cf3eb05a3fd61e6647a0c30e11b078de	formal/lean/Asupersync.lean	797	f148536e3f1d57cc	CURRENT	1	797-797	CURRENT	TM-RA-1
ra:technique:asupersync/structured-concurrency/36260141	asupersync	c1d84852cf3eb05a3fd61e6647a0c30e11b078de	src/lab/oracle/mod.rs	11	5d7f8307aacd2da1	CURRENT	1	11-11	CURRENT	TM-RA-1
ra:technique:asupersync/tla-plus-refinement/13842fa0	asupersync	c1d84852cf3eb05a3fd61e6647a0c30e11b078de	formal/tla/Asupersync.tla	245	f6d2a4ed034c995e	CURRENT	1	245-245	CURRENT	TM-RA-1
ra:technique:asupersync/tla-plus-refinement/13842fa0	asupersync	c1d84852cf3eb05a3fd61e6647a0c30e11b078de	formal/tla/Asupersync.tla	607	26212ff8a7db032e	CURRENT	1	607-607	CURRENT	TM-RA-1
ra:technique:asupersync/tla-plus-refinement/13842fa0	asupersync	c1d84852cf3eb05a3fd61e6647a0c30e11b078de	src/trace/tla_export.rs	3	9cb2defbd5bc48b9	CURRENT	1	3-3	CURRENT	TM-RA-1
ra:technique:asupersync/two-phase-commit-sagas/08590a20	asupersync	c1d84852cf3eb05a3fd61e6647a0c30e11b078de	src/channel/mpsc.rs	3	1965941e4f1d05e4	CURRENT	1	3-3	CURRENT	TM-RA-1
ra:technique:asupersync/two-phase-commit-sagas/08590a20	asupersync	c1d84852cf3eb05a3fd61e6647a0c30e11b078de	src/channel/mpsc.rs	10	2b64f7fe240d6bf5	CURRENT	1	10-10	CURRENT	TM-RA-1
ra:technique:asupersync/two-phase-commit-sagas/08590a20	asupersync	c1d84852cf3eb05a3fd61e6647a0c30e11b078de	src/channel/mpsc.rs	35	95b35604caae8475	CURRENT	1	35-35	CURRENT	TM-RA-1
ra:technique:asupersync/type-theory-proof-kernel/26b1b0e1	asupersync	c1d84852cf3eb05a3fd61e6647a0c30e11b078de	formal/lean/Asupersync.lean	793	25618092dce8552d	CURRENT	1	793-793	CURRENT	TM-RA-1
ra:technique:asupersync/type-theory-proof-kernel/26b1b0e1	asupersync	c1d84852cf3eb05a3fd61e6647a0c30e11b078de	formal/lean/Asupersync.lean	1833	fa9ad3108e3072f5	CURRENT	1	1833-1833	CURRENT	TM-RA-1
ra:technique:asupersync/type-theory-proof-kernel/26b1b0e1	asupersync	c1d84852cf3eb05a3fd61e6647a0c30e11b078de	formal/lean/Asupersync.lean	938	804a7661e880d9fe	CURRENT	1	938-938	CURRENT	TM-RA-1
ra:technique:asupersync/vector-clock/94361ec8	asupersync	c1d84852cf3eb05a3fd61e6647a0c30e11b078de	src/trace/distributed/vclock.rs	4	67b5aa0ecd8e5988	CURRENT	1	4-4	CURRENT	TM-RA-1
ra:technique:asupersync/vector-clock/94361ec8	asupersync	c1d84852cf3eb05a3fd61e6647a0c30e11b078de	src/lab/ldfi.rs	473	19e1683066471464	CURRENT	1	473-473	CURRENT	TM-RA-1
ra:technique:asupersync/ville-inequality/cb8afa16	asupersync	c1d84852cf3eb05a3fd61e6647a0c30e11b078de	src/obligation/eprocess.rs	23	aafe4b34d4380074	CURRENT	1	23-23	CURRENT	TM-RA-1
ra:technique:asupersync/ville-inequality/cb8afa16	asupersync	c1d84852cf3eb05a3fd61e6647a0c30e11b078de	src/lab/oracle/eprocess.rs	12	4b6b1b1190fdab33	CURRENT	1	12-12	CURRENT	TM-RA-1
ra:technique:asupersync/ville-inequality/cb8afa16	asupersync	c1d84852cf3eb05a3fd61e6647a0c30e11b078de	src/cancel/progress_certificate.rs	2144	d0971fce65eb6d02	CURRENT	1	2144-2144	CURRENT	TM-RA-1
ra:technique:asupersync_ansi_c/barrier-certificate/dec8364e	asupersync_ansi_c	eee0f3f9acfd233922a15c17de0c6df9c6cb3d66	src/runtime/barrier_cert_spike.c	35	0fd277cdabfef824	CURRENT	1	35-35	CURRENT	TM-RA-1
ra:technique:asupersync_ansi_c/barrier-certificate/dec8364e	asupersync_ansi_c	eee0f3f9acfd233922a15c17de0c6df9c6cb3d66	src/runtime/barrier_cert_spike.c	12	bf99e7a981ce25e0	CURRENT	1	12-12	CURRENT	TM-RA-1
ra:technique:asupersync_ansi_c/barrier-certificate/dec8364e	asupersync_ansi_c	eee0f3f9acfd233922a15c17de0c6df9c6cb3d66	src/runtime/barrier_cert_spike.c	13	5c8133122756ec9a	CURRENT	1	13-13	CURRENT	TM-RA-1
ra:technique:asupersync_ansi_c/budget-meet-semilattice/7222b1f5	asupersync_ansi_c	eee0f3f9acfd233922a15c17de0c6df9c6cb3d66	tests/formal/cbmc/budget_lattice_harness.c	5	ef8fd25d25d45eea	CURRENT	1	5-5	CURRENT	TM-RA-1
ra:technique:asupersync_ansi_c/budget-meet-semilattice/7222b1f5	asupersync_ansi_c	eee0f3f9acfd233922a15c17de0c6df9c6cb3d66	tests/formal/cbmc/budget_lattice_harness.c	10	5168f959314ceafc	CURRENT	1	10-10	CURRENT	TM-RA-1
ra:technique:asupersync_ansi_c/budget-meet-semilattice/7222b1f5	asupersync_ansi_c	eee0f3f9acfd233922a15c17de0c6df9c6cb3d66	tests/formal/algebraic/test_budget_lattice.c	4	36b4e70689444fcd	CURRENT	1	4-4	CURRENT	TM-RA-1
ra:technique:asupersync_ansi_c/capability-security/cdb05d6e	asupersync_ansi_c	eee0f3f9acfd233922a15c17de0c6df9c6cb3d66	include/asx/cx/cx.h	11	88f1ed9bb5d89c8f	CURRENT	1	11-11	CURRENT	TM-RA-1
ra:technique:asupersync_ansi_c/capability-security/cdb05d6e	asupersync_ansi_c	eee0f3f9acfd233922a15c17de0c6df9c6cb3d66	include/asx/cx/cx.h	12	e5ffed8b35224429	CURRENT	1	12-12	CURRENT	TM-RA-1
ra:technique:asupersync_ansi_c/capability-security/cdb05d6e	asupersync_ansi_c	eee0f3f9acfd233922a15c17de0c6df9c6cb3d66	include/asx/cx/cx.h	18	e1d98c792c15b529	CURRENT	1	18-18	CURRENT	TM-RA-1
ra:technique:asupersync_ansi_c/dag-scheduling-critical-path/bdebfb8f	asupersync_ansi_c	eee0f3f9acfd233922a15c17de0c6df9c6cb3d66	include/asx/plan/plan.h	4	24d4f8265c802b4a	CURRENT	1	4-4	CURRENT	TM-RA-1
ra:technique:asupersync_ansi_c/dag-scheduling-critical-path/bdebfb8f	asupersync_ansi_c	eee0f3f9acfd233922a15c17de0c6df9c6cb3d66	include/asx/plan/plan.h	10	4e17cc8b6ecc614a	CURRENT	1	10-10	CURRENT	TM-RA-1
ra:technique:asupersync_ansi_c/deterministic-simulation-testing/b10caa17	asupersync_ansi_c	eee0f3f9acfd233922a15c17de0c6df9c6cb3d66	include/asx/asx_config.h	141	c441731e6e8d96ed	CURRENT	1	141-141	CURRENT	TM-RA-1
ra:technique:asupersync_ansi_c/deterministic-simulation-testing/b10caa17	asupersync_ansi_c	eee0f3f9acfd233922a15c17de0c6df9c6cb3d66	include/asx/time/timer_wheel.h	5	3186bed00754a8dd	CURRENT	1	5-5	CURRENT	TM-RA-1
ra:technique:asupersync_ansi_c/deterministic-simulation-testing/b10caa17	asupersync_ansi_c	eee0f3f9acfd233922a15c17de0c6df9c6cb3d66	include/asx/time/timer_wheel.h	6	fe049111990dada4	CURRENT	1	6-6	CURRENT	TM-RA-1
ra:technique:asupersync_ansi_c/hashing-functions/1281bb9a	asupersync_ansi_c	eee0f3f9acfd233922a15c17de0c6df9c6cb3d66	include/asx/plan/plan.h	11	a77e983fe3f34b7c	CURRENT	1	11-11	CURRENT	TM-RA-1
ra:technique:asupersync_ansi_c/hashing-functions/1281bb9a	asupersync_ansi_c	eee0f3f9acfd233922a15c17de0c6df9c6cb3d66	include/asx/runtime/adapter.h	68	79d54aeea3885c96	CURRENT	1	68-68	CURRENT	TM-RA-1
ra:technique:asupersync_ansi_c/hashing-functions/1281bb9a	asupersync_ansi_c	eee0f3f9acfd233922a15c17de0c6df9c6cb3d66	include/asx/security/security.h	17	05606d146bf8c20b	CURRENT	1	17-17	CURRENT	TM-RA-1
ra:technique:asupersync_ansi_c/hoare-separation-logic/5b3041dd	asupersync_ansi_c	eee0f3f9acfd233922a15c17de0c6df9c6cb3d66	include/asx/cx/scope.h	107	bbf298636c3d179e	CURRENT	1	107-107	CURRENT	TM-RA-1
ra:technique:asupersync_ansi_c/hoare-separation-logic/5b3041dd	asupersync_ansi_c	eee0f3f9acfd233922a15c17de0c6df9c6cb3d66	include/asx/cx/scope.h	109	7233d359055e4eb1	CURRENT	1	109-109	CURRENT	TM-RA-1
ra:technique:asupersync_ansi_c/isolation-forest-anomaly/c8195cd0	asupersync_ansi_c	eee0f3f9acfd233922a15c17de0c6df9c6cb3d66	include/asx/runtime/hft_instrument.h	13	ef7846be6bd43c9b	CURRENT	1	13-13	CURRENT	TM-RA-1
ra:technique:asupersync_ansi_c/isolation-forest-anomaly/c8195cd0	asupersync_ansi_c	eee0f3f9acfd233922a15c17de0c6df9c6cb3d66	src/runtime/hft_instrument.c	162	0ead874091aeac35	CURRENT	1	162-162	CURRENT	TM-RA-1
ra:technique:asupersync_ansi_c/memory-model-atomics/ab050a90	asupersync_ansi_c	eee0f3f9acfd233922a15c17de0c6df9c6cb3d66	include/asx/platform/atomics.h	40	0e6c3224c6c55952	CURRENT	1	40-40	CURRENT	TM-RA-1
ra:technique:asupersync_ansi_c/memory-model-atomics/ab050a90	asupersync_ansi_c	eee0f3f9acfd233922a15c17de0c6df9c6cb3d66	tests/formal/litmus/test_memory_model_litmus.c	5	f1151a514c3d2a7a	CURRENT	1	5-5	CURRENT	TM-RA-1
ra:technique:asupersync_ansi_c/memory-model-atomics/ab050a90	asupersync_ansi_c	eee0f3f9acfd233922a15c17de0c6df9c6cb3d66	src/platform/posix/hooks.c	355	ce117d8d5bc9122f	CURRENT	1	355-355	CURRENT	TM-RA-1
ra:technique:asupersync_ansi_c/memory-reclamation/36953082	asupersync_ansi_c	eee0f3f9acfd233922a15c17de0c6df9c6cb3d66	src/runtime/seqlock_ebr_spike.c	9	00c88d7bd75c5907	CURRENT	1	9-9	CURRENT	TM-RA-1
ra:technique:asupersync_ansi_c/memory-reclamation/36953082	asupersync_ansi_c	eee0f3f9acfd233922a15c17de0c6df9c6cb3d66	src/runtime/seqlock_ebr_spike.c	13	f9eac7bdba9e617a	CURRENT	1	13-13	CURRENT	TM-RA-1
ra:technique:asupersync_ansi_c/merkle-tree/9c2951b8	asupersync_ansi_c	eee0f3f9acfd233922a15c17de0c6df9c6cb3d66	src/runtime/event_log.c	2	3deae1118da03e33	CURRENT	1	2-2	CURRENT	TM-RA-1
ra:technique:asupersync_ansi_c/merkle-tree/9c2951b8	asupersync_ansi_c	eee0f3f9acfd233922a15c17de0c6df9c6cb3d66	src/runtime/event_log.c	21	41cfb111bc4c22eb	CURRENT	1	21-21	CURRENT	TM-RA-1
ra:technique:asupersync_ansi_c/merkle-tree/9c2951b8	asupersync_ansi_c	eee0f3f9acfd233922a15c17de0c6df9c6cb3d66	include/asx/runtime/event.h	6	4e909817c044465b	CURRENT	1	6-6	CURRENT	TM-RA-1
ra:technique:asupersync_ansi_c/raptorq-fountain/788739d2	asupersync_ansi_c	eee0f3f9acfd233922a15c17de0c6df9c6cb3d66	src/raptorq/raptorq.c	2	e3af48febdfa8c54	CURRENT	1	2-2	CURRENT	TM-RA-1
ra:technique:asupersync_ansi_c/raptorq-fountain/788739d2	asupersync_ansi_c	eee0f3f9acfd233922a15c17de0c6df9c6cb3d66	src/raptorq/raptorq.c	8	a7628740516e5d18	CURRENT	1	8-8	CURRENT	TM-RA-1
ra:technique:asupersync_ansi_c/raptorq-fountain/788739d2	asupersync_ansi_c	eee0f3f9acfd233922a15c17de0c6df9c6cb3d66	include/asx/raptorq/raptorq.h	4	61ba9fc062eea384	CURRENT	1	4-4	CURRENT	TM-RA-1
ra:technique:asupersync_ansi_c/rm-differential-oracle/10dbd30a	asupersync_ansi_c	eee0f3f9acfd233922a15c17de0c6df9c6cb3d66	tools/ci/run_conformance.sh	16	3e11c08e04945488	CURRENT	1	16-16	CURRENT	TM-RA-1
ra:technique:asupersync_ansi_c/rm-differential-oracle/10dbd30a	asupersync_ansi_c	eee0f3f9acfd233922a15c17de0c6df9c6cb3d66	tests/fuzz/fuzz_differential.c	10	cb70dc612620ea9c	CURRENT	1	10-10	CURRENT	TM-RA-1
ra:technique:asupersync_ansi_c/rm-differential-oracle/10dbd30a	asupersync_ansi_c	eee0f3f9acfd233922a15c17de0c6df9c6cb3d66	tests/fuzz/fuzz_differential.c	22	93a0f3158cb1c5b4	CURRENT	1	22-22	CURRENT	TM-RA-1
ra:technique:asupersync_ansi_c/rm-error-taxonomy/b8744135	asupersync_ansi_c	eee0f3f9acfd233922a15c17de0c6df9c6cb3d66	include/asx/asx_abi.h	26	07fd3f7739655b8e	CURRENT	1	26-26	CURRENT	TM-RA-1
ra:technique:asupersync_ansi_c/rm-error-taxonomy/b8744135	asupersync_ansi_c	eee0f3f9acfd233922a15c17de0c6df9c6cb3d66	include/asx/asx_status.h	110	83e9377bbb02baa6	CURRENT	1	110-110	CURRENT	TM-RA-1
ra:technique:asupersync_ansi_c/rm-evidence-receipts/76bc4693	asupersync_ansi_c	eee0f3f9acfd233922a15c17de0c6df9c6cb3d66	include/asx/evidence/evidence.h	19	0be2979a396208f2	CURRENT	1	19-19	CURRENT	TM-RA-1
ra:technique:asupersync_ansi_c/rm-fuzzing/3264d63d	asupersync_ansi_c	eee0f3f9acfd233922a15c17de0c6df9c6cb3d66	tests/fuzz/fuzz_differential.c	6	1a0151841e5d8dfe	CURRENT	1	6-6	CURRENT	TM-RA-1
ra:technique:asupersync_ansi_c/rm-fuzzing/3264d63d	asupersync_ansi_c	eee0f3f9acfd233922a15c17de0c6df9c6cb3d66	tests/fuzz/fuzz_differential.c	8	54ccd8c990a4ce17	CURRENT	1	8-8	CURRENT	TM-RA-1
ra:technique:asupersync_ansi_c/rm-invariant-assertions/d064b611	asupersync_ansi_c	eee0f3f9acfd233922a15c17de0c6df9c6cb3d66	include/asx/asx_config.h	216	ac8f4a3125971db7	CURRENT	1	216-216	CURRENT	TM-RA-1
ra:technique:asupersync_ansi_c/rm-invariant-assertions/d064b611	asupersync_ansi_c	eee0f3f9acfd233922a15c17de0c6df9c6cb3d66	include/asx/asx_config.h	253	d5ce0572630421b0	CURRENT	1	253-253	CURRENT	TM-RA-1
ra:technique:asupersync_ansi_c/rm-invariant-assertions/d064b611	asupersync_ansi_c	eee0f3f9acfd233922a15c17de0c6df9c6cb3d66	include/asx/asx_config.h	432	0dd9bf0f0167e3e5	CURRENT	1	432-432	CURRENT	TM-RA-1
ra:technique:asupersync_ansi_c/rm-model-checking-kani/7be3e491	asupersync_ansi_c	eee0f3f9acfd233922a15c17de0c6df9c6cb3d66	tests/formal/cbmc/obligation_linearity_harness.c	42	52c52cf1deb15ea1	CURRENT	1	42-42	CURRENT	TM-RA-1
ra:technique:asupersync_ansi_c/rm-model-checking-kani/7be3e491	asupersync_ansi_c	eee0f3f9acfd233922a15c17de0c6df9c6cb3d66	tests/formal/cbmc/obligation_linearity_harness.c	46	b5bfec8c8b77f9cd	CURRENT	1	46-46	CURRENT	TM-RA-1
ra:technique:asupersync_ansi_c/rm-model-checking-kani/7be3e491	asupersync_ansi_c	eee0f3f9acfd233922a15c17de0c6df9c6cb3d66	tests/formal/cbmc/cancel_witness_harness.c	6	075c64eb7a97373d	CURRENT	1	6-6	CURRENT	TM-RA-1
ra:technique:asupersync_ansi_c/rm-parity-metrics/6180c768	asupersync_ansi_c	eee0f3f9acfd233922a15c17de0c6df9c6cb3d66	include/asx/runtime/profile_compat.h	86	1302cde20528a732	CURRENT	1	86-86	CURRENT	TM-RA-1
ra:technique:asupersync_ansi_c/rm-parity-metrics/6180c768	asupersync_ansi_c	eee0f3f9acfd233922a15c17de0c6df9c6cb3d66	include/asx/runtime/profile_compat.h	117	ce9daa80317523c1	CURRENT	1	117-117	CURRENT	TM-RA-1
ra:technique:asupersync_ansi_c/rm-spec-first/2c557dfe	asupersync_ansi_c	eee0f3f9acfd233922a15c17de0c6df9c6cb3d66	tools/ci/check_proof_block.sh	5	e8638a5af685a171	CURRENT	1	5-5	CURRENT	TM-RA-1
ra:technique:asupersync_ansi_c/rm-spec-first/2c557dfe	asupersync_ansi_c	eee0f3f9acfd233922a15c17de0c6df9c6cb3d66	tools/ci/check_proof_block.sh	19	f412d3c7666f0156	CURRENT	1	19-19	CURRENT	TM-RA-1
ra:technique:asupersync_ansi_c/rm-spec-first/2c557dfe	asupersync_ansi_c	eee0f3f9acfd233922a15c17de0c6df9c6cb3d66	src/runtime/seqlock_ebr_spike.c	22	fa4bbbb6407ca516	CURRENT	1	22-22	CURRENT	TM-RA-1
ra:technique:asupersync_ansi_c/structured-concurrency/13c43672	asupersync_ansi_c	eee0f3f9acfd233922a15c17de0c6df9c6cb3d66	src/runtime/quiescence.c	180	f4e9b9f92bd83d3e	CURRENT	1	180-180	CURRENT	TM-RA-1
ra:technique:asupersync_ansi_c/structured-concurrency/13c43672	asupersync_ansi_c	eee0f3f9acfd233922a15c17de0c6df9c6cb3d66	src/runtime/quiescence.c	187	ac1c38e95e3abceb	CURRENT	1	187-187	CURRENT	TM-RA-1
ra:technique:asupersync_ansi_c/structured-concurrency/13c43672	asupersync_ansi_c	eee0f3f9acfd233922a15c17de0c6df9c6cb3d66	include/asx/runtime/runtime.h	502	5d4055f1b478ca11	CURRENT	1	502-502	CURRENT	TM-RA-1
ra:technique:asupersync_ansi_c/structured-concurrency/00d2d6ce	asupersync_ansi_c	eee0f3f9acfd233922a15c17de0c6df9c6cb3d66	tools/ci/check_checkpoint_coverage.sh	6	4ebf2ad897e632bd	CURRENT	1	6-6	CURRENT	TM-RA-1
ra:technique:asupersync_ansi_c/structured-concurrency/00d2d6ce	asupersync_ansi_c	eee0f3f9acfd233922a15c17de0c6df9c6cb3d66	tools/ci/check_checkpoint_coverage.sh	9	0d9435151f29c6fd	CURRENT	1	9-9	CURRENT	TM-RA-1
ra:technique:asupersync_ansi_c/structured-concurrency/00d2d6ce	asupersync_ansi_c	eee0f3f9acfd233922a15c17de0c6df9c6cb3d66	src/runtime/quiescence.c	51	e1bf64ff906c2276	CURRENT	1	51-51	CURRENT	TM-RA-1
ra:technique:asupersync_ansi_c/translation-validation/7cde7b2d	asupersync_ansi_c	eee0f3f9acfd233922a15c17de0c6df9c6cb3d66	tools/ci/check_translation_validation.sh	5	06310267dbc35d2f	CURRENT	1	5-5	CURRENT	TM-RA-1
ra:technique:asupersync_ansi_c/translation-validation/7cde7b2d	asupersync_ansi_c	eee0f3f9acfd233922a15c17de0c6df9c6cb3d66	tools/ci/check_translation_validation.sh	6	a64266e0bd64c848	CURRENT	1	6-6	CURRENT	TM-RA-1
ra:technique:asupersync_ansi_c/translation-validation/7cde7b2d	asupersync_ansi_c	eee0f3f9acfd233922a15c17de0c6df9c6cb3d66	schemas/invariant_schema.json	6	b294a32924b9788f	CURRENT	1	6-6	CURRENT	TM-RA-1
ra:technique:asupersync_ansi_c/two-phase-commit-sagas/dc8b6228	asupersync_ansi_c	eee0f3f9acfd233922a15c17de0c6df9c6cb3d66	include/asx/sync/semaphore.h	2	9f8042373e10d519	CURRENT	1	2-2	CURRENT	TM-RA-1
ra:technique:asupersync_ansi_c/two-phase-commit-sagas/dc8b6228	asupersync_ansi_c	eee0f3f9acfd233922a15c17de0c6df9c6cb3d66	include/asx/remote/remote.h	124	9a415fee0465dcc8	CURRENT	1	124-124	CURRENT	TM-RA-1
ra:technique:atp/cryptographic-primitives/6bffd8fa	atp	1df65ca1f483418ccdf9c6c977184a83df4df531	install.sh	679	7a6e10786b3066dc	CURRENT	1	679-679	CURRENT	TM-RA-1
ra:technique:atp/cryptographic-primitives/6bffd8fa	atp	1df65ca1f483418ccdf9c6c977184a83df4df531	install.sh	712	353d8fab59e220ce	CURRENT	1	712-712	CURRENT	TM-RA-1
ra:technique:atp/filesystem-semantics/d6fc3d14	atp	1df65ca1f483418ccdf9c6c977184a83df4df531	install.sh	870	e2d66781ad389ad6	CURRENT	1	870-870	CURRENT	TM-RA-1
ra:technique:atp/filesystem-semantics/d6fc3d14	atp	1df65ca1f483418ccdf9c6c977184a83df4df531	scripts/test-install.sh	394	b5950ed07d0d5104	CURRENT	1	394-394	CURRENT	TM-RA-1
ra:technique:atp/rm-deterministic-hashing-ordering/a2e6bf82	atp	1df65ca1f483418ccdf9c6c977184a83df4df531	scripts/test-install.sh	425	0ba381f8f7f437a2	CURRENT	1	425-425	CURRENT	TM-RA-1
ra:technique:atp/rm-error-taxonomy/a8304324	atp	1df65ca1f483418ccdf9c6c977184a83df4df531	install.sh	674	979b410c0d7fc856	CURRENT	1	674-674	CURRENT	TM-RA-1
ra:technique:atp/rm-error-taxonomy/a8304324	atp	1df65ca1f483418ccdf9c6c977184a83df4df531	install.sh	688	c98847e83db0754c	CURRENT	1	688-688	CURRENT	TM-RA-1
ra:technique:atp/rm-error-taxonomy/a8304324	atp	1df65ca1f483418ccdf9c6c977184a83df4df531	install.sh	736	ddc230f16db66122	CURRENT	1	736-736	CURRENT	TM-RA-1
ra:technique:atp/rm-test-infrastructure/5dce0409	atp	1df65ca1f483418ccdf9c6c977184a83df4df531	install.sh	383	4d2943f2edb268fe	CURRENT	1	383-383	CURRENT	TM-RA-1
ra:technique:automated_plan_reviser_pro/congestion-control-backoff/2f944e1a	automated_plan_reviser_pro	8357f66c0f2b5a6274cca489a57f0e3e1c042235	apr	1058	b81e2fb2001921ac	CURRENT	1	1058-1058	CURRENT	TM-RA-1
ra:technique:automated_plan_reviser_pro/congestion-control-backoff/2f944e1a	automated_plan_reviser_pro	8357f66c0f2b5a6274cca489a57f0e3e1c042235	apr	1105	a9b64474f08b445a	CURRENT	1	1105-1105	CURRENT	TM-RA-1
ra:technique:automated_plan_reviser_pro/congestion-control-backoff/2f944e1a	automated_plan_reviser_pro	8357f66c0f2b5a6274cca489a57f0e3e1c042235	apr	1106	e576c98c7358272a	CURRENT	1	1106-1106	CURRENT	TM-RA-1
ra:technique:automated_plan_reviser_pro/congestion-control-backoff/2f944e1a	automated_plan_reviser_pro	8357f66c0f2b5a6274cca489a57f0e3e1c042235	apr	1098	f705161285473345	CURRENT	1	1098-1098	CURRENT	TM-RA-1
ra:technique:automated_plan_reviser_pro/congestion-control-backoff/2f944e1a	automated_plan_reviser_pro	8357f66c0f2b5a6274cca489a57f0e3e1c042235	apr	1100	efb2f1d53a1c5d8b	CURRENT	1	1100-1100	CURRENT	TM-RA-1
ra:technique:automated_plan_reviser_pro/cryptographic-primitives/68e9eb2d	automated_plan_reviser_pro	8357f66c0f2b5a6274cca489a57f0e3e1c042235	apr	533	c39918170ff6f4f5	CURRENT	1	533-533	CURRENT	TM-RA-1
ra:technique:automated_plan_reviser_pro/cryptographic-primitives/68e9eb2d	automated_plan_reviser_pro	8357f66c0f2b5a6274cca489a57f0e3e1c042235	apr	546	d05a6bcb6676b4b1	CURRENT	1	546-546	CURRENT	TM-RA-1
ra:technique:automated_plan_reviser_pro/cryptographic-primitives/68e9eb2d	automated_plan_reviser_pro	8357f66c0f2b5a6274cca489a57f0e3e1c042235	apr	523	1061b0dd6f95810e	CURRENT	1	523-523	CURRENT	TM-RA-1
ra:technique:automated_plan_reviser_pro/cryptographic-primitives/68e9eb2d	automated_plan_reviser_pro	8357f66c0f2b5a6274cca489a57f0e3e1c042235	apr	555	52f7c2ca3bf5d335	CURRENT	1	555-555	CURRENT	TM-RA-1
ra:technique:automated_plan_reviser_pro/local.preflight-precondition-gate/1dd1af8c	automated_plan_reviser_pro	8357f66c0f2b5a6274cca489a57f0e3e1c042235	apr	859	c4d202f70fdedc77	CURRENT	1	859-859	CURRENT	TM-RA-1
ra:technique:automated_plan_reviser_pro/local.preflight-precondition-gate/1dd1af8c	automated_plan_reviser_pro	8357f66c0f2b5a6274cca489a57f0e3e1c042235	apr	871	97f08a2868295eb2	CURRENT	1	871-871	CURRENT	TM-RA-1
ra:technique:automated_plan_reviser_pro/local.preflight-precondition-gate/1dd1af8c	automated_plan_reviser_pro	8357f66c0f2b5a6274cca489a57f0e3e1c042235	apr	912	b116f04b4373e385	CURRENT	1	912-912	CURRENT	TM-RA-1
ra:technique:automated_plan_reviser_pro/local.preflight-precondition-gate/1dd1af8c	automated_plan_reviser_pro	8357f66c0f2b5a6274cca489a57f0e3e1c042235	apr	3076	c160780ce5fb7d1f	CURRENT	1	3076-3076	CURRENT	TM-RA-1
ra:technique:automated_plan_reviser_pro/rm-error-taxonomy/9d015415	automated_plan_reviser_pro	8357f66c0f2b5a6274cca489a57f0e3e1c042235	apr	5325	f2652ac8cab8154e	CURRENT	1	5325-5325	CURRENT	TM-RA-1
ra:technique:automated_plan_reviser_pro/rm-error-taxonomy/9d015415	automated_plan_reviser_pro	8357f66c0f2b5a6274cca489a57f0e3e1c042235	apr	6235	f171c7f302fe770b	CURRENT	1	6235-6235	CURRENT	TM-RA-1
ra:technique:automatic_log_collector_and_analyzer/cryptographic-primitives/5ff1c7dc	automatic_log_collector_and_analyzer	c86b6ebbd3d889998b2d5e5ab8c078f44f13e2bb	automatic_log_collector_and_analyzer.py	238	f061ef06e44f1334	CURRENT	1	238-238	CURRENT	TM-RA-1
ra:technique:automatic_log_collector_and_analyzer/cryptographic-primitives/5ff1c7dc	automatic_log_collector_and_analyzer	c86b6ebbd3d889998b2d5e5ab8c078f44f13e2bb	automatic_log_collector_and_analyzer.py	239	556b86fdc12c6599	CURRENT	1	239-239	CURRENT	TM-RA-1
ra:technique:automatic_log_collector_and_analyzer/filesystem-semantics/d3b219cf	automatic_log_collector_and_analyzer	c86b6ebbd3d889998b2d5e5ab8c078f44f13e2bb	automatic_log_collector_and_analyzer.py	590	f29e9ebb51849cf3	CURRENT	1	590-590	CURRENT	TM-RA-1
ra:technique:automatic_log_collector_and_analyzer/filesystem-semantics/d3b219cf	automatic_log_collector_and_analyzer	c86b6ebbd3d889998b2d5e5ab8c078f44f13e2bb	automatic_log_collector_and_analyzer.py	594	7b8ba3de23f50fec	CURRENT	1	594-594	CURRENT	TM-RA-1
ra:technique:bakery_algorithm/lamport-bakery/dbc0f628	bakery_algorithm	d272b525d44ca6c6df8a165fb955da9c30ca8002	bakery_algorithm.py	57	25bd4aabf509675f	CURRENT	1	57-57	CURRENT	TM-RA-1
ra:technique:bakery_algorithm/lamport-bakery/dbc0f628	bakery_algorithm	d272b525d44ca6c6df8a165fb955da9c30ca8002	bakery_algorithm.py	65	6104631ea1729b04	CURRENT	1	65-65	CURRENT	TM-RA-1
ra:technique:bakery_algorithm/lamport-bakery/dbc0f628	bakery_algorithm	d272b525d44ca6c6df8a165fb955da9c30ca8002	bakery_algorithm.py	85	e4af351b98841944	CURRENT	1	85-85	CURRENT	TM-RA-1
ra:technique:bakery_algorithm/lamport-bakery/dbc0f628	bakery_algorithm	d272b525d44ca6c6df8a165fb955da9c30ca8002	bakery_algorithm.py	120	62490d8e34f7924a	CURRENT	1	120-120	CURRENT	TM-RA-1
ra:technique:beads_rust/cache-replacement/e294e624	beads_rust	950db95f8f48e3c9073b8678c940c6b6c5ef800b	src/cache.rs	3	c5cbb0d23280306b	CURRENT	1	3-3	CURRENT	TM-RA-1
ra:technique:beads_rust/cache-replacement/e294e624	beads_rust	950db95f8f48e3c9073b8678c940c6b6c5ef800b	src/cache.rs	54	8adb52f20318ce0d	CURRENT	1	54-54	CURRENT	TM-RA-1
ra:technique:beads_rust/capability-security/82231ea7	beads_rust	950db95f8f48e3c9073b8678c940c6b6c5ef800b	src/cli/commands/doctor_subsystems/mutate.rs	31	8a7a9771bb02065a	CURRENT	1	31-31	CURRENT	TM-RA-1
ra:technique:beads_rust/capability-security/82231ea7	beads_rust	950db95f8f48e3c9073b8678c940c6b6c5ef800b	src/cli/commands/doctor_subsystems/mutate.rs	34	c79211bcf3d690bd	CURRENT	1	34-34	CURRENT	TM-RA-1
ra:technique:beads_rust/capability-security/82231ea7	beads_rust	950db95f8f48e3c9073b8678c940c6b6c5ef800b	src/cli/commands/doctor_subsystems/exit_codes.rs	24	532393b64b342a98	CURRENT	1	24-24	CURRENT	TM-RA-1
ra:technique:beads_rust/crdt/f31e6478	beads_rust	950db95f8f48e3c9073b8678c940c6b6c5ef800b	src/sync/mod.rs	5356	1afb136f0f5f0acc	CURRENT	1	5356-5356	CURRENT	TM-RA-1
ra:technique:beads_rust/crdt/f31e6478	beads_rust	950db95f8f48e3c9073b8678c940c6b6c5ef800b	src/sync/mod.rs	5387	230577e4764b2c8c	CURRENT	1	5387-5387	CURRENT	TM-RA-1
ra:technique:beads_rust/crdt/f31e6478	beads_rust	950db95f8f48e3c9073b8678c940c6b6c5ef800b	src/sync/mod.rs	7532	43ae9579c727b71c	CURRENT	1	7532-7532	CURRENT	TM-RA-1
ra:technique:beads_rust/crdt/f31e6478	beads_rust	950db95f8f48e3c9073b8678c940c6b6c5ef800b	src/sync/mod.rs	7518	dec99524f8ad8d16	CURRENT	1	7518-7518	CURRENT	TM-RA-1
ra:technique:beads_rust/crdt/f31e6478	beads_rust	950db95f8f48e3c9073b8678c940c6b6c5ef800b	src/sync/mod.rs	4617	bbd6b337fae8b7fe	CURRENT	1	4617-4617	CURRENT	TM-RA-1
ra:technique:beads_rust/filesystem-semantics/f7089ae9	beads_rust	950db95f8f48e3c9073b8678c940c6b6c5ef800b	src/sync/mod.rs	293	75118a99bdf05d68	CURRENT	1	293-293	CURRENT	TM-RA-1
ra:technique:beads_rust/filesystem-semantics/f7089ae9	beads_rust	950db95f8f48e3c9073b8678c940c6b6c5ef800b	src/sync/mod.rs	297	9b31fc6f243a4aa7	CURRENT	1	297-297	CURRENT	TM-RA-1
ra:technique:beads_rust/filesystem-semantics/f7089ae9	beads_rust	950db95f8f48e3c9073b8678c940c6b6c5ef800b	src/sync/mod.rs	401	50fc7afa646ac274	CURRENT	1	401-401	CURRENT	TM-RA-1
ra:technique:beads_rust/graph-algorithms-core/45f531f2	beads_rust	950db95f8f48e3c9073b8678c940c6b6c5ef800b	src/storage/sqlite.rs	1149	be430f3fc443ab9a	CURRENT	1	1149-1149	CURRENT	TM-RA-1
ra:technique:beads_rust/graph-algorithms-core/45f531f2	beads_rust	950db95f8f48e3c9073b8678c940c6b6c5ef800b	src/storage/sqlite.rs	6831	9be76201005e0375	CURRENT	1	6831-6831	CURRENT	TM-RA-1
ra:technique:beads_rust/graph-algorithms-core/45f531f2	beads_rust	950db95f8f48e3c9073b8678c940c6b6c5ef800b	src/storage/sqlite.rs	6918	30b9c9e3d9aa9aab	CURRENT	1	6918-6918	CURRENT	TM-RA-1
ra:technique:beads_rust/graph-algorithms-core/45f531f2	beads_rust	950db95f8f48e3c9073b8678c940c6b6c5ef800b	src/storage/sqlite.rs	18726	0180f39ff60941ff	CURRENT	1	18726-18726	CURRENT	TM-RA-1
ra:technique:beads_rust/graph-algorithms-core/45f531f2	beads_rust	950db95f8f48e3c9073b8678c940c6b6c5ef800b	src/storage/sqlite.rs	18722	055b41fe5afc95d3	CURRENT	1	18722-18722	CURRENT	TM-RA-1
ra:technique:beads_rust/hashing-functions/7444a3a7	beads_rust	950db95f8f48e3c9073b8678c940c6b6c5ef800b	src/util/id.rs	273	c6b3cefa3728140c	CURRENT	1	273-273	CURRENT	TM-RA-1
ra:technique:beads_rust/hashing-functions/7444a3a7	beads_rust	950db95f8f48e3c9073b8678c940c6b6c5ef800b	src/util/id.rs	325	af287b6d3147d76b	CURRENT	1	325-325	CURRENT	TM-RA-1
ra:technique:beads_rust/merkle-tree/61c05a34	beads_rust	950db95f8f48e3c9073b8678c940c6b6c5ef800b	src/sync/witness.rs	20	a07e218264f9d4a7	CURRENT	1	20-20	CURRENT	TM-RA-1
ra:technique:beads_rust/merkle-tree/61c05a34	beads_rust	950db95f8f48e3c9073b8678c940c6b6c5ef800b	src/sync/witness.rs	24	db530ba445712feb	CURRENT	1	24-24	CURRENT	TM-RA-1
ra:technique:beads_rust/named-distributions/3a14a79e	beads_rust	950db95f8f48e3c9073b8678c940c6b6c5ef800b	src/util/id.rs	110	d6102db28bb33f5c	CURRENT	1	110-110	CURRENT	TM-RA-1
ra:technique:beads_rust/named-distributions/3a14a79e	beads_rust	950db95f8f48e3c9073b8678c940c6b6c5ef800b	src/util/id.rs	111	37e30c705ae48435	CURRENT	1	111-111	CURRENT	TM-RA-1
ra:technique:beads_rust/named-distributions/3a14a79e	beads_rust	950db95f8f48e3c9073b8678c940c6b6c5ef800b	src/util/id.rs	33	1438143aa6ac536c	CURRENT	1	33-33	CURRENT	TM-RA-1
ra:technique:beads_rust/rm-benchmark-regression/a4c10c85	beads_rust	950db95f8f48e3c9073b8678c940c6b6c5ef800b	scripts/bench_regression.sh	8	f1cb6563f3aa802f	CURRENT	1	8-8	CURRENT	TM-RA-1
ra:technique:beads_rust/rm-differential-oracle/21368890	beads_rust	950db95f8f48e3c9073b8678c940c6b6c5ef800b	src/sync/mod.rs	11345	50a6c41fe3754003	CURRENT	1	11345-11345	CURRENT	TM-RA-1
ra:technique:beads_rust/rm-error-taxonomy/b58e4df2	beads_rust	950db95f8f48e3c9073b8678c940c6b6c5ef800b	src/util/id.rs	246	122ca3d0e7fa23ad	CURRENT	1	246-246	CURRENT	TM-RA-1
ra:technique:beads_rust/rm-error-taxonomy/b58e4df2	beads_rust	950db95f8f48e3c9073b8678c940c6b6c5ef800b	src/util/id.rs	262	44345e14a90209b0	CURRENT	1	262-262	CURRENT	TM-RA-1
ra:technique:beads_rust/rm-evidence-receipts/f9b52ad5	beads_rust	950db95f8f48e3c9073b8678c940c6b6c5ef800b	src/cli/commands/doctor_subsystems/mutate.rs	23	4518be76cf795ff9	CURRENT	1	23-23	CURRENT	TM-RA-1
ra:technique:beads_rust/rm-evidence-receipts/f9b52ad5	beads_rust	950db95f8f48e3c9073b8678c940c6b6c5ef800b	src/cli/commands/doctor_subsystems/schema_migration.rs	2628	54f198719c49f358	CURRENT	1	2628-2628	CURRENT	TM-RA-1
ra:technique:beads_rust/rm-fuzzing/6817158f	beads_rust	950db95f8f48e3c9073b8678c940c6b6c5ef800b	fuzz/fuzz_targets/sync_cycle.rs	183	b0ac059df3ccb193	CURRENT	1	183-183	CURRENT	TM-RA-1
ra:technique:beads_rust/rm-fuzzing/6817158f	beads_rust	950db95f8f48e3c9073b8678c940c6b6c5ef800b	fuzz/fuzz_targets/sync_cycle.rs	580	b0e6b31f4d2f084a	CURRENT	1	580-580	CURRENT	TM-RA-1
ra:technique:beads_rust/rm-type-driven-design/e2f7f2e4	beads_rust	950db95f8f48e3c9073b8678c940c6b6c5ef800b	src/sync/mod.rs	370	6fb38c6ea2ba4e5e	CURRENT	1	370-370	CURRENT	TM-RA-1
ra:technique:beads_rust/rm-type-driven-design/e2f7f2e4	beads_rust	950db95f8f48e3c9073b8678c940c6b6c5ef800b	src/sync/mod.rs	357	1b2af96b54e24c26	CURRENT	1	357-357	CURRENT	TM-RA-1
ra:technique:beads_rust/rm-unsafe-discipline/371554ba	beads_rust	950db95f8f48e3c9073b8678c940c6b6c5ef800b	src/lib.rs	26	9055b8120cf74101	CURRENT	1	26-26	CURRENT	TM-RA-1
ra:technique:beads_rust/rm-unsafe-discipline/371554ba	beads_rust	950db95f8f48e3c9073b8678c940c6b6c5ef800b	Cargo.toml	238	73b320df205c075a	CURRENT	1	238-238	CURRENT	TM-RA-1
ra:technique:beads_rust/rm-unsafe-discipline/371554ba	beads_rust	950db95f8f48e3c9073b8678c940c6b6c5ef800b	Cargo.toml	241	766aa2697a3e872c	CURRENT	1	241-241	CURRENT	TM-RA-1
ra:technique:beads_rust/two-phase-commit-sagas/029ce275	beads_rust	950db95f8f48e3c9073b8678c940c6b6c5ef800b	src/sync/mod.rs	3356	fddade8e379f5f55	CURRENT	1	3356-3356	CURRENT	TM-RA-1
ra:technique:beads_rust/two-phase-commit-sagas/029ce275	beads_rust	950db95f8f48e3c9073b8678c940c6b6c5ef800b	src/sync/mod.rs	4171	c3060e5bf48a359f	CURRENT	1	4171-4171	CURRENT	TM-RA-1
ra:technique:beads_rust/two-phase-commit-sagas/029ce275	beads_rust	950db95f8f48e3c9073b8678c940c6b6c5ef800b	src/sync/mod.rs	3100	04b1d4565919f4d2	CURRENT	1	3100-3100	CURRENT	TM-RA-1
ra:technique:beads_rust/wal-aries/243f5db2	beads_rust	950db95f8f48e3c9073b8678c940c6b6c5ef800b	src/health.rs	467	c86f908dab4a2ca9	CURRENT	1	467-467	CURRENT	TM-RA-1
ra:technique:beads_rust/wal-aries/243f5db2	beads_rust	950db95f8f48e3c9073b8678c940c6b6c5ef800b	src/health.rs	471	dddd3e0857a58f73	CURRENT	1	471-471	CURRENT	TM-RA-1
ra:technique:beads_viewer/centrality-measures/78649df4	beads_viewer	5202e3084b56635ff8f5b254d8a255a933aacb3f	pkg/analysis/graph.go	1759	37d4d962ef325664	CURRENT	1	1759-1759	CURRENT	TM-RA-1
ra:technique:beads_viewer/centrality-measures/78649df4	beads_viewer	5202e3084b56635ff8f5b254d8a255a933aacb3f	pkg/analysis/graph.go	2950	81d84e78ee585e10	CURRENT	1	2950-2950	CURRENT	TM-RA-1
ra:technique:beads_viewer/centrality-measures/78649df4	beads_viewer	5202e3084b56635ff8f5b254d8a255a933aacb3f	pkg/analysis/graph.go	2963	00ecf4ac7dd657fb	CURRENT	1	2963-2963	CURRENT	TM-RA-1
ra:technique:beads_viewer/centrality-measures/78649df4	beads_viewer	5202e3084b56635ff8f5b254d8a255a933aacb3f	pkg/analysis/cache.go	1055	1bdc1e1a8581eaac	CURRENT	1	1055-1055	CURRENT	TM-RA-1
ra:technique:beads_viewer/centrality-measures/78649df4	beads_viewer	5202e3084b56635ff8f5b254d8a255a933aacb3f	bv-graph-wasm/src/algorithms/pagerank.rs	31	fdd3f31c70f2284d	CURRENT	1	31-31	CURRENT	TM-RA-1
ra:technique:beads_viewer/centrality-measures/6e38f108	beads_viewer	5202e3084b56635ff8f5b254d8a255a933aacb3f	pkg/analysis/betweenness_approx.go	470	dc21796669e24480	CURRENT	1	470-470	CURRENT	TM-RA-1
ra:technique:beads_viewer/centrality-measures/6e38f108	beads_viewer	5202e3084b56635ff8f5b254d8a255a933aacb3f	pkg/analysis/betweenness_approx.go	373	0dd33ee4b2eadea0	CURRENT	1	373-373	CURRENT	TM-RA-1
ra:technique:beads_viewer/centrality-measures/6e38f108	beads_viewer	5202e3084b56635ff8f5b254d8a255a933aacb3f	pkg/analysis/betweenness_approx.go	268	09a64a8c67058f68	CURRENT	1	268-268	CURRENT	TM-RA-1
ra:technique:beads_viewer/community-detection/07d16c4d	beads_viewer	5202e3084b56635ff8f5b254d8a255a933aacb3f	pkg/analysis/graph.go	2379	219046da6d68c48b	CURRENT	1	2379-2379	CURRENT	TM-RA-1
ra:technique:beads_viewer/community-detection/07d16c4d	beads_viewer	5202e3084b56635ff8f5b254d8a255a933aacb3f	bv-graph-wasm/src/algorithms/kcore.rs	3	b3bad962b09add0b	CURRENT	1	3-3	CURRENT	TM-RA-1
ra:technique:beads_viewer/dag-scheduling-critical-path/fcfaadbc	beads_viewer	5202e3084b56635ff8f5b254d8a255a933aacb3f	pkg/analysis/graph.go	2373	5461771c2bce9d02	CURRENT	1	2373-2373	CURRENT	TM-RA-1
ra:technique:beads_viewer/dag-scheduling-critical-path/fcfaadbc	beads_viewer	5202e3084b56635ff8f5b254d8a255a933aacb3f	bv-graph-wasm/src/algorithms/slack.rs	12	58026705f292c2bf	CURRENT	1	12-12	CURRENT	TM-RA-1
ra:technique:beads_viewer/dag-scheduling-critical-path/fcfaadbc	beads_viewer	5202e3084b56635ff8f5b254d8a255a933aacb3f	bv-graph-wasm/src/algorithms/critical_path.rs	41	fa097c0f876fc2bb	CURRENT	1	41-41	CURRENT	TM-RA-1
ra:technique:beads_viewer/eigen-schur-hessenberg/30becb8f	beads_viewer	5202e3084b56635ff8f5b254d8a255a933aacb3f	pkg/analysis/graph.go	3042	41054dde6ef25763	CURRENT	1	3042-3042	CURRENT	TM-RA-1
ra:technique:beads_viewer/eigen-schur-hessenberg/30becb8f	beads_viewer	5202e3084b56635ff8f5b254d8a255a933aacb3f	pkg/analysis/graph.go	3056	e030557cba3af210	CURRENT	1	3056-3056	CURRENT	TM-RA-1
ra:technique:beads_viewer/eigen-schur-hessenberg/30becb8f	beads_viewer	5202e3084b56635ff8f5b254d8a255a933aacb3f	bv-graph-wasm/src/algorithms/eigenvector.rs	56	485a8a86fde1b18b	CURRENT	1	56-56	CURRENT	TM-RA-1
ra:technique:beads_viewer/eigen-schur-hessenberg/30becb8f	beads_viewer	5202e3084b56635ff8f5b254d8a255a933aacb3f	bv-graph-wasm/src/algorithms/eigenvector.rs	57	92573a619273768b	CURRENT	1	57-57	CURRENT	TM-RA-1
ra:technique:beads_viewer/ewma/6a836e0f	beads_viewer	5202e3084b56635ff8f5b254d8a255a933aacb3f	pkg/analysis/feedback.go	197	2cd0094583b1867b	CURRENT	1	197-197	CURRENT	TM-RA-1
ra:technique:beads_viewer/flows-cuts-matching/2c6f369c	beads_viewer	5202e3084b56635ff8f5b254d8a255a933aacb3f	bv-graph-wasm/src/algorithms/coverage.rs	34	39e4814f5ad23559	CURRENT	1	34-34	CURRENT	TM-RA-1
ra:technique:beads_viewer/graph-algorithms-core/c65cff51	beads_viewer	5202e3084b56635ff8f5b254d8a255a933aacb3f	bv-graph-wasm/src/algorithms/topo.rs	39	f01278f5f719ddb0	CURRENT	1	39-39	CURRENT	TM-RA-1
ra:technique:beads_viewer/graph-algorithms-core/c65cff51	beads_viewer	5202e3084b56635ff8f5b254d8a255a933aacb3f	pkg/analysis/graph_cycles.go	16	48e9aa75024014a7	CURRENT	1	16-16	CURRENT	TM-RA-1
ra:technique:beads_viewer/graph-metrics-misc/716b8338	beads_viewer	5202e3084b56635ff8f5b254d8a255a933aacb3f	bv-graph-wasm/src/graph.rs	107	d4c2f4042090e86e	CURRENT	1	107-107	CURRENT	TM-RA-1
ra:technique:beads_viewer/information-retrieval-ranking/d7ca09c7	beads_viewer	5202e3084b56635ff8f5b254d8a255a933aacb3f	pkg/analysis/priority.go	55	666afa92b27cd9a7	CURRENT	1	55-55	CURRENT	TM-RA-1
ra:technique:beads_viewer/information-retrieval-ranking/d7ca09c7	beads_viewer	5202e3084b56635ff8f5b254d8a255a933aacb3f	pkg/analysis/priority.go	102	686d2a888453e78e	CURRENT	1	102-102	CURRENT	TM-RA-1
ra:technique:beads_viewer/minhash-lsh/af8c681e	beads_viewer	5202e3084b56635ff8f5b254d8a255a933aacb3f	pkg/analysis/dependency_suggest.go	61	ef81ce0a962d2df6	CURRENT	1	61-61	CURRENT	TM-RA-1
ra:technique:beads_viewer/minhash-lsh/af8c681e	beads_viewer	5202e3084b56635ff8f5b254d8a255a933aacb3f	pkg/drift/config.go	116	cfb49e76f7b63fc4	CURRENT	1	116-116	CURRENT	TM-RA-1
ra:technique:beads_viewer/p-brin-page/da85be36	beads_viewer	5202e3084b56635ff8f5b254d8a255a933aacb3f	pkg/analysis/graph.go	1759	37d4d962ef325664	CURRENT	1	1759-1759	CURRENT	TM-RA-1
ra:technique:beads_viewer/p-brin-page/da85be36	beads_viewer	5202e3084b56635ff8f5b254d8a255a933aacb3f	bv-graph-wasm/src/algorithms/pagerank.rs	22	821617675a4fe695	CURRENT	1	22-22	CURRENT	TM-RA-1
ra:technique:beads_viewer/p-fisher-neyman-pearson/5f9af264	beads_viewer	5202e3084b56635ff8f5b254d8a255a933aacb3f	pkg/analysis/betweenness_approx.go	404	d57df7c792117d09	CURRENT	1	404-404	CURRENT	TM-RA-1
ra:technique:beads_viewer/p-fisher-neyman-pearson/5f9af264	beads_viewer	5202e3084b56635ff8f5b254d8a255a933aacb3f	bv-graph-wasm/src/algorithms/betweenness.rs	151	fb2bff022f5123b1	CURRENT	1	151-151	CURRENT	TM-RA-1
ra:technique:beads_viewer/p-tarjan/b38d2ea6	beads_viewer	5202e3084b56635ff8f5b254d8a255a933aacb3f	bv-graph-wasm/src/algorithms/articulation.rs	189	5baf6f87115673d9	CURRENT	1	189-189	CURRENT	TM-RA-1
ra:technique:beads_viewer/rm-deterministic-hashing-ordering/573c0192	beads_viewer	5202e3084b56635ff8f5b254d8a255a933aacb3f	pkg/analysis/betweenness_approx.go	277	9b182b9548480492	CURRENT	1	277-277	CURRENT	TM-RA-1
ra:technique:beads_viewer/rm-deterministic-hashing-ordering/573c0192	beads_viewer	5202e3084b56635ff8f5b254d8a255a933aacb3f	pkg/analysis/betweenness_approx.go	288	ada5870ad8d842ac	CURRENT	1	288-288	CURRENT	TM-RA-1
ra:technique:beads_viewer/rm-deterministic-hashing-ordering/573c0192	beads_viewer	5202e3084b56635ff8f5b254d8a255a933aacb3f	pkg/analysis/graph.go	1751	33ed19d0ccd9235d	CURRENT	1	1751-1751	CURRENT	TM-RA-1
ra:technique:beads_viewer/rm-invariant-assertions/ef0923e3	beads_viewer	5202e3084b56635ff8f5b254d8a255a933aacb3f	pkg/analysis/triage.go	62	2e5b5922eeef1ae3	CURRENT	1	62-62	CURRENT	TM-RA-1
ra:technique:beads_viewer/rm-invariant-assertions/ef0923e3	beads_viewer	5202e3084b56635ff8f5b254d8a255a933aacb3f	pkg/analysis/triage.go	64	d0b9aa108ff2f4e0	CURRENT	1	64-64	CURRENT	TM-RA-1
ra:technique:beads_viewer/rm-property-testing/bfafc782	beads_viewer	5202e3084b56635ff8f5b254d8a255a933aacb3f	pkg/testutil/proptest/proptest.go	2	f8074d033c55acd8	CURRENT	1	2-2	CURRENT	TM-RA-1
ra:technique:beads_viewer/scheduling-theory/0d0b6b99	beads_viewer	5202e3084b56635ff8f5b254d8a255a933aacb3f	pkg/analysis/config.go	71	992e910e59f32431	CURRENT	1	71-71	CURRENT	TM-RA-1
ra:technique:beads_viewer/scheduling-theory/0d0b6b99	beads_viewer	5202e3084b56635ff8f5b254d8a255a933aacb3f	pkg/analysis/graph.go	1792	b4edf23888c4a385	CURRENT	1	1792-1792	CURRENT	TM-RA-1
ra:technique:beads_viewer/scheduling-theory/0d0b6b99	beads_viewer	5202e3084b56635ff8f5b254d8a255a933aacb3f	pkg/analysis/cache.go	1026	039275367a07f5af	CURRENT	1	1026-1026	CURRENT	TM-RA-1
ra:technique:beads_viewer_rust/centrality-measures/af8f7455	beads_viewer_rust	4123c59719db93cb27ca71747166d067ef678730	src/analysis/graph.rs	812	e024f19919ce8316	CURRENT	1	812-812	CURRENT	TM-RA-1
ra:technique:beads_viewer_rust/centrality-measures/af8f7455	beads_viewer_rust	4123c59719db93cb27ca71747166d067ef678730	src/analysis/graph.rs	823	e9d2c74f2f710db5	CURRENT	1	823-823	CURRENT	TM-RA-1
ra:technique:beads_viewer_rust/centrality-measures/af8f7455	beads_viewer_rust	4123c59719db93cb27ca71747166d067ef678730	src/analysis/graph.rs	836	a5b5f4a435b23374	CURRENT	1	836-836	CURRENT	TM-RA-1
ra:technique:beads_viewer_rust/centrality-measures/f14ddb86	beads_viewer_rust	4123c59719db93cb27ca71747166d067ef678730	src/analysis/graph.rs	943	1a620112a245b42b	CURRENT	1	943-943	CURRENT	TM-RA-1
ra:technique:beads_viewer_rust/centrality-measures/f14ddb86	beads_viewer_rust	4123c59719db93cb27ca71747166d067ef678730	src/analysis/graph.rs	948	16fa47ea4345f16a	CURRENT	1	948-948	CURRENT	TM-RA-1
ra:technique:beads_viewer_rust/flows-cuts-matching/9ff83586	beads_viewer_rust	4123c59719db93cb27ca71747166d067ef678730	src/analysis/advanced.rs	160	b9c650e39090504b	CURRENT	1	160-160	CURRENT	TM-RA-1
ra:technique:beads_viewer_rust/flows-cuts-matching/9ff83586	beads_viewer_rust	4123c59719db93cb27ca71747166d067ef678730	src/analysis/advanced.rs	170	90339bd3470142d3	CURRENT	1	170-170	CURRENT	TM-RA-1
ra:technique:beads_viewer_rust/rm-invariant-assertions/29bcb3be	beads_viewer_rust	4123c59719db93cb27ca71747166d067ef678730	src/export_sqlite.rs	891	71de983a921a3a5e	CURRENT	1	891-891	CURRENT	TM-RA-1
ra:technique:beads_viewer_rust/rm-invariant-assertions/29bcb3be	beads_viewer_rust	4123c59719db93cb27ca71747166d067ef678730	src/export_sqlite.rs	894	83055e4099cb9a6e	RELOCATED	2	895-895,906-906	CANNOT_DETERMINE	TM-RA-1
ra:technique:bio_inspired_nanochat/cma-es/b7db28df	bio_inspired_nanochat	3bb47fe003d19fa0758c1f6dc0ceda5d8a05f9f7	bio_inspired_nanochat/cmaes_genome_optimizer.py	3	aa1ebcf8d49b97fe	CURRENT	1	3-3	CURRENT	TM-RA-1
ra:technique:bio_inspired_nanochat/cma-es/b7db28df	bio_inspired_nanochat	3bb47fe003d19fa0758c1f6dc0ceda5d8a05f9f7	bio_inspired_nanochat/cmaes_genome_optimizer.py	119	a0866fe459624d9a	CURRENT	1	119-119	CURRENT	TM-RA-1
ra:technique:bio_inspired_nanochat/conformal-prediction/da02f41a	bio_inspired_nanochat	3bb47fe003d19fa0758c1f6dc0ceda5d8a05f9f7	bio_inspired_nanochat/sheaf_obstruction.py	718	dd083519aacf8a66	CURRENT	1	718-718	CURRENT	TM-RA-1
ra:technique:bio_inspired_nanochat/conformal-prediction/da02f41a	bio_inspired_nanochat	3bb47fe003d19fa0758c1f6dc0ceda5d8a05f9f7	bio_inspired_nanochat/sheaf_obstruction.py	724	f9c9d4fe5d37609d	CURRENT	1	724-724	CURRENT	TM-RA-1
ra:technique:bio_inspired_nanochat/hebbian-plasticity/eebe94e7	bio_inspired_nanochat	3bb47fe003d19fa0758c1f6dc0ceda5d8a05f9f7	bio_inspired_nanochat/synaptic.py	2997	ce2d57949845d6b6	CURRENT	1	2997-2997	CURRENT	TM-RA-1
ra:technique:bio_inspired_nanochat/hebbian-plasticity/eebe94e7	bio_inspired_nanochat	3bb47fe003d19fa0758c1f6dc0ceda5d8a05f9f7	bio_inspired_nanochat/synaptic.py	2966	885ec7f2cd56d0f1	CURRENT	1	2966-2966	CURRENT	TM-RA-1
ra:technique:bio_inspired_nanochat/hebbian-plasticity/eebe94e7	bio_inspired_nanochat	3bb47fe003d19fa0758c1f6dc0ceda5d8a05f9f7	bio_inspired_nanochat/synaptic.py	3044	b94c29a45ac0026d	CURRENT	1	3044-3044	CURRENT	TM-RA-1
ra:technique:bio_inspired_nanochat/hebbian-plasticity/66da725e	bio_inspired_nanochat	3bb47fe003d19fa0758c1f6dc0ceda5d8a05f9f7	bio_inspired_nanochat/synaptic.py	3002	6273797f7b1ef1b4	CURRENT	1	3002-3002	CURRENT	TM-RA-1
ra:technique:bio_inspired_nanochat/hebbian-plasticity/66da725e	bio_inspired_nanochat	3bb47fe003d19fa0758c1f6dc0ceda5d8a05f9f7	bio_inspired_nanochat/synaptic.py	2985	99a3e70375e1457c	CURRENT	1	2985-2985	CURRENT	TM-RA-1
ra:technique:bio_inspired_nanochat/hebbian-plasticity/9f2af932	bio_inspired_nanochat	3bb47fe003d19fa0758c1f6dc0ceda5d8a05f9f7	bio_inspired_nanochat/deliberation.py	100	2190b0c65db599c4	CURRENT	1	100-100	CURRENT	TM-RA-1
ra:technique:bio_inspired_nanochat/hebbian-plasticity/9f2af932	bio_inspired_nanochat	3bb47fe003d19fa0758c1f6dc0ceda5d8a05f9f7	bio_inspired_nanochat/deliberation.py	164	b94aaa8fa8e427f3	CURRENT	1	164-164	CURRENT	TM-RA-1
ra:technique:bio_inspired_nanochat/hebbian-plasticity/9f2af932	bio_inspired_nanochat	3bb47fe003d19fa0758c1f6dc0ceda5d8a05f9f7	bio_inspired_nanochat/synaptic.py	2593	4c60a3b51a0f1c2a	CURRENT	1	2593-2593	CURRENT	TM-RA-1
ra:technique:bio_inspired_nanochat/hill-equation/fb1ec39b	bio_inspired_nanochat	3bb47fe003d19fa0758c1f6dc0ceda5d8a05f9f7	bio_inspired_nanochat/synaptic.py	1905	395bf34ffe187228	CURRENT	1	1905-1905	CURRENT	TM-RA-1
ra:technique:bio_inspired_nanochat/hill-equation/fb1ec39b	bio_inspired_nanochat	3bb47fe003d19fa0758c1f6dc0ceda5d8a05f9f7	bio_inspired_nanochat/synaptic.py	2206	12c99040b2d723c5	CURRENT	1	2206-2206	CURRENT	TM-RA-1
ra:technique:bio_inspired_nanochat/hill-equation/fb1ec39b	bio_inspired_nanochat	3bb47fe003d19fa0758c1f6dc0ceda5d8a05f9f7	bio_inspired_nanochat/synaptic.py	1913	a7d47889cb68fe6a	CURRENT	1	1913-1913	CURRENT	TM-RA-1
ra:technique:bio_inspired_nanochat/information-geometry-optimal-transport/57de8750	bio_inspired_nanochat	3bb47fe003d19fa0758c1f6dc0ceda5d8a05f9f7	bio_inspired_nanochat/structural_geometry.py	14	bc9b008c505a24a1	CURRENT	1	14-14	CURRENT	TM-RA-1
ra:technique:bio_inspired_nanochat/information-geometry-optimal-transport/57de8750	bio_inspired_nanochat	3bb47fe003d19fa0758c1f6dc0ceda5d8a05f9f7	bio_inspired_nanochat/structural_geometry.py	170	c06180860d533411	CURRENT	1	170-170	CURRENT	TM-RA-1
ra:technique:bio_inspired_nanochat/metriplectic-generic/bddd7a5b	bio_inspired_nanochat	3bb47fe003d19fa0758c1f6dc0ceda5d8a05f9f7	bio_inspired_nanochat/metriplectic_integrator.py	11	7aadc11db75ff8a5	CURRENT	1	11-11	CURRENT	TM-RA-1
ra:technique:bio_inspired_nanochat/metriplectic-generic/bddd7a5b	bio_inspired_nanochat	3bb47fe003d19fa0758c1f6dc0ceda5d8a05f9f7	bio_inspired_nanochat/metriplectic_integrator.py	14	e571fe59f24e100c	CURRENT	1	14-14	CURRENT	TM-RA-1
ra:technique:bio_inspired_nanochat/metriplectic-generic/bddd7a5b	bio_inspired_nanochat	3bb47fe003d19fa0758c1f6dc0ceda5d8a05f9f7	tests/test_metriplectic_integrator.py	92	324215fd87d222d8	CURRENT	1	92-92	CURRENT	TM-RA-1
ra:technique:bio_inspired_nanochat/rm-deterministic-hashing-ordering/0e2aee4b	bio_inspired_nanochat	3bb47fe003d19fa0758c1f6dc0ceda5d8a05f9f7	bio_inspired_nanochat/adamw.py	17	de5e1ea0ac1a083b	CURRENT	1	17-17	CURRENT	TM-RA-1
ra:technique:bio_inspired_nanochat/rm-deterministic-hashing-ordering/0e2aee4b	bio_inspired_nanochat	3bb47fe003d19fa0758c1f6dc0ceda5d8a05f9f7	bio_inspired_nanochat/checkpoint_manager.py	179	05a524927c0a99ea	CURRENT	1	179-179	CURRENT	TM-RA-1
ra:technique:bio_inspired_nanochat/rm-differential-oracle/d1613aa4	bio_inspired_nanochat	3bb47fe003d19fa0758c1f6dc0ceda5d8a05f9f7	bio_inspired_nanochat/ablation_matrix.py	13	dbefb179b78e608c	CURRENT	1	13-13	CURRENT	TM-RA-1
ra:technique:bio_inspired_nanochat/rm-differential-oracle/d1613aa4	bio_inspired_nanochat	3bb47fe003d19fa0758c1f6dc0ceda5d8a05f9f7	bio_inspired_nanochat/ablation_registry.py	338	2ca5e3e314ef67e7	CURRENT	1	338-338	CURRENT	TM-RA-1
ra:technique:bio_inspired_nanochat/rm-error-taxonomy/c00e28d8	bio_inspired_nanochat	3bb47fe003d19fa0758c1f6dc0ceda5d8a05f9f7	bio_inspired_nanochat/checkpoint_manager.py	257	0ec903cfe503cbba	CURRENT	1	257-257	CURRENT	TM-RA-1
ra:technique:bio_inspired_nanochat/rm-error-taxonomy/c00e28d8	bio_inspired_nanochat	3bb47fe003d19fa0758c1f6dc0ceda5d8a05f9f7	bio_inspired_nanochat/ablation_registry.py	315	52a1e236ef312bc9	CURRENT	1	315-315	CURRENT	TM-RA-1
ra:technique:bio_inspired_nanochat/rm-evidence-receipts/5c74c523	bio_inspired_nanochat	3bb47fe003d19fa0758c1f6dc0ceda5d8a05f9f7	bio_inspired_nanochat/certificate_bundle.py	13	c20ae4cac57f9c97	CURRENT	1	13-13	CURRENT	TM-RA-1
ra:technique:bio_inspired_nanochat/rm-evidence-receipts/5c74c523	bio_inspired_nanochat	3bb47fe003d19fa0758c1f6dc0ceda5d8a05f9f7	bio_inspired_nanochat/certificate_bundle.py	498	84fa1f9170a453ca	CURRENT	1	498-498	CURRENT	TM-RA-1
ra:technique:bio_inspired_nanochat/scientific-method-brenner/7c6e2d63	bio_inspired_nanochat	3bb47fe003d19fa0758c1f6dc0ceda5d8a05f9f7	bio_inspired_nanochat/ablation_matrix.py	372	4e22b63be4563a00	CURRENT	1	372-372	CURRENT	TM-RA-1
ra:technique:bio_inspired_nanochat/scientific-method-brenner/7c6e2d63	bio_inspired_nanochat	3bb47fe003d19fa0758c1f6dc0ceda5d8a05f9f7	bio_inspired_nanochat/ablation_matrix.py	373	da3e361931032f4b	CURRENT	1	373-373	CURRENT	TM-RA-1
ra:technique:bio_inspired_nanochat/scientific-method-brenner/7c6e2d63	bio_inspired_nanochat	3bb47fe003d19fa0758c1f6dc0ceda5d8a05f9f7	bio_inspired_nanochat/eval_stats.py	3	c44d09603fdc74f8	CURRENT	1	3-3	CURRENT	TM-RA-1
ra:technique:bio_inspired_nanochat/spectral-graph-theory/78bafcd4	bio_inspired_nanochat	3bb47fe003d19fa0758c1f6dc0ceda5d8a05f9f7	bio_inspired_nanochat/cusp_certificate.py	107	bade7a2d7916e876	CURRENT	1	107-107	CURRENT	TM-RA-1
ra:technique:bio_inspired_nanochat/spectral-graph-theory/78bafcd4	bio_inspired_nanochat	3bb47fe003d19fa0758c1f6dc0ceda5d8a05f9f7	bio_inspired_nanochat/ablation_registry.py	272	992f36c95571e783	CURRENT	1	272-272	CURRENT	TM-RA-1
ra:technique:bio_inspired_nanochat/students-t/012c384d	bio_inspired_nanochat	3bb47fe003d19fa0758c1f6dc0ceda5d8a05f9f7	bio_inspired_nanochat/eval_stats.py	12	31e793b40ecd0b33	CURRENT	1	12-12	CURRENT	TM-RA-1
ra:technique:bio_inspired_nanochat/students-t/012c384d	bio_inspired_nanochat	3bb47fe003d19fa0758c1f6dc0ceda5d8a05f9f7	bio_inspired_nanochat/eval_stats.py	8	d598c4886d617ede	CURRENT	1	8-8	CURRENT	TM-RA-1
ra:technique:bio_inspired_nanochat/thermodynamic-uncertainty-relation/a4a10660	bio_inspired_nanochat	3bb47fe003d19fa0758c1f6dc0ceda5d8a05f9f7	bio_inspired_nanochat/stochastic_thermo.py	8	de52560029774a7e	CURRENT	1	8-8	CURRENT	TM-RA-1
ra:technique:bio_inspired_nanochat/thermodynamic-uncertainty-relation/a4a10660	bio_inspired_nanochat	3bb47fe003d19fa0758c1f6dc0ceda5d8a05f9f7	bio_inspired_nanochat/stochastic_thermo.py	18	d556f6ee9be5e036	CURRENT	1	18-18	CURRENT	TM-RA-1
ra:technique:bio_inspired_nanochat/tropical-padic/041b4fd8	bio_inspired_nanochat	3bb47fe003d19fa0758c1f6dc0ceda5d8a05f9f7	bio_inspired_nanochat/ultrametric_memory.py	98	6d75c2978942977f	CURRENT	1	98-98	CURRENT	TM-RA-1
ra:technique:bio_inspired_nanochat/tropical-padic/041b4fd8	bio_inspired_nanochat	3bb47fe003d19fa0758c1f6dc0ceda5d8a05f9f7	bio_inspired_nanochat/metrics_schema.py	193	093eb7e265f46365	CURRENT	1	193-193	CURRENT	TM-RA-1
ra:technique:bio_inspired_nanochat/type-theory-proof-kernel/ab5cefad	bio_inspired_nanochat	3bb47fe003d19fa0758c1f6dc0ceda5d8a05f9f7	formal/lean/BioInspiredNanochat.lean	311	8afb4708a0b6cb2b	CURRENT	1	311-311	CURRENT	TM-RA-1
ra:technique:bio_inspired_nanochat/vesicle-pool-dynamics/f2d98ffb	bio_inspired_nanochat	3bb47fe003d19fa0758c1f6dc0ceda5d8a05f9f7	tests/test_vesicle_conservation.py	10	b7fbf971b7c4b242	CURRENT	1	10-10	CURRENT	TM-RA-1
ra:technique:bio_inspired_nanochat/vesicle-pool-dynamics/f2d98ffb	bio_inspired_nanochat	3bb47fe003d19fa0758c1f6dc0ceda5d8a05f9f7	tests/test_vesicle_conservation.py	13	280850788fd54e0c	CURRENT	1	13-13	CURRENT	TM-RA-1
ra:technique:bio_inspired_nanochat/vesicle-pool-dynamics/f2d98ffb	bio_inspired_nanochat	3bb47fe003d19fa0758c1f6dc0ceda5d8a05f9f7	tests/test_synaptic_invariants.py	88	dd18014ec4d6c982	CURRENT	1	88-88	CURRENT	TM-RA-1
ra:technique:brenner_bot/brier-score/d99cf0f5	brenner_bot	f61ba663f7fecacc4452128d7b8def4c03efcb7b	apps/web/src/lib/brenner-loop/calibration.ts	297	2e9245055aacb814	CURRENT	1	297-297	CURRENT	TM-RA-1
ra:technique:brenner_bot/brier-score/d99cf0f5	brenner_bot	f61ba663f7fecacc4452128d7b8def4c03efcb7b	apps/web/src/lib/brenner-loop/calibration.ts	304	05bcb94c10141d7f	CURRENT	1	304-304	CURRENT	TM-RA-1
ra:technique:brenner_bot/brier-score/d99cf0f5	brenner_bot	f61ba663f7fecacc4452128d7b8def4c03efcb7b	apps/web/src/lib/brenner-loop/calibration.ts	307	9105cbc662677a4a	CURRENT	1	307-307	CURRENT	TM-RA-1
ra:technique:brenner_bot/causal-inference/cc068fa2	brenner_bot	f61ba663f7fecacc4452128d7b8def4c03efcb7b	apps/web/src/lib/brenner-loop/confound-detection.ts	780	a527cd768674e500	CURRENT	1	780-780	CURRENT	TM-RA-1
ra:technique:brenner_bot/causal-inference/cc068fa2	brenner_bot	f61ba663f7fecacc4452128d7b8def4c03efcb7b	apps/web/src/lib/brenner-loop/confound-detection.ts	820	0e0f087168fcb503	CURRENT	1	820-820	CURRENT	TM-RA-1
ra:technique:brenner_bot/cohens-d-kappa/887b8d76	brenner_bot	f61ba663f7fecacc4452128d7b8def4c03efcb7b	apps/web/src/lib/brenner-loop/operators/scale-check.ts	481	03fbd78b4bc31a33	CURRENT	1	481-481	CURRENT	TM-RA-1
ra:technique:brenner_bot/cohens-d-kappa/887b8d76	brenner_bot	f61ba663f7fecacc4452128d7b8def4c03efcb7b	apps/web/src/lib/brenner-loop/operators/scale-check.ts	489	6770c14c4fae7d99	CURRENT	1	489-489	CURRENT	TM-RA-1
ra:technique:brenner_bot/cohens-d-kappa/887b8d76	brenner_bot	f61ba663f7fecacc4452128d7b8def4c03efcb7b	apps/web/src/lib/brenner-loop/operators/scale-check.ts	494	da6be0993c306148	CURRENT	1	494-494	CURRENT	TM-RA-1
ra:technique:brenner_bot/cohens-d-kappa/887b8d76	brenner_bot	f61ba663f7fecacc4452128d7b8def4c03efcb7b	apps/web/src/lib/brenner-loop/operators/scale-check.ts	516	f335084f94a5dc74	CURRENT	1	516-516	CURRENT	TM-RA-1
ra:technique:brenner_bot/cryptographic-primitives/9fdc8eae	brenner_bot	f61ba663f7fecacc4452128d7b8def4c03efcb7b	apps/web/src/lib/auth.ts	54	64c516effef9a252	CURRENT	1	54-54	CURRENT	TM-RA-1
ra:technique:brenner_bot/cryptographic-primitives/9fdc8eae	brenner_bot	f61ba663f7fecacc4452128d7b8def4c03efcb7b	apps/web/src/lib/auth.ts	56	5e75a1298451cf2d	CURRENT	1	56-56	CURRENT	TM-RA-1
ra:technique:brenner_bot/cryptographic-primitives/9fdc8eae	brenner_bot	f61ba663f7fecacc4452128d7b8def4c03efcb7b	apps/web/src/lib/brenner-loop/export.ts	446	dc666031499d31bf	CURRENT	1	446-446	CURRENT	TM-RA-1
ra:technique:brenner_bot/log-loss-proper-scoring/b7558cf7	brenner_bot	f61ba663f7fecacc4452128d7b8def4c03efcb7b	apps/web/src/lib/brenner-loop/calibration.ts	277	12baa8930fdc9fff	CURRENT	1	277-277	CURRENT	TM-RA-1
ra:technique:brenner_bot/log-loss-proper-scoring/b7558cf7	brenner_bot	f61ba663f7fecacc4452128d7b8def4c03efcb7b	apps/web/src/lib/brenner-loop/calibration.ts	320	276af9e033e55908	CURRENT	1	320-320	CURRENT	TM-RA-1
ra:technique:brenner_bot/minhash-lsh/a0eaa9e8	brenner_bot	f61ba663f7fecacc4452128d7b8def4c03efcb7b	apps/web/src/lib/brenner-loop/comparison.ts	95	7c378e838d9bae71	CURRENT	1	95-95	CURRENT	TM-RA-1
ra:technique:brenner_bot/minhash-lsh/a0eaa9e8	brenner_bot	f61ba663f7fecacc4452128d7b8def4c03efcb7b	apps/web/src/lib/brenner-loop/comparison.ts	107	3f5dc9443cd1b45a	CURRENT	1	107-107	CURRENT	TM-RA-1
ra:technique:brenner_bot/rate-distortion-embedding-hash/a4393e0a	brenner_bot	f61ba663f7fecacc4452128d7b8def4c03efcb7b	apps/web/src/lib/brenner-loop/search/embeddings.ts	53	b200fd29ed9a8b4d	CURRENT	1	53-53	CURRENT	TM-RA-1
ra:technique:brenner_bot/rate-distortion-embedding-hash/a4393e0a	brenner_bot	f61ba663f7fecacc4452128d7b8def4c03efcb7b	apps/web/src/lib/brenner-loop/search/embeddings.ts	80	3fdc2875093a6920	CURRENT	1	80-80	CURRENT	TM-RA-1
ra:technique:brenner_bot/rate-distortion-embedding-hash/a4393e0a	brenner_bot	f61ba663f7fecacc4452128d7b8def4c03efcb7b	apps/web/src/lib/brenner-loop/search/embeddings.ts	132	40399d9820130ab1	CURRENT	1	132-132	CURRENT	TM-RA-1
ra:technique:brenner_bot/rm-deterministic-hashing-ordering/3142883d	brenner_bot	f61ba663f7fecacc4452128d7b8def4c03efcb7b	apps/web/src/lib/brenner-loop/export.ts	464	d5935d6560048fd0	CURRENT	1	464-464	CURRENT	TM-RA-1
ra:technique:brenner_bot/rm-deterministic-hashing-ordering/3142883d	brenner_bot	f61ba663f7fecacc4452128d7b8def4c03efcb7b	apps/web/src/lib/brenner-loop/export.ts	479	71fd8ed2d9690d17	CURRENT	1	479-479	CURRENT	TM-RA-1
ra:technique:brenner_bot/scientific-method-brenner/ca060347	brenner_bot	f61ba663f7fecacc4452128d7b8def4c03efcb7b	apps/web/src/lib/brenner-loop/operators/framework.ts	28	37c90bdeebbfac0d	CURRENT	1	28-28	CURRENT	TM-RA-1
ra:technique:brenner_bot/scientific-method-brenner/ca060347	brenner_bot	f61ba663f7fecacc4452128d7b8def4c03efcb7b	apps/web/src/lib/brenner-loop/operators/framework.ts	47	214136c007b430f6	CURRENT	1	47-47	CURRENT	TM-RA-1
ra:technique:brenner_bot/scientific-method-brenner/ca060347	brenner_bot	f61ba663f7fecacc4452128d7b8def4c03efcb7b	apps/web/src/lib/brenner-loop/operators/framework.ts	82	1410e35cac0c025f	CURRENT	1	82-82	CURRENT	TM-RA-1
ra:technique:bulk_transcribe_youtube_videos_from_playlist/local.logprob-confidence-normalization/c69d7e1a	bulk_transcribe_youtube_videos_from_playlist	ae3fb76e6f839a0aebe31177a829255f69783eef	bulk_transcribe_youtube_videos_from_playlist.py	245	c50480b8b9ee47c0	CURRENT	1	245-245	CURRENT	TM-RA-1
ra:technique:bulk_transcribe_youtube_videos_from_playlist/local.regex-sentence-splitter-with-quote-balance/778ef82c	bulk_transcribe_youtube_videos_from_playlist	ae3fb76e6f839a0aebe31177a829255f69783eef	bulk_transcribe_youtube_videos_from_playlist.py	82	1ca54ff8bd311e76	CURRENT	1	82-82	CURRENT	TM-RA-1
ra:technique:bulk_transcribe_youtube_videos_from_playlist/local.regex-sentence-splitter-with-quote-balance/778ef82c	bulk_transcribe_youtube_videos_from_playlist	ae3fb76e6f839a0aebe31177a829255f69783eef	bulk_transcribe_youtube_videos_from_playlist.py	91	a88a045bcdcde8af	CURRENT	1	91-91	CURRENT	TM-RA-1
ra:technique:bulk_transcribe_youtube_videos_from_playlist/locks-spin-mcs/d99e80dc	bulk_transcribe_youtube_videos_from_playlist	ae3fb76e6f839a0aebe31177a829255f69783eef	bulk_transcribe_youtube_videos_from_playlist.py	229	a54358cabb9ab20a	CURRENT	1	229-229	CURRENT	TM-RA-1
ra:technique:bulk_transcribe_youtube_videos_from_playlist/speech-recognition-decoding/fe9b72e3	bulk_transcribe_youtube_videos_from_playlist	ae3fb76e6f839a0aebe31177a829255f69783eef	bulk_transcribe_youtube_videos_from_playlist.py	196	4c90cd5349e3cdcc	CURRENT	1	196-196	CURRENT	TM-RA-1
ra:technique:cass-memory-system-agent-mailbox-viewer/ewma/eaffdc95	cass-memory-system-agent-mailbox-viewer	4ae2f6c6dec33a8fdb98ae4a374edeeeb0ad0305	viewer/viewer.js	1870	b37a4f9ffd729f66	CURRENT	1	1870-1870	CURRENT	TM-RA-1
ra:technique:cass-memory-system-agent-mailbox-viewer/ewma/eaffdc95	cass-memory-system-agent-mailbox-viewer	4ae2f6c6dec33a8fdb98ae4a374edeeeb0ad0305	viewer/viewer.js	1849	bf7cce771ed4f3f1	CURRENT	1	1849-1849	CURRENT	TM-RA-1
ra:technique:cass-memory-system-agent-mailbox-viewer/parsing-theory/4304cabc	cass-memory-system-agent-mailbox-viewer	4ae2f6c6dec33a8fdb98ae4a374edeeeb0ad0305	viewer/viewer.js	991	15e0650673dbd075	CURRENT	1	991-991	CURRENT	TM-RA-1
ra:technique:cass-memory-system-agent-mailbox-viewer/parsing-theory/4304cabc	cass-memory-system-agent-mailbox-viewer	4ae2f6c6dec33a8fdb98ae4a374edeeeb0ad0305	viewer/viewer.js	990	8f8cbc3dd52ffc73	CURRENT	1	990-990	CURRENT	TM-RA-1
ra:technique:cass_memory_system/ewma/ca18ffdd	cass_memory_system	becf6b1cc0acd2c5049432bf4836707646087291	src/scoring.ts	42	0ba67b8ca26b1cc9	CURRENT	1	42-42	CURRENT	TM-RA-1
ra:technique:cass_memory_system/ewma/ca18ffdd	cass_memory_system	becf6b1cc0acd2c5049432bf4836707646087291	src/scoring.ts	92	63a4fbfcb842ee98	CURRENT	1	92-92	CURRENT	TM-RA-1
ra:technique:cass_memory_system/file-locking-leases/d99e02a2	cass_memory_system	becf6b1cc0acd2c5049432bf4836707646087291	src/lock.ts	7	882e5d7ae8bb25e8	CURRENT	1	7-7	CURRENT	TM-RA-1
ra:technique:cass_memory_system/jaccard-iou-similarity/6735a890	cass_memory_system	becf6b1cc0acd2c5049432bf4836707646087291	src/utils.ts	1377	6b54dd359c937849	CURRENT	1	1377-1377	CURRENT	TM-RA-1
ra:technique:cass_memory_system/sequential-decision-optimal-stopping/d65a481e	cass_memory_system	becf6b1cc0acd2c5049432bf4836707646087291	src/validate.ts	136	d3fdf3aeb584aa2f	CURRENT	1	136-136	CURRENT	TM-RA-1
ra:technique:cass_memory_system/sequential-decision-optimal-stopping/d65a481e	cass_memory_system	becf6b1cc0acd2c5049432bf4836707646087291	src/validate.ts	145	47f05807580d06c4	CURRENT	1	145-145	CURRENT	TM-RA-1
ra:technique:charmed_rust/cache-replacement/f02db1fc	charmed_rust	68934c7d07020376dd9392a77a44d143f77e2a72	crates/wish/src/lib.rs	2159	b01dc3e532092a47	CURRENT	1	2159-2159	CURRENT	TM-RA-1
ra:technique:charmed_rust/congestion-control-backoff/ebfa5301	charmed_rust	68934c7d07020376dd9392a77a44d143f77e2a72	crates/wish/src/lib.rs	2149	4d1fac3298563cd9	CURRENT	1	2149-2149	CURRENT	TM-RA-1
ra:technique:charmed_rust/congestion-control-backoff/ebfa5301	charmed_rust	68934c7d07020376dd9392a77a44d143f77e2a72	crates/wish/src/lib.rs	2176	8d5b407133a7d517	CURRENT	1	2176-2176	CURRENT	TM-RA-1
ra:technique:charmed_rust/congestion-control-backoff/ebfa5301	charmed_rust	68934c7d07020376dd9392a77a44d143f77e2a72	crates/wish/src/lib.rs	2187	5a17fad8515e1a81	CURRENT	1	2187-2187	CURRENT	TM-RA-1
ra:technique:charmed_rust/elm-architecture-reactive/831e68d8	charmed_rust	68934c7d07020376dd9392a77a44d143f77e2a72	crates/bubbletea/src/lib.rs	50	7a2752568b011659	CURRENT	1	50-50	CURRENT	TM-RA-1
ra:technique:charmed_rust/elm-architecture-reactive/831e68d8	charmed_rust	68934c7d07020376dd9392a77a44d143f77e2a72	crates/bubbletea/src/lib.rs	65	41fb3ea983e67274	CURRENT	1	65-65	CURRENT	TM-RA-1
ra:technique:charmed_rust/elm-architecture-reactive/831e68d8	charmed_rust	68934c7d07020376dd9392a77a44d143f77e2a72	crates/bubbletea/src/command.rs	173	d4b919cd40b15274	CURRENT	1	173-173	CURRENT	TM-RA-1
ra:technique:charmed_rust/juckett-damped-spring/e19b5694	charmed_rust	68934c7d07020376dd9392a77a44d143f77e2a72	crates/harmonica/src/spring.rs	3	7e3fb92c589f2c3c	CURRENT	1	3-3	CURRENT	TM-RA-1
ra:technique:charmed_rust/juckett-damped-spring/e19b5694	charmed_rust	68934c7d07020376dd9392a77a44d143f77e2a72	crates/harmonica/src/spring.rs	38	bf85fc4c75b9e695	RELOCATED	1	40-40	CURRENT+line_relocated	TM-RA-1
ra:technique:charmed_rust/juckett-damped-spring/e19b5694	charmed_rust	68934c7d07020376dd9392a77a44d143f77e2a72	crates/harmonica/src/spring.rs	45	cc8ad4c11d530900	CURRENT	1	45-45	CURRENT	TM-RA-1
ra:technique:charmed_rust/rendering-compositing/63f6aaaa	charmed_rust	68934c7d07020376dd9392a77a44d143f77e2a72	crates/lipgloss/src/theme.rs	1330	965b4791cc18107f	RELOCATED	1	1331-1331	CURRENT+line_relocated	TM-RA-1
ra:technique:charmed_rust/rendering-compositing/63f6aaaa	charmed_rust	68934c7d07020376dd9392a77a44d143f77e2a72	crates/lipgloss/src/theme.rs	1335	15221d3433388538	RELOCATED	1	1336-1336	CURRENT+line_relocated	TM-RA-1
ra:technique:charmed_rust/rendering-compositing/63f6aaaa	charmed_rust	68934c7d07020376dd9392a77a44d143f77e2a72	crates/lipgloss/src/theme.rs	1340	49366d08b9a938e5	RELOCATED	1	1342-1342	CURRENT+line_relocated	TM-RA-1
ra:technique:charmed_rust/rm-differential-oracle/1edf951c	charmed_rust	68934c7d07020376dd9392a77a44d143f77e2a72	crates/bubbles/src/stopwatch.rs	590	660cc9da59ee0e5d	CURRENT	1	590-590	CURRENT	TM-RA-1
ra:technique:charmed_rust/rm-unsafe-discipline/797870f4	charmed_rust	68934c7d07020376dd9392a77a44d143f77e2a72	crates/bubbles/src/lib.rs	1	d4e6f22e1e076733	CURRENT	1	1-1	CURRENT	TM-RA-1
ra:technique:charmed_rust/rm-unsafe-discipline/797870f4	charmed_rust	68934c7d07020376dd9392a77a44d143f77e2a72	crates/bubbletea/src/lib.rs	1	d4e6f22e1e076733	CURRENT	1	1-1	CURRENT	TM-RA-1
ra:technique:charmed_rust/rng-algorithms/6d052f4e	charmed_rust	68934c7d07020376dd9392a77a44d143f77e2a72	crates/demo_showcase/src/pages/jobs.rs	436	5065a3d0b8833082	CURRENT	1	436-436	CURRENT	TM-RA-1
ra:technique:charmed_rust/rng-algorithms/6d052f4e	charmed_rust	68934c7d07020376dd9392a77a44d143f77e2a72	crates/demo_showcase/src/pages/jobs.rs	438	f0b2b0d9b364ca7a	CURRENT	1	438-438	CURRENT	TM-RA-1
ra:technique:charmed_rust/signal-handling-process-semantics/8eb4896f	charmed_rust	68934c7d07020376dd9392a77a44d143f77e2a72	crates/wish/src/session/manager.rs	197	b8643eccf9689669	CURRENT	1	197-197	CURRENT	TM-RA-1
ra:technique:charmed_rust/signal-handling-process-semantics/8eb4896f	charmed_rust	68934c7d07020376dd9392a77a44d143f77e2a72	crates/wish/src/session/manager.rs	198	239161757514cee4	CURRENT	1	198-198	CURRENT	TM-RA-1
ra:technique:chat_shared_conversation_to_file/browser-fingerprint-evasion/0cb99b73	chat_shared_conversation_to_file	0644370df00e31837d217e14808e1913a0c40fe1	src/index.ts	2045	608439e9c3726305	CURRENT	1	2045-2045	CURRENT	TM-RA-1
ra:technique:chat_shared_conversation_to_file/browser-fingerprint-evasion/0cb99b73	chat_shared_conversation_to_file	0644370df00e31837d217e14808e1913a0c40fe1	src/index.ts	2055	c8bf1697d2740517	CURRENT	1	2055-2055	CURRENT	TM-RA-1
ra:technique:chat_shared_conversation_to_file/browser-fingerprint-evasion/0cb99b73	chat_shared_conversation_to_file	0644370df00e31837d217e14808e1913a0c40fe1	src/index.ts	2070	14c383439693a3fd	CURRENT	1	2070-2070	CURRENT	TM-RA-1
ra:technique:classic-patents.com/centrality-measures/7a1d43c3	classic-patents.com	8ea0e723a07d64a833fd1cce503f60fd95323262	src/physics/pageRankKernel.ts	22	e6b31372fec21d63	CURRENT	1	22-22	CURRENT	TM-RA-1
ra:technique:classic-patents.com/centrality-measures/7a1d43c3	classic-patents.com	8ea0e723a07d64a833fd1cce503f60fd95323262	src/physics/pageRankKernel.ts	33	ca2726787e2a81b5	CURRENT	1	33-33	CURRENT	TM-RA-1
ra:technique:classic-patents.com/honest-degradation-reporting/c44340e8	classic-patents.com	8ea0e723a07d64a833fd1cce503f60fd95323262	src/physics/genericWasm.ts	5	856bdcfc98b7faa5	CURRENT	1	5-5	CURRENT	TM-RA-1
ra:technique:classic-patents.com/honest-degradation-reporting/c44340e8	classic-patents.com	8ea0e723a07d64a833fd1cce503f60fd95323262	src/physics/genericWasm.ts	8	2217839a04cacd8e	CURRENT	1	8-8	CURRENT	TM-RA-1
ra:technique:classic-patents.com/honest-degradation-reporting/c44340e8	classic-patents.com	8ea0e723a07d64a833fd1cce503f60fd95323262	src/components/patents/visuals/three/BellTelephone3D.tsx	346	aa4dc25b5ef39ce7	CURRENT	1	346-346	CURRENT	TM-RA-1
ra:technique:classic-patents.com/rm-differential-oracle/d8efe0f6	classic-patents.com	8ea0e723a07d64a833fd1cce503f60fd95323262	ios/check-native-parity.ts	260	ac69fa694f2933da	CURRENT	1	260-260	CURRENT	TM-RA-1
ra:technique:classic-patents.com/rm-differential-oracle/d8efe0f6	classic-patents.com	8ea0e723a07d64a833fd1cce503f60fd95323262	ios/check-native-parity.ts	279	973d95764f740014	CURRENT	1	279-279	CURRENT	TM-RA-1
ra:technique:classic-patents.com/rm-differential-oracle/d8efe0f6	classic-patents.com	8ea0e723a07d64a833fd1cce503f60fd95323262	ios/check-native-parity.ts	609	5196fec5a3b3c06a	CURRENT	1	609-609	CURRENT	TM-RA-1
ra:technique:claude_code_agent_farm/congestion-control-backoff/56faa036	claude_code_agent_farm	892e19b08e9d01fe556f33a1ff99f8a8372e0773	claude_code_agent_farm.py	1948	0cbd6d462f7359fb	CURRENT	1	1948-1948	CURRENT	TM-RA-1
ra:technique:claude_code_agent_farm/wal-aries/71db26d4	claude_code_agent_farm	892e19b08e9d01fe556f33a1ff99f8a8372e0773	claude_code_agent_farm.py	1147	8d9a2dd445d3abcf	CURRENT	1	1147-1147	CURRENT	TM-RA-1
ra:technique:claude_code_agent_farm/wal-aries/71db26d4	claude_code_agent_farm	892e19b08e9d01fe556f33a1ff99f8a8372e0773	claude_code_agent_farm.py	2280	296669ddb3d2f6e9	CURRENT	1	2280-2280	CURRENT	TM-RA-1
ra:technique:cloud_benchmarker/filesystem-semantics/f995c970	cloud_benchmarker	c4895ed3e0104752397cdaf48738daf1ac7691c2	script_to_generate_overall_benchmark_scores_from_subscores.py	162	4219e1049f21f75a	CURRENT	1	162-162	CURRENT	TM-RA-1
ra:technique:cloud_benchmarker/filesystem-semantics/f995c970	cloud_benchmarker	c4895ed3e0104752397cdaf48738daf1ac7691c2	script_to_generate_overall_benchmark_scores_from_subscores.py	157	c28fffeef6a1d8ab	CURRENT	1	157-157	CURRENT	TM-RA-1
ra:technique:cloud_benchmarker/local.weighted-minmax-benchmark-scoring/523a8dcf	cloud_benchmarker	c4895ed3e0104752397cdaf48738daf1ac7691c2	script_to_generate_overall_benchmark_scores_from_subscores.py	108	a237c6ccd35fbd40	CURRENT	1	108-108	CURRENT	TM-RA-1
ra:technique:cloud_benchmarker/local.weighted-minmax-benchmark-scoring/523a8dcf	cloud_benchmarker	c4895ed3e0104752397cdaf48738daf1ac7691c2	script_to_generate_overall_benchmark_scores_from_subscores.py	105	2c000fb408bf3ac1	CURRENT	1	105-105	CURRENT	TM-RA-1
ra:technique:cloud_benchmarker/local.weighted-minmax-benchmark-scoring/523a8dcf	cloud_benchmarker	c4895ed3e0104752397cdaf48738daf1ac7691c2	script_to_generate_overall_benchmark_scores_from_subscores.py	129	8bc1fb0b9da2e798	CURRENT	1	129-129	CURRENT	TM-RA-1
ra:technique:cloud_benchmarker/local.weighted-minmax-benchmark-scoring/523a8dcf	cloud_benchmarker	c4895ed3e0104752397cdaf48738daf1ac7691c2	tests/test_scoring.py	163	163f72160516931b	CURRENT	1	163-163	CURRENT	TM-RA-1
ra:technique:cloud_benchmarker/local.weighted-minmax-benchmark-scoring/523a8dcf	cloud_benchmarker	c4895ed3e0104752397cdaf48738daf1ac7691c2	tests/test_scoring.py	181	cce017ac6cd9c44a	CURRENT	1	181-181	CURRENT	TM-RA-1
ra:technique:cloud_benchmarker/locks-spin-mcs/557df0ed	cloud_benchmarker	c4895ed3e0104752397cdaf48738daf1ac7691c2	web_app/app/utils/scheduler.py	225	b06a4994a0358d6b	CURRENT	1	225-225	CURRENT	TM-RA-1
ra:technique:cloud_benchmarker/monotonic-time/ae4c9250	cloud_benchmarker	c4895ed3e0104752397cdaf48738daf1ac7691c2	web_app/app/utils/scheduler.py	251	1afb69ff96231e2d	CURRENT	1	251-251	CURRENT	TM-RA-1
ra:technique:cloud_benchmarker/rm-property-testing/d87f4d9f	cloud_benchmarker	c4895ed3e0104752397cdaf48738daf1ac7691c2	tests/test_scoring.py	144	de64a724b3db9e5d	CURRENT	1	144-144	CURRENT	TM-RA-1
ra:technique:cloud_benchmarker/rm-property-testing/d87f4d9f	cloud_benchmarker	c4895ed3e0104752397cdaf48738daf1ac7691c2	tests/test_scoring.py	152	9251875869a9cef7	CURRENT	1	152-152	CURRENT	TM-RA-1
ra:technique:cloud_benchmarker/rm-property-testing/d87f4d9f	cloud_benchmarker	c4895ed3e0104752397cdaf48738daf1ac7691c2	tests/test_scoring.py	154	323aaa147f55f776	CURRENT	1	154-154	CURRENT	TM-RA-1
ra:technique:cmaes_explainer/cma-es/649173da	cmaes_explainer	8351ebb292f7292794f9055f8b73844620ef6bec	app/lib/cmaesEngine.ts	5	8709efe0f2826026	CURRENT	1	5-5	CURRENT	TM-RA-1
ra:technique:cmaes_explainer/cma-es/649173da	cmaes_explainer	8351ebb292f7292794f9055f8b73844620ef6bec	app/lib/cmaesEngine.test.ts	116	5ef6a71ce9526543	CURRENT	1	116-116	CURRENT	TM-RA-1
ra:technique:cmaes_explainer/cma-es/649173da	cmaes_explainer	8351ebb292f7292794f9055f8b73844620ef6bec	app/lib/cmaesEngineND.ts	715	9d9c63d92d9f5e2e	CURRENT	1	715-715	CURRENT	TM-RA-1
ra:technique:cmaes_explainer/ddp-ilqr/a70f9924	cmaes_explainer	8351ebb292f7292794f9055f8b73844620ef6bec	app/lib/ddpTrajectoryOptimization.ts	6	9224f5e850c27505	CURRENT	1	6-6	CURRENT	TM-RA-1
ra:technique:cmaes_explainer/ddp-ilqr/a70f9924	cmaes_explainer	8351ebb292f7292794f9055f8b73844620ef6bec	app/lib/ddpTrajectoryOptimization.ts	8	0437c80e569b2e46	CURRENT	1	8-8	CURRENT	TM-RA-1
ra:technique:cmaes_explainer/deterministic-simulation-testing/06a15077	cmaes_explainer	8351ebb292f7292794f9055f8b73844620ef6bec	tests/g1OptimizationProtocol.test.ts	28	d4e6123d7ba2a825	CURRENT	1	28-28	CURRENT	TM-RA-1
ra:technique:cmaes_explainer/distributionally-robust-optimization/91738710	cmaes_explainer	8351ebb292f7292794f9055f8b73844620ef6bec	app/lib/droFrictionUncertainty.ts	20	3a2118c900cb6567	CURRENT	1	20-20	CURRENT	TM-RA-1
ra:technique:cmaes_explainer/distributionally-robust-optimization/91738710	cmaes_explainer	8351ebb292f7292794f9055f8b73844620ef6bec	app/lib/droFrictionUncertainty.ts	40	d8c45077d01da75f	CURRENT	1	40-40	CURRENT	TM-RA-1
ra:technique:cmaes_explainer/distributionally-robust-optimization/91738710	cmaes_explainer	8351ebb292f7292794f9055f8b73844620ef6bec	app/lib/droFrictionUncertainty.ts	9	af47051db7531380	CURRENT	1	9-9	CURRENT	TM-RA-1
ra:technique:cmaes_explainer/dynamic-programming/5e0abcbc	cmaes_explainer	8351ebb292f7292794f9055f8b73844620ef6bec	app/lib/dpValueIteration.ts	12	f2c223591c664b17	CURRENT	1	12-12	CURRENT	TM-RA-1
ra:technique:cmaes_explainer/dynamic-programming/5e0abcbc	cmaes_explainer	8351ebb292f7292794f9055f8b73844620ef6bec	app/lib/dpValueIteration.ts	21	a69df8a0005f0f62	CURRENT	1	21-21	CURRENT	TM-RA-1
ra:technique:cmaes_explainer/eigen-schur-hessenberg/ed6c0aef	cmaes_explainer	8351ebb292f7292794f9055f8b73844620ef6bec	app/lib/cmaesEngineND.ts	202	b05593f59f9935c0	CURRENT	1	202-202	CURRENT	TM-RA-1
ra:technique:cmaes_explainer/eigen-schur-hessenberg/ed6c0aef	cmaes_explainer	8351ebb292f7292794f9055f8b73844620ef6bec	app/lib/cmaesEngineND.ts	148	f25c6b759aacc473	CURRENT	1	148-148	CURRENT	TM-RA-1
ra:technique:cmaes_explainer/eigen-schur-hessenberg/ed6c0aef	cmaes_explainer	8351ebb292f7292794f9055f8b73844620ef6bec	app/lib/cmaesEngineND.ts	711	0aa9498a0d7abf04	CURRENT	1	711-711	CURRENT	TM-RA-1
ra:technique:cmaes_explainer/eigen-schur-hessenberg/388ec8f5	cmaes_explainer	8351ebb292f7292794f9055f8b73844620ef6bec	app/lib/cmaesEngine.ts	99	4f38fe086aad72bb	CURRENT	1	99-99	CURRENT	TM-RA-1
ra:technique:cmaes_explainer/eigen-schur-hessenberg/388ec8f5	cmaes_explainer	8351ebb292f7292794f9055f8b73844620ef6bec	app/lib/cmaesEngine.ts	95	fb0258bd6643f109	CURRENT	1	95-95	CURRENT	TM-RA-1
ra:technique:cmaes_explainer/eigen-schur-hessenberg/388ec8f5	cmaes_explainer	8351ebb292f7292794f9055f8b73844620ef6bec	app/lib/cmaesEngine.ts	91	135ae004fcea430b	CURRENT	1	91-91	CURRENT	TM-RA-1
ra:technique:cmaes_explainer/featherstone-spatial-algebra/1f8f5861	cmaes_explainer	8351ebb292f7292794f9055f8b73844620ef6bec	app/lib/featherstoneDynamics.ts	6	e7460eda89a2431f	CURRENT	1	6-6	CURRENT	TM-RA-1
ra:technique:cmaes_explainer/featherstone-spatial-algebra/1f8f5861	cmaes_explainer	8351ebb292f7292794f9055f8b73844620ef6bec	app/lib/featherstoneDynamics.ts	9	95121fd2f08d4c4f	CURRENT	1	9-9	CURRENT	TM-RA-1
ra:technique:cmaes_explainer/honest-degradation-reporting/b8f0a572	cmaes_explainer	8351ebb292f7292794f9055f8b73844620ef6bec	app/lib/frankensimCmaes.ts	8	296f114df2cbf238	CURRENT	1	8-8	CURRENT	TM-RA-1
ra:technique:cmaes_explainer/honest-degradation-reporting/b8f0a572	cmaes_explainer	8351ebb292f7292794f9055f8b73844620ef6bec	app/lib/frankensimCmaes.ts	11	f45cc0c5ecf74766	CURRENT	1	11-11	CURRENT	TM-RA-1
ra:technique:cmaes_explainer/local.colorized-interactive-equation/e2758f8e	cmaes_explainer	8351ebb292f7292794f9055f8b73844620ef6bec	app/lib/cmaesEquations.ts	5	e66651e2775bfb1c	CURRENT	1	5-5	CURRENT	TM-RA-1
ra:technique:cmaes_explainer/local.colorized-interactive-equation/e2758f8e	cmaes_explainer	8351ebb292f7292794f9055f8b73844620ef6bec	app/lib/cmaesEquations.ts	16	46cd081ebb30dfaf	CURRENT	1	16-16	CURRENT	TM-RA-1
ra:technique:cmaes_explainer/p-de-berg-cg/19fd3455	cmaes_explainer	8351ebb292f7292794f9055f8b73844620ef6bec	tests/parity/parityHarness.ts	30	2432a81a46691506	CURRENT	1	30-30	CURRENT	TM-RA-1
ra:technique:cmaes_explainer/p-hansen/1e77a805	cmaes_explainer	8351ebb292f7292794f9055f8b73844620ef6bec	app/lib/cmaesEngine.ts	4	b4afa65a71c50d4a	CURRENT	1	4-4	CURRENT	TM-RA-1
ra:technique:cmaes_explainer/rm-differential-oracle/a7cff487	cmaes_explainer	8351ebb292f7292794f9055f8b73844620ef6bec	tests/parity/parityHarness.ts	11	72559a98d707061c	CURRENT	1	11-11	CURRENT	TM-RA-1
ra:technique:cmaes_explainer/rm-differential-oracle/a7cff487	cmaes_explainer	8351ebb292f7292794f9055f8b73844620ef6bec	tests/parity/parityHarness.ts	41	fc30469477568901	CURRENT	1	41-41	CURRENT	TM-RA-1
ra:technique:cmaes_explainer/rm-differential-oracle/a7cff487	cmaes_explainer	8351ebb292f7292794f9055f8b73844620ef6bec	tests/parity/parityHarness.ts	25	fd4da547a4f27096	CURRENT	1	25-25	CURRENT	TM-RA-1
ra:technique:cmaes_explainer/rm-error-taxonomy/331c4335	cmaes_explainer	8351ebb292f7292794f9055f8b73844620ef6bec	app/lib/cmaesEngine.ts	41	ba3b1297947b338f	CURRENT	1	41-41	CURRENT	TM-RA-1
ra:technique:cmaes_explainer/rm-error-taxonomy/331c4335	cmaes_explainer	8351ebb292f7292794f9055f8b73844620ef6bec	app/lib/cmaesEngine.ts	67	9bb581b326aed91b	CURRENT	1	67-67	CURRENT	TM-RA-1
ra:technique:cmaes_explainer/rm-evidence-receipts/0c67cefb	cmaes_explainer	8351ebb292f7292794f9055f8b73844620ef6bec	app/lib/honestyLedger.ts	8	a2c3c1d039863bf4	CURRENT	1	8-8	CURRENT	TM-RA-1
ra:technique:cmaes_explainer/rm-evidence-receipts/0c67cefb	cmaes_explainer	8351ebb292f7292794f9055f8b73844620ef6bec	tests/honestyLedger.test.ts	27	eb576dec6ebacfaa	CURRENT	1	27-27	CURRENT	TM-RA-1
ra:technique:cmaes_explainer/rm-evidence-receipts/0c67cefb	cmaes_explainer	8351ebb292f7292794f9055f8b73844620ef6bec	tests/receipts/receiptBattery.ts	29	cfdad48cab78961f	CURRENT	1	29-29	CURRENT	TM-RA-1
ra:technique:cmaes_explainer/rm-spec-first/142d1ca1	cmaes_explainer	8351ebb292f7292794f9055f8b73844620ef6bec	tests/perf/sotaRubric.test.ts	15	bab1e0e6b2def62b	CURRENT	1	15-15	CURRENT	TM-RA-1
ra:technique:cmaes_explainer/rm-spec-first/142d1ca1	cmaes_explainer	8351ebb292f7292794f9055f8b73844620ef6bec	tests/perf/sotaRubric.test.ts	7	05cde77eb69df891	CURRENT	1	7-7	CURRENT	TM-RA-1
ra:technique:cmaes_explainer/rm-test-infrastructure/32e2a1ed	cmaes_explainer	8351ebb292f7292794f9055f8b73844620ef6bec	tests/parity/parityHarness.ts	4	92ee4d6b85339fb7	CURRENT	1	4-4	CURRENT	TM-RA-1
ra:technique:cmaes_explainer/rng-algorithms/5684fdb6	cmaes_explainer	8351ebb292f7292794f9055f8b73844620ef6bec	app/lib/cmaesEngine.ts	147	e189f18391f53230	CURRENT	1	147-147	CURRENT	TM-RA-1
ra:technique:cmaes_explainer/rng-algorithms/5684fdb6	cmaes_explainer	8351ebb292f7292794f9055f8b73844620ef6bec	app/lib/cmaesEngine.ts	158	bf6f750c676d4fb5	CURRENT	1	158-158	CURRENT	TM-RA-1
ra:technique:coding_agent_account_manager/cache-replacement/be04e9ee	coding_agent_account_manager	21f8ceafce35fc9c5cb268b208ead814961458e7	cmd/caam/cmd/robot.go	752	a02d255bc75f001d	RELOCATED	1	753-753	CURRENT+line_relocated	TM-RA-1
ra:technique:coding_agent_account_manager/cache-replacement/be04e9ee	coding_agent_account_manager	21f8ceafce35fc9c5cb268b208ead814961458e7	cmd/caam/cmd/robot.go	753	f9069aabcf38b682	RELOCATED	1	754-754	CURRENT+line_relocated	TM-RA-1
ra:technique:coding_agent_account_manager/cryptographic-primitives/e6d978b6	coding_agent_account_manager	21f8ceafce35fc9c5cb268b208ead814961458e7	internal/bundle/encrypt.go	29	04c1d65cdb6af859	CURRENT	1	29-29	CURRENT	TM-RA-1
ra:technique:coding_agent_account_manager/cryptographic-primitives/e6d978b6	coding_agent_account_manager	21f8ceafce35fc9c5cb268b208ead814961458e7	internal/bundle/encrypt.go	60	c4cd7f0179e8b911	CURRENT	1	60-60	CURRENT	TM-RA-1
ra:technique:coding_agent_account_manager/cryptographic-primitives/e6d978b6	coding_agent_account_manager	21f8ceafce35fc9c5cb268b208ead814961458e7	internal/bundle/encrypt.go	82	ca55702aa862a17a	CURRENT	1	82-82	CURRENT	TM-RA-1
ra:technique:coding_agent_account_manager/cryptographic-primitives/e6d978b6	coding_agent_account_manager	21f8ceafce35fc9c5cb268b208ead814961458e7	internal/bundle/manifest.go	174	6d9ee4d9ca7fd1a4	CURRENT	1	174-174	CURRENT	TM-RA-1
ra:technique:coding_agent_account_manager/filesystem-semantics/78708e35	coding_agent_account_manager	21f8ceafce35fc9c5cb268b208ead814961458e7	internal/agent/agent.go	500	e4521e8ae7b545d0	CURRENT	1	500-500	CURRENT	TM-RA-1
ra:technique:coding_agent_account_manager/filesystem-semantics/78708e35	coding_agent_account_manager	21f8ceafce35fc9c5cb268b208ead814961458e7	internal/authfile/authfile.go	536	afd359fda67c8b0d	CURRENT	1	536-536	CURRENT	TM-RA-1
ra:technique:coding_agent_account_manager/filesystem-semantics/78708e35	coding_agent_account_manager	21f8ceafce35fc9c5cb268b208ead814961458e7	internal/authpool/persist.go	58	1b8a25165bf36256	CURRENT	1	58-58	CURRENT	TM-RA-1
ra:technique:coding_agent_account_manager/rm-differential-oracle/3be03698	coding_agent_account_manager	21f8ceafce35fc9c5cb268b208ead814961458e7	internal/authfile/agy_test.go	92	7e6a55b8c8a747dc	CURRENT	1	92-92	CURRENT	TM-RA-1
ra:technique:coding_agent_account_manager/rm-differential-oracle/3be03698	coding_agent_account_manager	21f8ceafce35fc9c5cb268b208ead814961458e7	internal/authfile/agy_test.go	93	ed0a605605bf0bc0	CURRENT	1	93-93	CURRENT	TM-RA-1
ra:technique:coding_agent_account_manager/rm-invariant-assertions/38f55584	coding_agent_account_manager	21f8ceafce35fc9c5cb268b208ead814961458e7	internal/shallow/shallow.go	407	6799749e33cd3e85	CURRENT	1	407-407	CURRENT	TM-RA-1
ra:technique:coding_agent_account_manager/rm-invariant-assertions/38f55584	coding_agent_account_manager	21f8ceafce35fc9c5cb268b208ead814961458e7	internal/shallow/shallow.go	408	cfa782fe398d147a	CURRENT	1	408-408	CURRENT	TM-RA-1
ra:technique:coding_agent_account_manager/rm-invariant-assertions/38f55584	coding_agent_account_manager	21f8ceafce35fc9c5cb268b208ead814961458e7	internal/shallow/shallow.go	412	ad3a27693f0e7310	CURRENT	1	412-412	CURRENT	TM-RA-1
ra:technique:coding_agent_session_search/advisory-trust-scoring/6d4367bd	coding_agent_session_search	fb2700d90cb90a064b0355a9a1903126ad60f413	src/search/trust_scoring.rs	20	342350f47d479827	CURRENT	1	20-20	CURRENT	TM-RA-1
ra:technique:coding_agent_session_search/advisory-trust-scoring/6d4367bd	coding_agent_session_search	fb2700d90cb90a064b0355a9a1903126ad60f413	src/search/trust_scoring.rs	23	c9f0bb6d7d537dd4	CURRENT	1	23-23	CURRENT	TM-RA-1
ra:technique:coding_agent_session_search/bitemporal-data/bd185173	coding_agent_session_search	fb2700d90cb90a064b0355a9a1903126ad60f413	src/doctor_chokepoint.rs	363	967a79b90db4a086	CURRENT	1	363-363	CURRENT	TM-RA-1
ra:technique:coding_agent_session_search/bitemporal-data/bd185173	coding_agent_session_search	fb2700d90cb90a064b0355a9a1903126ad60f413	src/daemon/mod.rs	277	81ea49724551949f	CURRENT	1	277-277	CURRENT	TM-RA-1
ra:technique:coding_agent_session_search/bitemporal-data/bd185173	coding_agent_session_search	fb2700d90cb90a064b0355a9a1903126ad60f413	src/indexer/refresh_ledger.rs	1	e3bf80e631ce1f82	CURRENT	1	1-1	CURRENT	TM-RA-1
ra:technique:coding_agent_session_search/cache-replacement/cfe360cf	coding_agent_session_search	fb2700d90cb90a064b0355a9a1903126ad60f413	src/indexer/memoization.rs	18	221265552fce25b0	CURRENT	1	18-18	CURRENT	TM-RA-1
ra:technique:coding_agent_session_search/cache-replacement/cfe360cf	coding_agent_session_search	fb2700d90cb90a064b0355a9a1903126ad60f413	src/indexer/memoization.rs	173	1f3f1cf764ca3d0b	CURRENT	1	173-173	CURRENT	TM-RA-1
ra:technique:coding_agent_session_search/cryptographic-primitives/76468d16	coding_agent_session_search	fb2700d90cb90a064b0355a9a1903126ad60f413	src/pages/encrypt.rs	4	19a18384cb9de8d6	CURRENT	1	4-4	CURRENT	TM-RA-1
ra:technique:coding_agent_session_search/cryptographic-primitives/76468d16	coding_agent_session_search	fb2700d90cb90a064b0355a9a1903126ad60f413	src/pages/encrypt.rs	42	dc33db71d3e576c9	CURRENT	1	42-42	CURRENT	TM-RA-1
ra:technique:coding_agent_session_search/cryptographic-primitives/76468d16	coding_agent_session_search	fb2700d90cb90a064b0355a9a1903126ad60f413	src/pages/encrypt.rs	46	1b16efe4b5fcbd42	CURRENT	1	46-46	CURRENT	TM-RA-1
ra:technique:coding_agent_session_search/cryptographic-primitives/76468d16	coding_agent_session_search	fb2700d90cb90a064b0355a9a1903126ad60f413	src/search/incident_redaction.rs	23	4bba7981389f77ea	CURRENT	1	23-23	CURRENT	TM-RA-1
ra:technique:coding_agent_session_search/diff-algorithms/60877eaa	coding_agent_session_search	fb2700d90cb90a064b0355a9a1903126ad60f413	src/lib.rs	6360	b6740997f0923de7	CURRENT	1	6360-6360	CURRENT	TM-RA-1
ra:technique:coding_agent_session_search/file-locking-leases/d3f8712c	coding_agent_session_search	fb2700d90cb90a064b0355a9a1903126ad60f413	src/search/liveness_fixtures.rs	72	b87a61104d56a9cd	CURRENT	1	72-72	CURRENT	TM-RA-1
ra:technique:coding_agent_session_search/file-locking-leases/d3f8712c	coding_agent_session_search	fb2700d90cb90a064b0355a9a1903126ad60f413	src/search/progress_contract.rs	185	6dae9a1184cadd30	CURRENT	1	185-185	CURRENT	TM-RA-1
ra:technique:coding_agent_session_search/filesystem-semantics/a5cacc9a	coding_agent_session_search	fb2700d90cb90a064b0355a9a1903126ad60f413	src/doctor_chokepoint.rs	3	5ffce8c04b6a24ee	CURRENT	1	3-3	CURRENT	TM-RA-1
ra:technique:coding_agent_session_search/filesystem-semantics/a5cacc9a	coding_agent_session_search	fb2700d90cb90a064b0355a9a1903126ad60f413	src/doctor_chokepoint.rs	29	532c5928699f4495	CURRENT	1	29-29	CURRENT	TM-RA-1
ra:technique:coding_agent_session_search/filesystem-semantics/a5cacc9a	coding_agent_session_search	fb2700d90cb90a064b0355a9a1903126ad60f413	src/doctor_chokepoint.rs	24	6d92614847a6720b	CURRENT	1	24-24	CURRENT	TM-RA-1
ra:technique:coding_agent_session_search/filesystem-semantics/a5cacc9a	coding_agent_session_search	fb2700d90cb90a064b0355a9a1903126ad60f413	src/doctor_runs.rs	9	5c9b171362eadd27	CURRENT	1	9-9	CURRENT	TM-RA-1
ra:technique:coding_agent_session_search/hashing-functions/10cbb3db	coding_agent_session_search	fb2700d90cb90a064b0355a9a1903126ad60f413	src/search/query.rs	2090	61a446c225e7e443	CURRENT	1	2090-2090	CURRENT	TM-RA-1
ra:technique:coding_agent_session_search/hashing-functions/10cbb3db	coding_agent_session_search	fb2700d90cb90a064b0355a9a1903126ad60f413	src/search/query.rs	2094	c2e5953f31e82d12	CURRENT	1	2094-2094	CURRENT	TM-RA-1
ra:technique:coding_agent_session_search/hashing-functions/10cbb3db	coding_agent_session_search	fb2700d90cb90a064b0355a9a1903126ad60f413	src/search/hash_embedder.rs	15	d0401946b3f6a360	CURRENT	1	15-15	CURRENT	TM-RA-1
ra:technique:coding_agent_session_search/information-retrieval-ranking/e7553715	coding_agent_session_search	fb2700d90cb90a064b0355a9a1903126ad60f413	src/search/query.rs	2035	44117fa053154dbe	CURRENT	1	2035-2035	CURRENT	TM-RA-1
ra:technique:coding_agent_session_search/information-retrieval-ranking/e7553715	coding_agent_session_search	fb2700d90cb90a064b0355a9a1903126ad60f413	src/search/query.rs	2046	597bb7d87c1f745b	CURRENT	1	2046-2046	CURRENT	TM-RA-1
ra:technique:coding_agent_session_search/information-retrieval-ranking/e7553715	coding_agent_session_search	fb2700d90cb90a064b0355a9a1903126ad60f413	src/search/query.rs	7672	1a9c8a940ebda8f8	CURRENT	1	7672-7672	CURRENT	TM-RA-1
ra:technique:coding_agent_session_search/information-retrieval-ranking/e7553715	coding_agent_session_search	fb2700d90cb90a064b0355a9a1903126ad60f413	src/search/hash_embedder.rs	23	16f6c05847d82448	CURRENT	1	23-23	CURRENT	TM-RA-1
ra:technique:coding_agent_session_search/information-retrieval-ranking/8efa37a0	coding_agent_session_search	fb2700d90cb90a064b0355a9a1903126ad60f413	src/bakeoff.rs	222	4e8a2695204d6831	CURRENT	1	222-222	CURRENT	TM-RA-1
ra:technique:coding_agent_session_search/information-retrieval-ranking/8efa37a0	coding_agent_session_search	fb2700d90cb90a064b0355a9a1903126ad60f413	src/bakeoff.rs	268	1f8a507e9b64623d	CURRENT	1	268-268	CURRENT	TM-RA-1
ra:technique:coding_agent_session_search/information-retrieval-ranking/8efa37a0	coding_agent_session_search	fb2700d90cb90a064b0355a9a1903126ad60f413	src/bakeoff.rs	20	e5c14c05ecc9136a	CURRENT	1	20-20	CURRENT	TM-RA-1
ra:technique:coding_agent_session_search/maximal-marginal-relevance/2a7c1e4d	coding_agent_session_search	fb2700d90cb90a064b0355a9a1903126ad60f413	src/search/pack_planner.rs	1083	d0ebf8d6fcfb3f6f	CURRENT	1	1083-1083	CURRENT	TM-RA-1
ra:technique:coding_agent_session_search/maximal-marginal-relevance/2a7c1e4d	coding_agent_session_search	fb2700d90cb90a064b0355a9a1903126ad60f413	src/search/pack_planner.rs	1090	17c089c82f08553a	CURRENT	1	1090-1090	CURRENT	TM-RA-1
ra:technique:coding_agent_session_search/maximal-marginal-relevance/2a7c1e4d	coding_agent_session_search	fb2700d90cb90a064b0355a9a1903126ad60f413	src/search/pack_planner.rs	1256	4bc77d626401de69	CURRENT	1	1256-1256	CURRENT	TM-RA-1
ra:technique:coding_agent_session_search/metric-integrity-taxonomy/af0e3e24	coding_agent_session_search	fb2700d90cb90a064b0355a9a1903126ad60f413	src/metric_integrity.rs	1	adf6689c4d4d3606	CURRENT	1	1-1	CURRENT	TM-RA-1
ra:technique:coding_agent_session_search/metric-integrity-taxonomy/af0e3e24	coding_agent_session_search	fb2700d90cb90a064b0355a9a1903126ad60f413	src/metric_integrity.rs	13	2ed0b3aea5287dbe	CURRENT	1	13-13	CURRENT	TM-RA-1
ra:technique:coding_agent_session_search/metric-integrity-taxonomy/af0e3e24	coding_agent_session_search	fb2700d90cb90a064b0355a9a1903126ad60f413	src/metric_integrity.rs	21	999fe94818dad206	CURRENT	1	21-21	CURRENT	TM-RA-1
ra:technique:coding_agent_session_search/mvcc/bf6aeb6d	coding_agent_session_search	fb2700d90cb90a064b0355a9a1903126ad60f413	src/search/contention_diagnostics.rs	176	88bda3854f0b9a83	CURRENT	1	176-176	CURRENT	TM-RA-1
ra:technique:coding_agent_session_search/mvcc/bf6aeb6d	coding_agent_session_search	fb2700d90cb90a064b0355a9a1903126ad60f413	src/search/contention_diagnostics.rs	16	4954c6738109611f	CURRENT	1	16-16	CURRENT	TM-RA-1
ra:technique:coding_agent_session_search/provenance-keyed-deduplication/032314f0	coding_agent_session_search	fb2700d90cb90a064b0355a9a1903126ad60f413	src/search/query.rs	3798	b5618d48f161d00d	CURRENT	1	3798-3798	CURRENT	TM-RA-1
ra:technique:coding_agent_session_search/provenance-keyed-deduplication/032314f0	coding_agent_session_search	fb2700d90cb90a064b0355a9a1903126ad60f413	src/search/query.rs	3812	b3b9800469c694b5	CURRENT	1	3812-3812	CURRENT	TM-RA-1
ra:technique:coding_agent_session_search/rendering-compositing/774e628f	coding_agent_session_search	fb2700d90cb90a064b0355a9a1903126ad60f413	src/html_export/styles.rs	85	ac2544dc72daef57	CURRENT	1	85-85	CURRENT	TM-RA-1
ra:technique:coding_agent_session_search/rendering-compositing/774e628f	coding_agent_session_search	fb2700d90cb90a064b0355a9a1903126ad60f413	src/ui/data.rs	915	2d71b5f39ed384d4	CURRENT	1	915-915	CURRENT	TM-RA-1
ra:technique:coding_agent_session_search/rm-benchmark-regression/30afc74a	coding_agent_session_search	fb2700d90cb90a064b0355a9a1903126ad60f413	src/bakeoff.rs	15	20b78b91c7cb90d7	CURRENT	1	15-15	CURRENT	TM-RA-1
ra:technique:coding_agent_session_search/rm-benchmark-regression/30afc74a	coding_agent_session_search	fb2700d90cb90a064b0355a9a1903126ad60f413	src/bakeoff.rs	744	26ac2811009fb116	CURRENT	1	744-744	CURRENT	TM-RA-1
ra:technique:coding_agent_session_search/rm-coverage-mutation/eb3f5915	coding_agent_session_search	fb2700d90cb90a064b0355a9a1903126ad60f413	src/subsystem_coverage_matrix.rs	754	d5daee2b623a31e2	CURRENT	1	754-754	CURRENT	TM-RA-1
ra:technique:coding_agent_session_search/rm-deterministic-hashing-ordering/c7336c4b	coding_agent_session_search	fb2700d90cb90a064b0355a9a1903126ad60f413	src/search/canonicalize.rs	41	c9f870eef369292d	CURRENT	1	41-41	CURRENT	TM-RA-1
ra:technique:coding_agent_session_search/rm-deterministic-hashing-ordering/c7336c4b	coding_agent_session_search	fb2700d90cb90a064b0355a9a1903126ad60f413	src/connectors/omp.rs	299	4b786a004d279cde	CURRENT	1	299-299	CURRENT	TM-RA-1
ra:technique:coding_agent_session_search/rm-error-taxonomy/aa07cc55	coding_agent_session_search	fb2700d90cb90a064b0355a9a1903126ad60f413	src/analytics/validate.rs	231	66e744e954488892	CURRENT	1	231-231	CURRENT	TM-RA-1
ra:technique:coding_agent_session_search/rm-error-taxonomy/aa07cc55	coding_agent_session_search	fb2700d90cb90a064b0355a9a1903126ad60f413	src/indexer/quarantine_retry.rs	33	3775d78d49019882	CURRENT	1	33-33	CURRENT	TM-RA-1
ra:technique:coding_agent_session_search/rm-evidence-receipts/fdcad048	coding_agent_session_search	fb2700d90cb90a064b0355a9a1903126ad60f413	src/proof_artifact.rs	7	e983349f552fb60f	CURRENT	1	7-7	CURRENT	TM-RA-1
ra:technique:coding_agent_session_search/rm-evidence-receipts/fdcad048	coding_agent_session_search	fb2700d90cb90a064b0355a9a1903126ad60f413	src/proof_artifact.rs	10	148e45d7fbdd7afa	CURRENT	1	10-10	CURRENT	TM-RA-1
ra:technique:coding_agent_session_search/rm-evidence-receipts/fdcad048	coding_agent_session_search	fb2700d90cb90a064b0355a9a1903126ad60f413	src/proof_artifact.rs	13	8e5e419f0272de23	CURRENT	1	13-13	CURRENT	TM-RA-1
ra:technique:coding_agent_session_search/rm-evidence-receipts/8b965c1b	coding_agent_session_search	fb2700d90cb90a064b0355a9a1903126ad60f413	src/evidence_bundle.rs	4	ceb0265e16058a1a	CURRENT	1	4-4	CURRENT	TM-RA-1
ra:technique:coding_agent_session_search/rm-evidence-receipts/8b965c1b	coding_agent_session_search	fb2700d90cb90a064b0355a9a1903126ad60f413	src/doctor_robot_docs.rs	67	83594cb56a3956d3	CURRENT	1	67-67	CURRENT	TM-RA-1
ra:technique:coding_agent_session_search/rm-evidence-receipts/8b965c1b	coding_agent_session_search	fb2700d90cb90a064b0355a9a1903126ad60f413	src/connector_ingest_diagnostics.rs	45	c6f0570b84b8c51b	CURRENT	1	45-45	CURRENT	TM-RA-1
ra:technique:coding_agent_session_search/rm-fuzzing/6cc6dbf7	coding_agent_session_search	fb2700d90cb90a064b0355a9a1903126ad60f413	fuzz/fuzz_targets/chunked.rs	1	1aaaa3734fbdcc8a	CURRENT	1	1-1	CURRENT	TM-RA-1
ra:technique:coding_agent_session_search/rm-fuzzing/6cc6dbf7	coding_agent_session_search	fb2700d90cb90a064b0355a9a1903126ad60f413	fuzz/fuzz_targets/fuzz_robot_envelope_roundtrip.rs	8	cae17b151d59e353	CURRENT	1	8-8	CURRENT	TM-RA-1
ra:technique:coding_agent_session_search/rm-snapshot-golden/5ad5c398	coding_agent_session_search	fb2700d90cb90a064b0355a9a1903126ad60f413	src/ftui_harness.rs	15	4825817fa73f670e	CURRENT	1	15-15	CURRENT	TM-RA-1
ra:technique:coding_agent_session_search/rm-snapshot-golden/5ad5c398	coding_agent_session_search	fb2700d90cb90a064b0355a9a1903126ad60f413	src/doctor_chokepoint.rs	1407	82e1f1816ba00b0e	CURRENT	1	1407-1407	CURRENT	TM-RA-1
ra:technique:coding_agent_session_search/rm-spec-first/e75bbd73	coding_agent_session_search	fb2700d90cb90a064b0355a9a1903126ad60f413	build.rs	441	d0dba97f3fa0d20c	CURRENT	1	441-441	CURRENT	TM-RA-1
ra:technique:coding_agent_session_search/rm-spec-first/e75bbd73	coding_agent_session_search	fb2700d90cb90a064b0355a9a1903126ad60f413	build.rs	454	b2cb001cc2086c00	CURRENT	1	454-454	CURRENT	TM-RA-1
ra:technique:coding_agent_session_search/rm-spec-first/e75bbd73	coding_agent_session_search	fb2700d90cb90a064b0355a9a1903126ad60f413	build.rs	496	96712281dabd740f	CURRENT	1	496-496	CURRENT	TM-RA-1
ra:technique:coding_agent_session_search/rm-unsafe-discipline/1682fa7c	coding_agent_session_search	fb2700d90cb90a064b0355a9a1903126ad60f413	src/daemon/resource.rs	29	b5ff5ae3e62825f7	CURRENT	1	29-29	CURRENT	TM-RA-1
ra:technique:coding_agent_session_search/rm-unsafe-discipline/1682fa7c	coding_agent_session_search	fb2700d90cb90a064b0355a9a1903126ad60f413	audit.toml	14	fad4fa6ad4bf7143	CURRENT	1	14-14	CURRENT	TM-RA-1
ra:technique:coding_agent_session_search/signal-handling-process-semantics/7845e3db	coding_agent_session_search	fb2700d90cb90a064b0355a9a1903126ad60f413	src/daemon/client.rs	312	19070a627e2c0c1a	CURRENT	1	312-312	CURRENT	TM-RA-1
ra:technique:coding_agent_session_search/signal-handling-process-semantics/7845e3db	coding_agent_session_search	fb2700d90cb90a064b0355a9a1903126ad60f413	src/e2e_runner.rs	804	648a87ff35e8c445	CURRENT	1	804-804	CURRENT	TM-RA-1
ra:technique:coding_agent_session_search/transformer-architecture/ed160719	coding_agent_session_search	fb2700d90cb90a064b0355a9a1903126ad60f413	src/search/fastembed_embedder.rs	14	207f776a2bcbea35	CURRENT	1	14-14	CURRENT	TM-RA-1
ra:technique:coding_agent_session_search/transformer-architecture/ed160719	coding_agent_session_search	fb2700d90cb90a064b0355a9a1903126ad60f413	src/search/fastembed_embedder.rs	22	c77862b5f354718f	CURRENT	1	22-22	CURRENT	TM-RA-1
ra:technique:coding_agent_session_search/vector-search-ann/a3a679d4	coding_agent_session_search	fb2700d90cb90a064b0355a9a1903126ad60f413	src/search/ann_index.rs	3	17c6439249dda669	CURRENT	1	3-3	CURRENT	TM-RA-1
ra:technique:coding_agent_session_search/vector-search-ann/a3a679d4	coding_agent_session_search	fb2700d90cb90a064b0355a9a1903126ad60f413	src/search/vector_index.rs	3	10990637281897a8	CURRENT	1	3-3	CURRENT	TM-RA-1
ra:technique:coding_agent_session_search/vector-search-ann/a3a679d4	coding_agent_session_search	fb2700d90cb90a064b0355a9a1903126ad60f413	src/search/tantivy.rs	25	87a9601ca017f59d	CURRENT	1	25-25	CURRENT	TM-RA-1
ra:technique:coding_agent_usage_tracker/ewma/3b8c392b	coding_agent_usage_tracker	4e7904ad80b51d6364fcb375a8cf39bec4e59ab2	src/core/prediction.rs	34	485c16446f54b6ea	CURRENT	1	34-34	CURRENT	TM-RA-1
ra:technique:coding_agent_usage_tracker/ewma/3b8c392b	coding_agent_usage_tracker	4e7904ad80b51d6364fcb375a8cf39bec4e59ab2	src/core/prediction.rs	60	fe542f259c01cee0	CURRENT	1	60-60	CURRENT	TM-RA-1
ra:technique:coding_agent_usage_tracker/regression-regularization/4728642b	coding_agent_usage_tracker	4e7904ad80b51d6364fcb375a8cf39bec4e59ab2	src/core/prediction.rs	121	40af8c3d1ed3a94e	CURRENT	1	121-121	CURRENT	TM-RA-1
ra:technique:coding_agent_usage_tracker/regression-regularization/4728642b	coding_agent_usage_tracker	4e7904ad80b51d6364fcb375a8cf39bec4e59ab2	src/core/prediction.rs	125	0df55abc878d1fae	CURRENT	1	125-125	CURRENT	TM-RA-1
ra:technique:coding_agent_usage_tracker/regression-regularization/4728642b	coding_agent_usage_tracker	4e7904ad80b51d6364fcb375a8cf39bec4e59ab2	src/core/prediction.rs	126	8c3c9b468a7c6b5a	CURRENT	1	126-126	CURRENT	TM-RA-1
ra:technique:cross_agent_session_resumer/cryptographic-primitives/2ccc675e	cross_agent_session_resumer	779896f970a6b72e3d8bc1d2fd615fb39781ab5c	src/providers/gemini.rs	40	362544acde435df8	CURRENT	1	40-40	CURRENT	TM-RA-1
ra:technique:cross_agent_session_resumer/cryptographic-primitives/2ccc675e	cross_agent_session_resumer	779896f970a6b72e3d8bc1d2fd615fb39781ab5c	src/providers/gemini.rs	43	73e1fe9d329b6fd7	CURRENT	1	43-43	CURRENT	TM-RA-1
ra:technique:cross_agent_session_resumer/cryptographic-primitives/2ccc675e	cross_agent_session_resumer	779896f970a6b72e3d8bc1d2fd615fb39781ab5c	src/providers/grok.rs	839	8bb262d6d6683824	CURRENT	1	839-839	CURRENT	TM-RA-1
ra:technique:destructive_command_guard/bayes-theorem/913f4468	destructive_command_guard	d0ae702fe15f882ec219fd2e0d4d107adeaaf6a0	src/confidence.rs	148	d788c4213aa9e158	CURRENT	1	148-148	CURRENT	TM-RA-1
ra:technique:destructive_command_guard/bayes-theorem/913f4468	destructive_command_guard	d0ae702fe15f882ec219fd2e0d4d107adeaaf6a0	src/confidence.rs	167	6814caad2e9ebd10	CURRENT	1	167-167	CURRENT	TM-RA-1
ra:technique:destructive_command_guard/bayes-theorem/913f4468	destructive_command_guard	d0ae702fe15f882ec219fd2e0d4d107adeaaf6a0	src/confidence.rs	77	bd32a81042733414	CURRENT	1	77-77	CURRENT	TM-RA-1
ra:technique:destructive_command_guard/cryptographic-primitives/ad0d879c	destructive_command_guard	d0ae702fe15f882ec219fd2e0d4d107adeaaf6a0	src/config.rs	1705	0a03269554c47070	CURRENT	1	1705-1705	CURRENT	TM-RA-1
ra:technique:destructive_command_guard/cryptographic-primitives/ad0d879c	destructive_command_guard	d0ae702fe15f882ec219fd2e0d4d107adeaaf6a0	src/config.rs	1706	4f5723cd990cfa58	CURRENT	1	1706-1706	CURRENT	TM-RA-1
ra:technique:destructive_command_guard/minhash-lsh/d8855abc	destructive_command_guard	d0ae702fe15f882ec219fd2e0d4d107adeaaf6a0	src/suggest.rs	1706	71c7bb26c79e7d1e	CURRENT	1	1706-1706	CURRENT	TM-RA-1
ra:technique:destructive_command_guard/minhash-lsh/d8855abc	destructive_command_guard	d0ae702fe15f882ec219fd2e0d4d107adeaaf6a0	src/suggest.rs	1718	10e3ae2b391bd6ba	CURRENT	1	1718-1718	CURRENT	TM-RA-1
ra:technique:destructive_command_guard/parsing-theory/53e9bad5	destructive_command_guard	d0ae702fe15f882ec219fd2e0d4d107adeaaf6a0	src/ast_matcher.rs	13	b111ba126f877844	CURRENT	1	13-13	CURRENT	TM-RA-1
ra:technique:destructive_command_guard/parsing-theory/53e9bad5	destructive_command_guard	d0ae702fe15f882ec219fd2e0d4d107adeaaf6a0	src/hook.rs	1350	8db84a891b2b90da	CURRENT	1	1350-1350	CURRENT	TM-RA-1
ra:technique:destructive_command_guard/regex-engines/5691a256	destructive_command_guard	d0ae702fe15f882ec219fd2e0d4d107adeaaf6a0	src/packs/regex_engine.rs	1	30115146ed7049cb	CURRENT	1	1-1	CURRENT	TM-RA-1
ra:technique:destructive_command_guard/regex-engines/5691a256	destructive_command_guard	d0ae702fe15f882ec219fd2e0d4d107adeaaf6a0	src/packs/regex_engine.rs	24	c57b1eb2d68e6ccd	CURRENT	1	24-24	CURRENT	TM-RA-1
ra:technique:destructive_command_guard/regex-engines/5691a256	destructive_command_guard	d0ae702fe15f882ec219fd2e0d4d107adeaaf6a0	src/packs/regex_engine.rs	25	abe55742c287abe0	CURRENT	1	25-25	CURRENT	TM-RA-1
ra:technique:destructive_command_guard/regex-engines/5691a256	destructive_command_guard	d0ae702fe15f882ec219fd2e0d4d107adeaaf6a0	src/packs/regex_engine.rs	82	d9cc88f53a8c3974	CURRENT	1	82-82	CURRENT	TM-RA-1
ra:technique:destructive_command_guard/rm-benchmark-regression/8871d41b	destructive_command_guard	d0ae702fe15f882ec219fd2e0d4d107adeaaf6a0	src/perf.rs	20	47eb73bd6d5c7521	CURRENT	1	20-20	CURRENT	TM-RA-1
ra:technique:destructive_command_guard/rm-benchmark-regression/8871d41b	destructive_command_guard	d0ae702fe15f882ec219fd2e0d4d107adeaaf6a0	src/perf.rs	39	08cea383ecb19824	CURRENT	1	39-39	CURRENT	TM-RA-1
ra:technique:destructive_command_guard/rm-checked-arithmetic/c331db19	destructive_command_guard	d0ae702fe15f882ec219fd2e0d4d107adeaaf6a0	src/confidence.rs	259	c42a2311910543c6	CURRENT	1	259-259	CURRENT	TM-RA-1
ra:technique:destructive_command_guard/rm-error-taxonomy/b97c94a1	destructive_command_guard	d0ae702fe15f882ec219fd2e0d4d107adeaaf6a0	src/evaluator.rs	404	f8a382ae6b217fe9	CURRENT	1	404-404	CURRENT	TM-RA-1
ra:technique:destructive_command_guard/rm-error-taxonomy/b97c94a1	destructive_command_guard	d0ae702fe15f882ec219fd2e0d4d107adeaaf6a0	src/evaluator.rs	29901	eb32a426fe5bea14	CURRENT	1	29901-29901	CURRENT	TM-RA-1
ra:technique:destructive_command_guard/rm-error-taxonomy/b97c94a1	destructive_command_guard	d0ae702fe15f882ec219fd2e0d4d107adeaaf6a0	src/perf.rs	30	4884501f66fe7550	CURRENT	1	30-30	CURRENT	TM-RA-1
ra:technique:destructive_command_guard/rm-fuzzing/ae4f13d6	destructive_command_guard	d0ae702fe15f882ec219fd2e0d4d107adeaaf6a0	fuzz/fuzz_targets/fuzz_evaluate.rs	8	7119db5e21d50fef	CURRENT	1	8-8	CURRENT	TM-RA-1
ra:technique:destructive_command_guard/rm-lint-discipline/25322649	destructive_command_guard	d0ae702fe15f882ec219fd2e0d4d107adeaaf6a0	Cargo.toml	195	75676fea2be5308e	CURRENT	1	195-195	CURRENT	TM-RA-1
ra:technique:destructive_command_guard/rm-property-testing/50f2a04c	destructive_command_guard	d0ae702fe15f882ec219fd2e0d4d107adeaaf6a0	src/heredoc.rs	6995	0172d2423c132ed0	CURRENT	1	6995-6995	CURRENT	TM-RA-1
ra:technique:destructive_command_guard/rm-property-testing/50f2a04c	destructive_command_guard	d0ae702fe15f882ec219fd2e0d4d107adeaaf6a0	src/heredoc.rs	7022	250907c9e00a85f2	CURRENT	1	7022-7022	CURRENT	TM-RA-1
ra:technique:destructive_command_guard/rm-property-testing/50f2a04c	destructive_command_guard	d0ae702fe15f882ec219fd2e0d4d107adeaaf6a0	src/packs/careful_company_running_windows/transfer.rs	2785	ecc63a1c7c195ae5	CURRENT	1	2785-2785	CURRENT	TM-RA-1
ra:technique:destructive_command_guard/rm-snapshot-golden/46502c98	destructive_command_guard	d0ae702fe15f882ec219fd2e0d4d107adeaaf6a0	tests/golden_isomorphism.rs	9	cd2e3aeba1448006	CURRENT	1	9-9	CURRENT	TM-RA-1
ra:technique:destructive_command_guard/rm-snapshot-golden/46502c98	destructive_command_guard	d0ae702fe15f882ec219fd2e0d4d107adeaaf6a0	tests/corpus/canonical.toml	40	2b540fa81a773037	CURRENT	1	40-40	CURRENT	TM-RA-1
ra:technique:destructive_command_guard/rm-unsafe-discipline/151c8acd	destructive_command_guard	d0ae702fe15f882ec219fd2e0d4d107adeaaf6a0	src/lib.rs	2	ba1b37a57b0eb785	CURRENT	1	2-2	CURRENT	TM-RA-1
ra:technique:destructive_command_guard/rm-unsafe-discipline/151c8acd	destructive_command_guard	d0ae702fe15f882ec219fd2e0d4d107adeaaf6a0	Cargo.toml	58	fa6d92d2a006c3cc	CURRENT	1	58-58	CURRENT	TM-RA-1
ra:technique:destructive_command_guard/string-search-automata/865b9c81	destructive_command_guard	d0ae702fe15f882ec219fd2e0d4d107adeaaf6a0	src/packs/mod.rs	598	c9d41393ef4ef8b4	CURRENT	1	598-598	CURRENT	TM-RA-1
ra:technique:destructive_command_guard/string-search-automata/865b9c81	destructive_command_guard	d0ae702fe15f882ec219fd2e0d4d107adeaaf6a0	src/packs/mod.rs	1124	d3e8c6932faf65ac	CURRENT	1	1124-1124	CURRENT	TM-RA-1
ra:technique:destructive_command_guard/string-search-automata/865b9c81	destructive_command_guard	d0ae702fe15f882ec219fd2e0d4d107adeaaf6a0	tests/fast_path_verification.rs	56	d9f4ccc21240ce24	CURRENT	1	56-56	CURRENT	TM-RA-1
ra:technique:destructive_command_guard/wal-aries/5a1e0a32	destructive_command_guard	d0ae702fe15f882ec219fd2e0d4d107adeaaf6a0	src/history/schema.rs	1318	dc544a042dc8a9f3	CURRENT	1	1318-1318	CURRENT	TM-RA-1
ra:technique:destructive_command_guard/wal-aries/5a1e0a32	destructive_command_guard	d0ae702fe15f882ec219fd2e0d4d107adeaaf6a0	src/history/schema.rs	1325	2140ea9d7bf752ef	CURRENT	1	1325-1325	CURRENT	TM-RA-1
ra:technique:doodlestein_self_releaser/read-after-write-verification/6af3c218	doodlestein_self_releaser	a8e4591b03be1377e86940baa84d9cb2f80a1105	src/github.sh	345	b3c02bc25ce41985	CURRENT	1	345-345	CURRENT	TM-RA-1
ra:technique:doodlestein_self_releaser/read-after-write-verification/6af3c218	doodlestein_self_releaser	a8e4591b03be1377e86940baa84d9cb2f80a1105	src/github.sh	419	ea508ce90ff87c29	CURRENT	1	419-419	CURRENT	TM-RA-1
ra:technique:dwarf_fortress_mcp/cryptographic-primitives/5419b3cb	dwarf_fortress_mcp	be6fd573ad5a17c4079061dee1057668aab35c8e	crates/dfmcp-core/src/digest.rs	82	85798b928cc03a98	CURRENT	1	82-82	CURRENT	TM-RA-1
ra:technique:dwarf_fortress_mcp/cryptographic-primitives/5419b3cb	dwarf_fortress_mcp	be6fd573ad5a17c4079061dee1057668aab35c8e	crates/dfmcp-core/src/digest.rs	84	2a12c6be403ddd98	CURRENT	1	84-84	CURRENT	TM-RA-1
ra:technique:dwarf_fortress_mcp/cryptographic-primitives/5419b3cb	dwarf_fortress_mcp	be6fd573ad5a17c4079061dee1057668aab35c8e	crates/dfmcp-core/src/digest.rs	186	af5dcb09c5e25eba	CURRENT	1	186-186	CURRENT	TM-RA-1
ra:technique:dwarf_fortress_mcp/diff-algorithms/561d11d6	dwarf_fortress_mcp	be6fd573ad5a17c4079061dee1057668aab35c8e	crates/dfmcp-world/src/rebase.rs	309	7c5a203753e35045	CURRENT	1	309-309	CURRENT	TM-RA-1
ra:technique:dwarf_fortress_mcp/diff-algorithms/561d11d6	dwarf_fortress_mcp	be6fd573ad5a17c4079061dee1057668aab35c8e	crates/dfmcp-world/src/rebase.rs	464	6f5a414343acb541	CURRENT	1	464-464	CURRENT	TM-RA-1
ra:technique:dwarf_fortress_mcp/diff-algorithms/561d11d6	dwarf_fortress_mcp	be6fd573ad5a17c4079061dee1057668aab35c8e	crates/dfmcp-world/src/rebase.rs	469	381a4e39f2991d4a	CURRENT	1	469-469	CURRENT	TM-RA-1
ra:technique:dwarf_fortress_mcp/graph-algorithms-core/e5c7feb3	dwarf_fortress_mcp	be6fd573ad5a17c4079061dee1057668aab35c8e	crates/dfmcp-world/src/topology.rs	121	9b8ee27e0cac7b17	CURRENT	1	121-121	CURRENT	TM-RA-1
ra:technique:dwarf_fortress_mcp/graph-algorithms-core/e5c7feb3	dwarf_fortress_mcp	be6fd573ad5a17c4079061dee1057668aab35c8e	crates/dfmcp-world/src/topology.rs	141	1bd7c79d880ff688	CURRENT	1	141-141	CURRENT	TM-RA-1
ra:technique:dwarf_fortress_mcp/graph-algorithms-core/e5c7feb3	dwarf_fortress_mcp	be6fd573ad5a17c4079061dee1057668aab35c8e	crates/dfmcp-world/src/topology.rs	161	c5474d88cb27ecc5	CURRENT	1	161-161	CURRENT	TM-RA-1
ra:technique:dwarf_fortress_mcp/merkle-tree/e324998a	dwarf_fortress_mcp	be6fd573ad5a17c4079061dee1057668aab35c8e	crates/dfmcp-world/src/merkle.rs	3	6ca817bfe20e9b08	CURRENT	1	3-3	CURRENT	TM-RA-1
ra:technique:dwarf_fortress_mcp/merkle-tree/e324998a	dwarf_fortress_mcp	be6fd573ad5a17c4079061dee1057668aab35c8e	crates/dfmcp-world/src/merkle.rs	33	20a95f2a5c8bbda3	CURRENT	1	33-33	CURRENT	TM-RA-1
ra:technique:dwarf_fortress_mcp/merkle-tree/e324998a	dwarf_fortress_mcp	be6fd573ad5a17c4079061dee1057668aab35c8e	crates/dfmcp-world/src/merkle.rs	148	0e4d2f76bb0af769	CURRENT	1	148-148	CURRENT	TM-RA-1
ra:technique:dwarf_fortress_mcp/merkle-tree/e324998a	dwarf_fortress_mcp	be6fd573ad5a17c4079061dee1057668aab35c8e	crates/dfmcp-world/src/merkle.rs	164	602f72df4b1e6507	CURRENT	1	164-164	CURRENT	TM-RA-1
ra:technique:dwarf_fortress_mcp/two-phase-commit-sagas/4e1ae959	dwarf_fortress_mcp	be6fd573ad5a17c4079061dee1057668aab35c8e	crates/dfmcp-adapter/src/dispatcher.rs	49	6379926f0cfdbd42	CURRENT	1	49-49	CURRENT	TM-RA-1
ra:technique:dwarf_fortress_mcp/two-phase-commit-sagas/4e1ae959	dwarf_fortress_mcp	be6fd573ad5a17c4079061dee1057668aab35c8e	crates/dfmcp-adapter/src/dispatcher.rs	184	a7adcbaef7e4a4d0	CURRENT	1	184-184	CURRENT	TM-RA-1
ra:technique:dwarf_fortress_mcp/two-phase-commit-sagas/4e1ae959	dwarf_fortress_mcp	be6fd573ad5a17c4079061dee1057668aab35c8e	crates/dfmcp-adapter/src/dispatcher.rs	303	c9462d284b6b2c33	CURRENT	1	303-303	CURRENT	TM-RA-1
ra:technique:ees/cache-replacement/4d06b7fd	ees	1de665c750d629629c996be00d0850633afe07ee	search-worker.js	16	0e00e7b9e66b7c29	CURRENT	1	16-16	CURRENT	TM-RA-1
ra:technique:ees/cache-replacement/4d06b7fd	ees	1de665c750d629629c996be00d0850633afe07ee	search-worker.js	284	20f57b1244eabf64	CURRENT	1	284-284	CURRENT	TM-RA-1
ra:technique:ees/cache-replacement/4d06b7fd	ees	1de665c750d629629c996be00d0850633afe07ee	search-worker.js	272	353f504080f8fa32	CURRENT	1	272-272	CURRENT	TM-RA-1
ra:technique:ees/compression-algorithms/b5b2b453	ees	1de665c750d629629c996be00d0850633afe07ee	build_epstein_index.py	506	307aafbe5a71a0ff	CURRENT	1	506-506	CURRENT	TM-RA-1
ra:technique:ees/compression-algorithms/b5b2b453	ees	1de665c750d629629c996be00d0850633afe07ee	search-worker.js	309	b022c66fb89e741f	CURRENT	1	309-309	CURRENT	TM-RA-1
ra:technique:ees/reservoir-sampling/b77d47ba	ees	1de665c750d629629c996be00d0850633afe07ee	build_epstein_index.py	538	8c0111181a2f8dc3	CURRENT	1	538-538	CURRENT	TM-RA-1
ra:technique:ees/reservoir-sampling/b77d47ba	ees	1de665c750d629629c996be00d0850633afe07ee	build_epstein_index.py	542	0411fe405a969ffa	CURRENT	1	542-542	CURRENT	TM-RA-1
ra:technique:ees/reservoir-sampling/b77d47ba	ees	1de665c750d629629c996be00d0850633afe07ee	build_epstein_index.py	544	24da8069df1e75e5	CURRENT	1	544-544	CURRENT	TM-RA-1
ra:technique:eidetic_engine_cli/beta-bernoulli/548a8972	eidetic_engine_cli	a8f64a6f07b4b45e00bd953318d92ca1c94774b1	src/core/bayes.rs	46	86b77fde7cf556ce	CURRENT	1	46-46	CURRENT	TM-RA-1
ra:technique:eidetic_engine_cli/beta-bernoulli/548a8972	eidetic_engine_cli	a8f64a6f07b4b45e00bd953318d92ca1c94774b1	src/core/bayes.rs	647	4a0902ca74cf1186	CURRENT	1	647-647	CURRENT	TM-RA-1
ra:technique:eidetic_engine_cli/beta-bernoulli/548a8972	eidetic_engine_cli	a8f64a6f07b4b45e00bd953318d92ca1c94774b1	src/core/bayes.rs	694	9cbc62a0ef3ba9c8	CURRENT	1	694-694	CURRENT	TM-RA-1
ra:technique:eidetic_engine_cli/beta-bernoulli/548a8972	eidetic_engine_cli	a8f64a6f07b4b45e00bd953318d92ca1c94774b1	src/core/bayes.rs	23	223e6c7f6c521e15	CURRENT	1	23-23	CURRENT	TM-RA-1
ra:technique:eidetic_engine_cli/cache-replacement/e363d28b	eidetic_engine_cli	a8f64a6f07b4b45e00bd953318d92ca1c94774b1	src/cache/mod.rs	199	a805a5b952f1b1f5	CURRENT	1	199-199	CURRENT	TM-RA-1
ra:technique:eidetic_engine_cli/cache-replacement/e363d28b	eidetic_engine_cli	a8f64a6f07b4b45e00bd953318d92ca1c94774b1	src/core/cass_prefetch.rs	79	a8db806b55f40837	CURRENT	1	79-79	CURRENT	TM-RA-1
ra:technique:eidetic_engine_cli/causal-inference/c1d91e19	eidetic_engine_cli	a8f64a6f07b4b45e00bd953318d92ca1c94774b1	src/core/causal.rs	427	096856cef4bf23de	CURRENT	1	427-427	CURRENT	TM-RA-1
ra:technique:eidetic_engine_cli/centrality-measures/0217fcd3	eidetic_engine_cli	a8f64a6f07b4b45e00bd953318d92ca1c94774b1	src/graph/ppr.rs	25	ed0ea86031211e50	CURRENT	1	25-25	CURRENT	TM-RA-1
ra:technique:eidetic_engine_cli/centrality-measures/0217fcd3	eidetic_engine_cli	a8f64a6f07b4b45e00bd953318d92ca1c94774b1	src/graph/hits.rs	7	79898563b781a2bf	CURRENT	1	7-7	CURRENT	TM-RA-1
ra:technique:eidetic_engine_cli/community-detection/346a022f	eidetic_engine_cli	a8f64a6f07b4b45e00bd953318d92ca1c94774b1	src/core/contradiction_detect.rs	11	19669afd3420446c	CURRENT	1	11-11	CURRENT	TM-RA-1
ra:technique:eidetic_engine_cli/community-detection/346a022f	eidetic_engine_cli	a8f64a6f07b4b45e00bd953318d92ca1c94774b1	src/core/contradiction_detect.rs	21	2402356fb98ea799	CURRENT	1	21-21	CURRENT	TM-RA-1
ra:technique:eidetic_engine_cli/community-detection/03295418	eidetic_engine_cli	a8f64a6f07b4b45e00bd953318d92ca1c94774b1	src/graph/decay.rs	10	d775d88fe6827e28	CURRENT	1	10-10	CURRENT	TM-RA-1
ra:technique:eidetic_engine_cli/community-detection/03295418	eidetic_engine_cli	a8f64a6f07b4b45e00bd953318d92ca1c94774b1	src/graph/decay.rs	11	1e970078c4e00036	CURRENT	1	11-11	CURRENT	TM-RA-1
ra:technique:eidetic_engine_cli/community-detection/03295418	eidetic_engine_cli	a8f64a6f07b4b45e00bd953318d92ca1c94774b1	src/graph/decay.rs	112	2f1904ce7d257d1a	CURRENT	1	112-112	CURRENT	TM-RA-1
ra:technique:eidetic_engine_cli/complexity-witness/7f7e550d	eidetic_engine_cli	a8f64a6f07b4b45e00bd953318d92ca1c94774b1	src/graph/ppr.rs	37	2a9a2635ecca515d	CURRENT	1	37-37	CURRENT	TM-RA-1
ra:technique:eidetic_engine_cli/complexity-witness/7f7e550d	eidetic_engine_cli	a8f64a6f07b4b45e00bd953318d92ca1c94774b1	src/graph/mod.rs	131	791f2381cc2ffb9d	CURRENT	1	131-131	CURRENT	TM-RA-1
ra:technique:eidetic_engine_cli/complexity-witness/7f7e550d	eidetic_engine_cli	a8f64a6f07b4b45e00bd953318d92ca1c94774b1	src/graph/mod.rs	84	693cf2bb14a81e47	CURRENT	1	84-84	CURRENT	TM-RA-1
ra:technique:eidetic_engine_cli/conformal-prediction/bcccc9a4	eidetic_engine_cli	a8f64a6f07b4b45e00bd953318d92ca1c94774b1	src/core/conformal.rs	182	0c4cc09548c03d97	CURRENT	1	182-182	CURRENT	TM-RA-1
ra:technique:eidetic_engine_cli/conformal-prediction/bcccc9a4	eidetic_engine_cli	a8f64a6f07b4b45e00bd953318d92ca1c94774b1	src/core/conformal.rs	18	571cf41f6305c220	CURRENT	1	18-18	CURRENT	TM-RA-1
ra:technique:eidetic_engine_cli/conformal-prediction/bcccc9a4	eidetic_engine_cli	a8f64a6f07b4b45e00bd953318d92ca1c94774b1	src/core/conformal.rs	79	e4be06073183459e	CURRENT	1	79-79	CURRENT	TM-RA-1
ra:technique:eidetic_engine_cli/cryptographic-primitives/318e5ac1	eidetic_engine_cli	a8f64a6f07b4b45e00bd953318d92ca1c94774b1	src/core/certificate.rs	12	a239193b628e39b9	CURRENT	1	12-12	CURRENT	TM-RA-1
ra:technique:eidetic_engine_cli/cryptographic-primitives/318e5ac1	eidetic_engine_cli	a8f64a6f07b4b45e00bd953318d92ca1c94774b1	src/core/certificate.rs	38	87d8f9af7323da51	CURRENT	1	38-38	CURRENT	TM-RA-1
ra:technique:eidetic_engine_cli/cryptographic-primitives/318e5ac1	eidetic_engine_cli	a8f64a6f07b4b45e00bd953318d92ca1c94774b1	src/search/simhash.rs	35	4f3c5f19a4f997c5	CURRENT	1	35-35	CURRENT	TM-RA-1
ra:technique:eidetic_engine_cli/deterministic-float-reduction/38eb1c90	eidetic_engine_cli	a8f64a6f07b4b45e00bd953318d92ca1c94774b1	src/core/cass_prefetch.rs	68	2d1afcf28a47d63c	CURRENT	1	68-68	CURRENT	TM-RA-1
ra:technique:eidetic_engine_cli/deterministic-float-reduction/38eb1c90	eidetic_engine_cli	a8f64a6f07b4b45e00bd953318d92ca1c94774b1	src/core/cass_prefetch.rs	978	1e3966a38696a320	CURRENT	1	978-978	CURRENT	TM-RA-1
ra:technique:eidetic_engine_cli/deterministic-float-reduction/38eb1c90	eidetic_engine_cli	a8f64a6f07b4b45e00bd953318d92ca1c94774b1	src/core/cass_prefetch.rs	1016	042c51665f826e27	CURRENT	1	1016-1016	CURRENT	TM-RA-1
ra:technique:eidetic_engine_cli/deterministic-float-reduction/8b56cee3	eidetic_engine_cli	a8f64a6f07b4b45e00bd953318d92ca1c94774b1	src/search/bm25_simd.rs	1	7fa82548942ff413	CURRENT	1	1-1	CURRENT	TM-RA-1
ra:technique:eidetic_engine_cli/deterministic-float-reduction/8b56cee3	eidetic_engine_cli	a8f64a6f07b4b45e00bd953318d92ca1c94774b1	src/search/bm25_simd.rs	7	e76bc8290372cd48	CURRENT	1	7-7	CURRENT	TM-RA-1
ra:technique:eidetic_engine_cli/flows-cuts-matching/8f2bf7b3	eidetic_engine_cli	a8f64a6f07b4b45e00bd953318d92ca1c94774b1	src/graph/gomory_hu.rs	218	3ae9ef5aebb2854d	CURRENT	1	218-218	CURRENT	TM-RA-1
ra:technique:eidetic_engine_cli/flows-cuts-matching/8f2bf7b3	eidetic_engine_cli	a8f64a6f07b4b45e00bd953318d92ca1c94774b1	src/graph/gomory_hu.rs	17	5d503a5fe776e7c4	CURRENT	1	17-17	CURRENT	TM-RA-1
ra:technique:eidetic_engine_cli/hebbian-plasticity/39dd5e68	eidetic_engine_cli	a8f64a6f07b4b45e00bd953318d92ca1c94774b1	src/curate/mod.rs	216	a73d4f2ad752aea0	CURRENT	1	216-216	CURRENT	TM-RA-1
ra:technique:eidetic_engine_cli/hebbian-plasticity/39dd5e68	eidetic_engine_cli	a8f64a6f07b4b45e00bd953318d92ca1c94774b1	src/core/retrieval_affinity.rs	269	f5536bcc2159ac27	CURRENT	1	269-269	CURRENT	TM-RA-1
ra:technique:eidetic_engine_cli/information-retrieval-ranking/f798c4fb	eidetic_engine_cli	a8f64a6f07b4b45e00bd953318d92ca1c94774b1	src/core/search.rs	690	9ef8b11012dcc0fe	CURRENT	1	690-690	CURRENT	TM-RA-1
ra:technique:eidetic_engine_cli/information-retrieval-ranking/f798c4fb	eidetic_engine_cli	a8f64a6f07b4b45e00bd953318d92ca1c94774b1	src/core/search.rs	687	935e4a0bdb82f373	CURRENT	1	687-687	CURRENT	TM-RA-1
ra:technique:eidetic_engine_cli/merkle-tree/661065c6	eidetic_engine_cli	a8f64a6f07b4b45e00bd953318d92ca1c94774b1	src/db/mod.rs	26760	c5f75fd9b90b9143	CURRENT	1	26760-26760	CURRENT	TM-RA-1
ra:technique:eidetic_engine_cli/merkle-tree/661065c6	eidetic_engine_cli	a8f64a6f07b4b45e00bd953318d92ca1c94774b1	src/db/mod.rs	4634	b783f1cb0f9e739d	CURRENT	1	4634-4634	CURRENT	TM-RA-1
ra:technique:eidetic_engine_cli/merkle-tree/661065c6	eidetic_engine_cli	a8f64a6f07b4b45e00bd953318d92ca1c94774b1	src/db/mod.rs	3741	c3b9a6f4d9b4096b	CURRENT	1	3741-3741	CURRENT	TM-RA-1
ra:technique:eidetic_engine_cli/minhash-lsh/adb1a8fb	eidetic_engine_cli	a8f64a6f07b4b45e00bd953318d92ca1c94774b1	src/search/simhash.rs	41	7062c6a2e8d4ea9f	CURRENT	1	41-41	CURRENT	TM-RA-1
ra:technique:eidetic_engine_cli/minhash-lsh/adb1a8fb	eidetic_engine_cli	a8f64a6f07b4b45e00bd953318d92ca1c94774b1	src/search/simhash.rs	44	778b72798733c9c9	CURRENT	1	44-44	CURRENT	TM-RA-1
ra:technique:eidetic_engine_cli/minhash-lsh/adb1a8fb	eidetic_engine_cli	a8f64a6f07b4b45e00bd953318d92ca1c94774b1	src/search/simhash.rs	19	46b2f0b71043d24d	CURRENT	1	19-19	CURRENT	TM-RA-1
ra:technique:eidetic_engine_cli/read-fence-staleness-contract/e22a1fa9	eidetic_engine_cli	a8f64a6f07b4b45e00bd953318d92ca1c94774b1	src/core/read_fence.rs	21	b35040e4a4d8277f	CURRENT	1	21-21	CURRENT	TM-RA-1
ra:technique:eidetic_engine_cli/read-fence-staleness-contract/e22a1fa9	eidetic_engine_cli	a8f64a6f07b4b45e00bd953318d92ca1c94774b1	src/core/degraded_honesty.rs	15	f923dc1014236f7c	CURRENT	1	15-15	CURRENT	TM-RA-1
ra:technique:eidetic_engine_cli/read-fence-staleness-contract/e22a1fa9	eidetic_engine_cli	a8f64a6f07b4b45e00bd953318d92ca1c94774b1	src/core/degraded_honesty.rs	8	b536bdd755b8017b	CURRENT	1	8-8	CURRENT	TM-RA-1
ra:technique:eidetic_engine_cli/rm-deterministic-hashing-ordering/b56df25f	eidetic_engine_cli	a8f64a6f07b4b45e00bd953318d92ca1c94774b1	crates/determinism/src/lib.rs	13	27e3603b05c49079	CURRENT	1	13-13	CURRENT	TM-RA-1
ra:technique:eidetic_engine_cli/rm-deterministic-hashing-ordering/b56df25f	eidetic_engine_cli	a8f64a6f07b4b45e00bd953318d92ca1c94774b1	crates/determinism/src/lib.rs	32	957e203c791f2571	CURRENT	1	32-32	CURRENT	TM-RA-1
ra:technique:eidetic_engine_cli/rm-deterministic-hashing-ordering/b56df25f	eidetic_engine_cli	a8f64a6f07b4b45e00bd953318d92ca1c94774b1	crates/determinism/src/lib.rs	95	7c1489b945ea980f	CURRENT	1	95-95	CURRENT	TM-RA-1
ra:technique:eidetic_engine_cli/rm-deterministic-hashing-ordering/9b59c274	eidetic_engine_cli	a8f64a6f07b4b45e00bd953318d92ca1c94774b1	src/core/context.rs	7786	d829626973538edb	CURRENT	1	7786-7786	CURRENT	TM-RA-1
ra:technique:eidetic_engine_cli/rm-deterministic-hashing-ordering/9b59c274	eidetic_engine_cli	a8f64a6f07b4b45e00bd953318d92ca1c94774b1	src/core/context.rs	7847	a73ac4940bc1cb93	CURRENT	1	7847-7847	CURRENT	TM-RA-1
ra:technique:eidetic_engine_cli/rm-property-testing/1b7c77bc	eidetic_engine_cli	a8f64a6f07b4b45e00bd953318d92ca1c94774b1	src/core/audit_lane.rs	601	d5b56029f44d379a	CURRENT	1	601-601	CURRENT	TM-RA-1
ra:technique:eidetic_engine_cli/rm-unsafe-discipline/26940a6e	eidetic_engine_cli	a8f64a6f07b4b45e00bd953318d92ca1c94774b1	src/lib.rs	1	d4e6f22e1e076733	CURRENT	1	1-1	CURRENT	TM-RA-1
ra:technique:eidetic_engine_cli/rm-unsafe-discipline/26940a6e	eidetic_engine_cli	a8f64a6f07b4b45e00bd953318d92ca1c94774b1	src/core/store_integrity.rs	1	d4e6f22e1e076733	CURRENT	1	1-1	CURRENT	TM-RA-1
ra:technique:eidetic_engine_cli/tla-plus-refinement/e85b3243	eidetic_engine_cli	a8f64a6f07b4b45e00bd953318d92ca1c94774b1	proofs/tla/agent_mail_coordination.tla	45	cf0a930a7311d050	CURRENT	1	45-45	CURRENT	TM-RA-1
ra:technique:eidetic_engine_cli/tla-plus-refinement/e85b3243	eidetic_engine_cli	a8f64a6f07b4b45e00bd953318d92ca1c94774b1	proofs/tla/agent_mail_coordination.tla	25	0c21202e2bd41b8e	CURRENT	1	25-25	CURRENT	TM-RA-1
ra:technique:eidetic_engine_cli/two-phase-commit-sagas/f40b2f72	eidetic_engine_cli	a8f64a6f07b4b45e00bd953318d92ca1c94774b1	src/core/effect.rs	31	459bd17d84781af4	CURRENT	1	31-31	CURRENT	TM-RA-1
ra:technique:eidetic_engine_cli/type-theory-proof-kernel/02c772d2	eidetic_engine_cli	a8f64a6f07b4b45e00bd953318d92ca1c94774b1	proofs/lean4/pack_determinism.lean	13	70fa845571885f21	CURRENT	1	13-13	CURRENT	TM-RA-1
ra:technique:eidetic_engine_cli/type-theory-proof-kernel/02c772d2	eidetic_engine_cli	a8f64a6f07b4b45e00bd953318d92ca1c94774b1	proofs/lean4/pack_determinism.lean	23	36b4df30253afb1e	CURRENT	1	23-23	CURRENT	TM-RA-1
ra:technique:fast_cmaes/augmented-lagrangian/a288f433	fast_cmaes	3bf11b7601b54a08ffabb55821289ecb235a504d	src/lib.rs	1787	0529e8b0c127f057	CURRENT	1	1787-1787	CURRENT	TM-RA-1
ra:technique:fast_cmaes/augmented-lagrangian/a288f433	fast_cmaes	3bf11b7601b54a08ffabb55821289ecb235a504d	src/lib.rs	1320	e75d582640c3f1eb	CURRENT	1	1320-1320	CURRENT	TM-RA-1
ra:technique:fast_cmaes/cma-es/5a8b7a45	fast_cmaes	3bf11b7601b54a08ffabb55821289ecb235a504d	src/lib.rs	133	c0164a20cdf95d98	CURRENT	1	133-133	CURRENT	TM-RA-1
ra:technique:fast_cmaes/cma-es/5a8b7a45	fast_cmaes	3bf11b7601b54a08ffabb55821289ecb235a504d	src/lib.rs	136	86ab0eb83ac80ed3	CURRENT	1	136-136	CURRENT	TM-RA-1
ra:technique:fast_cmaes/cma-es/5a8b7a45	fast_cmaes	3bf11b7601b54a08ffabb55821289ecb235a504d	src/lib.rs	141	3ecd6b13ab065249	CURRENT	1	141-141	CURRENT	TM-RA-1
ra:technique:fast_cmaes/cma-es/298df394	fast_cmaes	3bf11b7601b54a08ffabb55821289ecb235a504d	src/lib.rs	718	a48dc8b68b36be99	CURRENT	1	718-718	CURRENT	TM-RA-1
ra:technique:fast_cmaes/cma-es/298df394	fast_cmaes	3bf11b7601b54a08ffabb55821289ecb235a504d	src/lib.rs	733	ba60662c6054dbd3	CURRENT	1	733-733	CURRENT	TM-RA-1
ra:technique:fast_cmaes/cma-es/298df394	fast_cmaes	3bf11b7601b54a08ffabb55821289ecb235a504d	src/lib.rs	721	465fb59f70e84bd1	CURRENT	1	721-721	CURRENT	TM-RA-1
ra:technique:fast_cmaes/cma-es/0a0218ea	fast_cmaes	3bf11b7601b54a08ffabb55821289ecb235a504d	src/lib.rs	695	b622758538aea32b	CURRENT	1	695-695	CURRENT	TM-RA-1
ra:technique:fast_cmaes/cma-es/0a0218ea	fast_cmaes	3bf11b7601b54a08ffabb55821289ecb235a504d	src/lib.rs	747	4dd3a49ba7787687	CURRENT	1	747-747	CURRENT	TM-RA-1
ra:technique:fast_cmaes/cma-es/0a0218ea	fast_cmaes	3bf11b7601b54a08ffabb55821289ecb235a504d	src/lib.rs	703	e8b2c2b69580ed9a	CURRENT	1	703-703	CURRENT	TM-RA-1
ra:technique:fast_cmaes/cma-es/25c2855d	fast_cmaes	3bf11b7601b54a08ffabb55821289ecb235a504d	src/lib.rs	1388	25fe3ef8320e4715	CURRENT	1	1388-1388	CURRENT	TM-RA-1
ra:technique:fast_cmaes/cma-es/25c2855d	fast_cmaes	3bf11b7601b54a08ffabb55821289ecb235a504d	src/lib.rs	1710	78b3ded3127aa4c2	CURRENT	1	1710-1710	CURRENT	TM-RA-1
ra:technique:fast_cmaes/cma-es/5a38650a	fast_cmaes	3bf11b7601b54a08ffabb55821289ecb235a504d	src/lib.rs	357	87c66e62003423a6	CURRENT	1	357-357	CURRENT	TM-RA-1
ra:technique:fast_cmaes/cma-es/5a38650a	fast_cmaes	3bf11b7601b54a08ffabb55821289ecb235a504d	tests/stability.rs	32	07752376e6d9f137	CURRENT	1	32-32	CURRENT	TM-RA-1
ra:technique:fast_cmaes/cma-es/b2d1bc8e	fast_cmaes	3bf11b7601b54a08ffabb55821289ecb235a504d	src/lib.rs	750	ecf823bc0470374c	CURRENT	1	750-750	CURRENT	TM-RA-1
ra:technique:fast_cmaes/cma-es/b2d1bc8e	fast_cmaes	3bf11b7601b54a08ffabb55821289ecb235a504d	src/lib.rs	762	6a002ebd979b841a	CURRENT	1	762-762	CURRENT	TM-RA-1
ra:technique:fast_cmaes/condition-number/16aba381	fast_cmaes	3bf11b7601b54a08ffabb55821289ecb235a504d	src/lib.rs	791	e28cfd6d40cda6dd	CURRENT	1	791-791	CURRENT	TM-RA-1
ra:technique:fast_cmaes/condition-number/16aba381	fast_cmaes	3bf11b7601b54a08ffabb55821289ecb235a504d	tests/stability.rs	35	7e817db64f9b6610	CURRENT	1	35-35	CURRENT	TM-RA-1
ra:technique:fast_cmaes/eigen-schur-hessenberg/5f857c78	fast_cmaes	3bf11b7601b54a08ffabb55821289ecb235a504d	src/lib.rs	254	b58a3d12c1aa1862	CURRENT	1	254-254	CURRENT	TM-RA-1
ra:technique:fast_cmaes/eigen-schur-hessenberg/5f857c78	fast_cmaes	3bf11b7601b54a08ffabb55821289ecb235a504d	src/lib.rs	271	be5f7f8c504badc8	CURRENT	1	271-271	CURRENT	TM-RA-1
ra:technique:fast_cmaes/eigen-schur-hessenberg/5f857c78	fast_cmaes	3bf11b7601b54a08ffabb55821289ecb235a504d	src/lib.rs	144	743863acc33618f4	CURRENT	1	144-144	CURRENT	TM-RA-1
ra:technique:fast_cmaes/isolation-forest-anomaly/c1723bfb	fast_cmaes	3bf11b7601b54a08ffabb55821289ecb235a504d	src/lib.rs	301	ff1c34bcad346b26	CURRENT	1	301-301	CURRENT	TM-RA-1
ra:technique:fast_cmaes/named-distributions/65eea87c	fast_cmaes	3bf11b7601b54a08ffabb55821289ecb235a504d	src/lib.rs	11	ab8bf305be5c401b	CURRENT	1	11-11	CURRENT	TM-RA-1
ra:technique:fast_cmaes/rm-benchmark-regression/94034f59	fast_cmaes	3bf11b7601b54a08ffabb55821289ecb235a504d	tests/stability.rs	38	16dbaddc4fb1efba	CURRENT	1	38-38	CURRENT	TM-RA-1
ra:technique:fast_cmaes/rm-error-taxonomy/83fa0a81	fast_cmaes	3bf11b7601b54a08ffabb55821289ecb235a504d	src/lib.rs	658	5db1b8ea878c7282	CURRENT	1	658-658	CURRENT	TM-RA-1
ra:technique:fast_cmaes/rm-error-taxonomy/83fa0a81	fast_cmaes	3bf11b7601b54a08ffabb55821289ecb235a504d	src/lib.rs	638	974dce6af3f8ceb1	CURRENT	1	638-638	CURRENT	TM-RA-1
ra:technique:fast_cmaes/rm-invariant-assertions/b8a12432	fast_cmaes	3bf11b7601b54a08ffabb55821289ecb235a504d	tests/benchmarks.rs	48	6e8f3932c9d26faf	CURRENT	1	48-48	CURRENT	TM-RA-1
ra:technique:fast_cmaes/rm-invariant-assertions/b8a12432	fast_cmaes	3bf11b7601b54a08ffabb55821289ecb235a504d	tests/stability.rs	37	fd7da23432c2d791	CURRENT	1	37-37	CURRENT	TM-RA-1
ra:technique:fast_cmaes/rm-model-checking-kani/bdc81485	fast_cmaes	3bf11b7601b54a08ffabb55821289ecb235a504d	.github/workflows/build-wheels.yml	156	a82d1f595d3b10bc	CURRENT	1	156-156	CURRENT	TM-RA-1
ra:technique:fast_cmaes/rm-model-checking-kani/bdc81485	fast_cmaes	3bf11b7601b54a08ffabb55821289ecb235a504d	.github/workflows/build-wheels.yml	173	d6080a2f215cbbf6	CURRENT	1	173-173	CURRENT	TM-RA-1
ra:technique:fast_cmaes/rm-unsafe-discipline/fe3e6a25	fast_cmaes	3bf11b7601b54a08ffabb55821289ecb235a504d	src/lib.rs	244	632a4d58c1727752	CURRENT	1	244-244	CURRENT	TM-RA-1
ra:technique:fast_cmaes/rm-unsafe-discipline/fe3e6a25	fast_cmaes	3bf11b7601b54a08ffabb55821289ecb235a504d	src/ffi.rs	24	8b149ddc86b79975	CURRENT	1	24-24	CURRENT	TM-RA-1
ra:technique:fast_cmaes/rng-algorithms/4ce413e2	fast_cmaes	3bf11b7601b54a08ffabb55821289ecb235a504d	src/lib.rs	598	4afd00bf395509c7	CURRENT	1	598-598	CURRENT	TM-RA-1
ra:technique:fast_cmaes/rng-algorithms/4ce413e2	fast_cmaes	3bf11b7601b54a08ffabb55821289ecb235a504d	src/ffi.rs	33	c889261377adb54d	CURRENT	1	33-33	CURRENT	TM-RA-1
ra:technique:fast_cmaes/simd-bit-tricks/9196001d	fast_cmaes	3bf11b7601b54a08ffabb55821289ecb235a504d	src/lib.rs	23	0d84671a9758d21b	CURRENT	1	23-23	CURRENT	TM-RA-1
ra:technique:fast_cmaes/simd-bit-tricks/9196001d	fast_cmaes	3bf11b7601b54a08ffabb55821289ecb235a504d	src/lib.rs	36	49ad0440fe607543	CURRENT	1	36-36	CURRENT	TM-RA-1
ra:technique:fast_cmaes/simd-bit-tricks/9196001d	fast_cmaes	3bf11b7601b54a08ffabb55821289ecb235a504d	src/lib.rs	1170	8cfcfb07bba6cb0f	CURRENT	1	1170-1170	CURRENT	TM-RA-1
ra:technique:fast_vector_similarity/bootstrap/4c33bb42	fast_vector_similarity	fbe0e7387128f927994e3345da3f34691ef7a9af	src/lib.rs	412	a84a0f02b257f955	CURRENT	1	412-412	CURRENT	TM-RA-1
ra:technique:fast_vector_similarity/bootstrap/4c33bb42	fast_vector_similarity	fbe0e7387128f927994e3345da3f34691ef7a9af	src/lib.rs	461	abb0f77e3f8bb761	CURRENT	1	461-461	CURRENT	TM-RA-1
ra:technique:fast_vector_similarity/distance-correlation/f33e641c	fast_vector_similarity	fbe0e7387128f927994e3345da3f34691ef7a9af	src/lib.rs	211	17c91822d95cdcbe	CURRENT	1	211-211	CURRENT	TM-RA-1
ra:technique:fast_vector_similarity/distance-correlation/f33e641c	fast_vector_similarity	fbe0e7387128f927994e3345da3f34691ef7a9af	src/lib.rs	246	6ae09ae298987e77	CURRENT	1	246-246	CURRENT	TM-RA-1
ra:technique:fast_vector_similarity/distance-correlation/f33e641c	fast_vector_similarity	fbe0e7387128f927994e3345da3f34691ef7a9af	src/lib.rs	242	50c2aad58a513483	CURRENT	1	242-242	CURRENT	TM-RA-1
ra:technique:fast_vector_similarity/hoeffding-d/7b103b0f	fast_vector_similarity	fbe0e7387128f927994e3345da3f34691ef7a9af	src/lib.rs	253	a0927a81e56acecb	CURRENT	1	253-253	CURRENT	TM-RA-1
ra:technique:fast_vector_similarity/hoeffding-d/7b103b0f	fast_vector_similarity	fbe0e7387128f927994e3345da3f34691ef7a9af	src/lib.rs	271	87b7962342f9e5a5	CURRENT	1	271-271	CURRENT	TM-RA-1
ra:technique:fast_vector_similarity/hoeffding-d/7b103b0f	fast_vector_similarity	fbe0e7387128f927994e3345da3f34691ef7a9af	src/lib.rs	292	80925ab4c5cae4d0	CURRENT	1	292-292	CURRENT	TM-RA-1
ra:technique:fast_vector_similarity/hoeffding-d/7b103b0f	fast_vector_similarity	fbe0e7387128f927994e3345da3f34691ef7a9af	src/lib.rs	293	8dc57e547b7cb9fa	CURRENT	1	293-293	CURRENT	TM-RA-1
ra:technique:fast_vector_similarity/kl-divergence/bf5f6d18	fast_vector_similarity	fbe0e7387128f927994e3345da3f34691ef7a9af	src/lib.rs	174	724d676df3e7409e	CURRENT	1	174-174	CURRENT	TM-RA-1
ra:technique:fast_vector_similarity/kl-divergence/bf5f6d18	fast_vector_similarity	fbe0e7387128f927994e3345da3f34691ef7a9af	src/lib.rs	182	d36a2cbd95cb3f33	CURRENT	1	182-182	CURRENT	TM-RA-1
ra:technique:fast_vector_similarity/kl-divergence/bf5f6d18	fast_vector_similarity	fbe0e7387128f927994e3345da3f34691ef7a9af	src/lib.rs	195	b7781377e12b2564	CURRENT	1	195-195	CURRENT	TM-RA-1
ra:technique:fast_vector_similarity/kl-divergence/f940fe0a	fast_vector_similarity	fbe0e7387128f927994e3345da3f34691ef7a9af	src/lib.rs	363	7921c471dbeecac3	CURRENT	1	363-363	CURRENT	TM-RA-1
ra:technique:fast_vector_similarity/kl-divergence/f940fe0a	fast_vector_similarity	fbe0e7387128f927994e3345da3f34691ef7a9af	src/lib.rs	366	c776e12ac19b3242	CURRENT	1	366-366	CURRENT	TM-RA-1
ra:technique:fast_vector_similarity/rm-benchmark-regression/1975bbdf	fast_vector_similarity	fbe0e7387128f927994e3345da3f34691ef7a9af	benches/benchmark.rs	81	626ac63933f16f5a	CURRENT	1	81-81	CURRENT	TM-RA-1
ra:technique:fast_vector_similarity/rm-benchmark-regression/1975bbdf	fast_vector_similarity	fbe0e7387128f927994e3345da3f34691ef7a9af	benches/benchmark.rs	54	27c0758977051a43	CURRENT	1	54-54	CURRENT	TM-RA-1
ra:technique:fast_vector_similarity/rm-invariant-assertions/e84f54a7	fast_vector_similarity	fbe0e7387128f927994e3345da3f34691ef7a9af	src/lib.rs	376	95202f84be0a8941	CURRENT	1	376-376	CURRENT	TM-RA-1
ra:technique:fast_vector_similarity/rm-invariant-assertions/e84f54a7	fast_vector_similarity	fbe0e7387128f927994e3345da3f34691ef7a9af	src/lib.rs	97	3337c05c7dcc4b48	CURRENT	1	97-97	CURRENT	TM-RA-1
ra:technique:fast_vector_similarity/rng-algorithms/facc3fb5	fast_vector_similarity	fbe0e7387128f927994e3345da3f34691ef7a9af	src/lib.rs	189	89350ac627bfd2ef	CURRENT	1	189-189	CURRENT	TM-RA-1
ra:technique:fast_vector_similarity/rng-algorithms/facc3fb5	fast_vector_similarity	fbe0e7387128f927994e3345da3f34691ef7a9af	src/lib.rs	212	89350ac627bfd2ef	CURRENT	1	212-212	CURRENT	TM-RA-1
ra:technique:fast_vector_similarity/rng-algorithms/facc3fb5	fast_vector_similarity	fbe0e7387128f927994e3345da3f34691ef7a9af	benches/benchmark.rs	71	2b2b713bd1205af5	CURRENT	1	71-71	CURRENT	TM-RA-1
ra:technique:fast_vector_similarity/spearman-kendall/316c98d1	fast_vector_similarity	fbe0e7387128f927994e3345da3f34691ef7a9af	src/lib.rs	44	e16473db34f5f821	CURRENT	1	44-44	CURRENT	TM-RA-1
ra:technique:fast_vector_similarity/spearman-kendall/316c98d1	fast_vector_similarity	fbe0e7387128f927994e3345da3f34691ef7a9af	src/lib.rs	96	35ea2ba8783ae36e	CURRENT	1	96-96	CURRENT	TM-RA-1
ra:technique:fast_vector_similarity/spearman-kendall/316c98d1	fast_vector_similarity	fbe0e7387128f927994e3345da3f34691ef7a9af	src/lib.rs	120	d827f3781a9a53a6	CURRENT	1	120-120	CURRENT	TM-RA-1
ra:technique:fastapi_rust/art-radix-trie/c18446bc	fastapi_rust	a2c6515256c03193600d6ed0105544b8ac57301c	crates/fastapi-router/src/trie.rs	917	7aaf6083bd9c5851	CURRENT	1	917-917	CURRENT	TM-RA-1
ra:technique:fastapi_rust/art-radix-trie/c18446bc	fastapi_rust	a2c6515256c03193600d6ed0105544b8ac57301c	crates/fastapi-router/src/trie.rs	941	d5cceb7abec896f6	CURRENT	1	941-941	CURRENT	TM-RA-1
ra:technique:fastapi_rust/art-radix-trie/c18446bc	fastapi_rust	a2c6515256c03193600d6ed0105544b8ac57301c	crates/fastapi-router/src/trie.rs	942	00f23b62322abe29	CURRENT	1	942-942	CURRENT	TM-RA-1
ra:technique:fastapi_rust/cryptographic-primitives/010359f8	fastapi_rust	a2c6515256c03193600d6ed0105544b8ac57301c	crates/fastapi-core/src/digest.rs	1	bba1447a4918802d	CURRENT	1	1-1	CURRENT	TM-RA-1
ra:technique:fastapi_rust/cryptographic-primitives/010359f8	fastapi_rust	a2c6515256c03193600d6ed0105544b8ac57301c	crates/fastapi-core/src/digest.rs	5	e0cb90660b57cf31	RELOCATED	1	6-6	CURRENT+line_relocated	TM-RA-1
ra:technique:fastapi_rust/cryptographic-primitives/010359f8	fastapi_rust	a2c6515256c03193600d6ed0105544b8ac57301c	crates/fastapi-core/src/password.rs	353	bd2122b75aa10ebf	RELOCATED	1	354-354	CURRENT+line_relocated	TM-RA-1
ra:technique:fastapi_rust/graph-algorithms-core/c685ef3f	fastapi_rust	a2c6515256c03193600d6ed0105544b8ac57301c	crates/fastapi-core/src/context.rs	84	f72e784e3eb27350	CURRENT	1	84-84	CURRENT	TM-RA-1
ra:technique:fastapi_rust/graph-algorithms-core/c685ef3f	fastapi_rust	a2c6515256c03193600d6ed0105544b8ac57301c	crates/fastapi-core/src/dependency.rs	1274	a376b192d465109a	CURRENT	1	1274-1274	CURRENT	TM-RA-1
ra:technique:fastapi_rust/hashing-functions/77176703	fastapi_rust	a2c6515256c03193600d6ed0105544b8ac57301c	crates/fastapi-core/src/fault.rs	133	6c56362689a470a2	CURRENT	1	133-133	CURRENT	TM-RA-1
ra:technique:fastapi_rust/hashing-functions/77176703	fastapi_rust	a2c6515256c03193600d6ed0105544b8ac57301c	crates/fastapi-core/src/fault.rs	136	63946116584b24d5	CURRENT	1	136-136	CURRENT	TM-RA-1
ra:technique:fastmcp_rust/cache-replacement/95d2a23c	fastmcp_rust	f97dd0a3e9551e430f4ecff6dd202a8617a8c609	crates/fastmcp-server/src/caching.rs	692	f202dfe3b0c8981e	CURRENT	1	692-692	CURRENT	TM-RA-1
ra:technique:fastmcp_rust/cache-replacement/95d2a23c	fastmcp_rust	f97dd0a3e9551e430f4ecff6dd202a8617a8c609	crates/fastmcp-server/src/caching.rs	697	9345d7103831b869	CURRENT	1	697-697	CURRENT	TM-RA-1
ra:technique:fastmcp_rust/cache-replacement/95d2a23c	fastmcp_rust	f97dd0a3e9551e430f4ecff6dd202a8617a8c609	crates/fastmcp-server/src/caching.rs	722	67e2224dd14b3e25	RELOCATED	2	724-724,865-865	CANNOT_DETERMINE	TM-RA-1
ra:technique:fastmcp_rust/cryptographic-primitives/bedb5b74	fastmcp_rust	f97dd0a3e9551e430f4ecff6dd202a8617a8c609	crates/fastmcp-core/src/crypto.rs	6	4484c42101b0b5fb	CURRENT	1	6-6	CURRENT	TM-RA-1
ra:technique:fastmcp_rust/cryptographic-primitives/bedb5b74	fastmcp_rust	f97dd0a3e9551e430f4ecff6dd202a8617a8c609	crates/fastmcp-core/src/crypto.rs	7	d14af9496cdd2510	CURRENT	1	7-7	CURRENT	TM-RA-1
ra:technique:fastmcp_rust/cryptographic-primitives/bedb5b74	fastmcp_rust	f97dd0a3e9551e430f4ecff6dd202a8617a8c609	crates/fastmcp-core/src/crypto.rs	17	ee98234fcb8e7df7	RELOCATED	1	18-18	CURRENT+line_relocated	TM-RA-1
ra:technique:fastmcp_rust/filesystem-semantics/37717818	fastmcp_rust	f97dd0a3e9551e430f4ecff6dd202a8617a8c609	crates/fastmcp-cli/src/main.rs	8416	b4304c736755609c	RELOCATED	1	8418-8418	CURRENT+line_relocated	TM-RA-1
ra:technique:fastmcp_rust/filesystem-semantics/37717818	fastmcp_rust	f97dd0a3e9551e430f4ecff6dd202a8617a8c609	crates/fastmcp-cli/src/main.rs	8417	15368e5a4e58c5e7	RELOCATED	1	8419-8419	CURRENT+line_relocated	TM-RA-1
ra:technique:fastmcp_rust/filesystem-semantics/37717818	fastmcp_rust	f97dd0a3e9551e430f4ecff6dd202a8617a8c609	crates/fastmcp-cli/src/main.rs	8422	167eb95b5f3983b9	RELOCATED	41	8266-8266,8299-8299,8354-8354,8369-8369,8381-8381,8413-8413,8424-8424,8999-8999,9188-9188,9201-9201,9208-9208,9220-9220,9227-9227,9233-9233,9240-9240,9255-9255,9262-9262,9272-9272,9363-9363,9370-9370,9394-9394,9404-9404,9418-9418,9424-9424,9436-9436,9443-9443,9449-9449,9456-9456,9463-9463,9478-9478,9485-9485,9491-9491,9498-9498,10059-10059,10077-10077,10091-10091,10128-10128,10140-10140,10265-10265,10293-10293,10577-10577	CANNOT_DETERMINE	TM-RA-1
ra:technique:fastmcp_rust/memory-model-atomics/3f708021	fastmcp_rust	f97dd0a3e9551e430f4ecff6dd202a8617a8c609	crates/fastmcp-client/src/execution.rs	614	6bd2d05efda55ba5	CURRENT	1	614-614	CURRENT	TM-RA-1
ra:technique:fastmcp_rust/memory-model-atomics/3f708021	fastmcp_rust	f97dd0a3e9551e430f4ecff6dd202a8617a8c609	crates/fastmcp-client/src/execution.rs	617	b886b3ef3ec8b620	CURRENT	1	617-617	CURRENT	TM-RA-1
ra:technique:fastmcp_rust/memory-model-atomics/3f708021	fastmcp_rust	f97dd0a3e9551e430f4ecff6dd202a8617a8c609	crates/fastmcp-client/src/execution.rs	618	bf0d8d004960133a	CURRENT	1	618-618	CURRENT	TM-RA-1
ra:technique:fastmcp_rust/rm-evidence-receipts/a943ec00	fastmcp_rust	f97dd0a3e9551e430f4ecff6dd202a8617a8c609	evidence/fnd-01/auth-standards.toml	8	35040bf07c1aa7c4	CURRENT	1	8-8	CURRENT	TM-RA-1
ra:technique:fastmcp_rust/rm-evidence-receipts/a943ec00	fastmcp_rust	f97dd0a3e9551e430f4ecff6dd202a8617a8c609	evidence/fnd-01/auth-standards.toml	938	6cffbdcb130328b4	CURRENT	1	938-938	CURRENT	TM-RA-1
ra:technique:fastmcp_rust/rm-evidence-receipts/a943ec00	fastmcp_rust	f97dd0a3e9551e430f4ecff6dd202a8617a8c609	evidence/fnd-01/auth-standards.toml	33	fddcf78aba27928f	CURRENT	1	33-33	CURRENT	TM-RA-1
ra:technique:flywheel_connectors/bls-signatures/4e6e4431	flywheel_connectors	e8df34457085a240e682e3d70c616ce2e8bb1723	crates/fcp-crypto/src/bls/mod.rs	92	978f78f23ceb776e	CURRENT	1	92-92	CURRENT	TM-RA-1
ra:technique:flywheel_connectors/bls-signatures/4e6e4431	flywheel_connectors	e8df34457085a240e682e3d70c616ce2e8bb1723	crates/fcp-crypto/src/bls/mod.rs	31	6391cc9ba9b6af50	CURRENT	1	31-31	CURRENT	TM-RA-1
ra:technique:flywheel_connectors/bls-signatures/4e6e4431	flywheel_connectors	e8df34457085a240e682e3d70c616ce2e8bb1723	crates/fcp-crypto/src/bls/aggregate.rs	119	fb4abccbb4079616	CURRENT	1	119-119	CURRENT	TM-RA-1
ra:technique:flywheel_connectors/capability-security/f9276255	flywheel_connectors	e8df34457085a240e682e3d70c616ce2e8bb1723	crates/fcp-core/src/capability.rs	1084	86dcb4f98d1af6fb	CURRENT	1	1084-1084	CURRENT	TM-RA-1
ra:technique:flywheel_connectors/capability-security/f9276255	flywheel_connectors	e8df34457085a240e682e3d70c616ce2e8bb1723	crates/fcp-core/src/capability.rs	36	1bc4e9e5013dda0e	CURRENT	1	36-36	CURRENT	TM-RA-1
ra:technique:flywheel_connectors/conformal-prediction/cb5668f7	flywheel_connectors	e8df34457085a240e682e3d70c616ce2e8bb1723	crates/fcp-audit/src/conformal.rs	1	517ed9cfe04bf592	CURRENT	1	1-1	CURRENT	TM-RA-1
ra:technique:flywheel_connectors/conformal-prediction/cb5668f7	flywheel_connectors	e8df34457085a240e682e3d70c616ce2e8bb1723	crates/fcp-audit/src/conformal.rs	19	7c5e0b14f6a5b63e	CURRENT	1	19-19	CURRENT	TM-RA-1
ra:technique:flywheel_connectors/congestion-control-backoff/f7e0552c	flywheel_connectors	e8df34457085a240e682e3d70c616ce2e8bb1723	crates/fcp-ratelimit/src/backoff.rs	172	84c6dbcd32514cf2	CURRENT	1	172-172	CURRENT	TM-RA-1
ra:technique:flywheel_connectors/congestion-control-backoff/f7e0552c	flywheel_connectors	e8df34457085a240e682e3d70c616ce2e8bb1723	crates/fcp-ratelimit/src/backoff.rs	185	39a61bbd087520d2	CURRENT	1	185-185	CURRENT	TM-RA-1
ra:technique:flywheel_connectors/consistent-hashing/3fa43bba	flywheel_connectors	e8df34457085a240e682e3d70c616ce2e8bb1723	crates/fcp-core/src/lease.rs	566	1376610d8853571f	CURRENT	1	566-566	CURRENT	TM-RA-1
ra:technique:flywheel_connectors/consistent-hashing/3fa43bba	flywheel_connectors	e8df34457085a240e682e3d70c616ce2e8bb1723	crates/fcp-core/src/checkpoint.rs	10	fa9408e6139ceed4	CURRENT	1	10-10	CURRENT	TM-RA-1
ra:technique:flywheel_connectors/crdt/1b6dc464	flywheel_connectors	e8df34457085a240e682e3d70c616ce2e8bb1723	crates/fcp-core/src/connector_state.rs	15	3f8fd65ad74e4b76	CURRENT	1	15-15	CURRENT	TM-RA-1
ra:technique:flywheel_connectors/crdt/1b6dc464	flywheel_connectors	e8df34457085a240e682e3d70c616ce2e8bb1723	crates/fcp-core/src/connector_state.rs	59	eb759319185e6578	CURRENT	1	59-59	CURRENT	TM-RA-1
ra:technique:flywheel_connectors/cryptographic-primitives/bf6a75d6	flywheel_connectors	e8df34457085a240e682e3d70c616ce2e8bb1723	crates/fcp-crypto/src/lib.rs	34	8d63f3bf49598eeb	CURRENT	1	34-34	CURRENT	TM-RA-1
ra:technique:flywheel_connectors/cryptographic-primitives/bf6a75d6	flywheel_connectors	e8df34457085a240e682e3d70c616ce2e8bb1723	crates/fcp-crypto/src/lib.rs	98	d4e6f22e1e076733	CURRENT	1	98-98	CURRENT	TM-RA-1
ra:technique:flywheel_connectors/frost-threshold-signatures/0a59eccf	flywheel_connectors	e8df34457085a240e682e3d70c616ce2e8bb1723	crates/fcp-crypto/src/frost.rs	1	e28a6ed3edeaf800	CURRENT	1	1-1	CURRENT	TM-RA-1
ra:technique:flywheel_connectors/frost-threshold-signatures/0a59eccf	flywheel_connectors	e8df34457085a240e682e3d70c616ce2e8bb1723	.github/workflows/formal-models.yml	123	f431525ce081634b	CURRENT	1	123-123	CURRENT	TM-RA-1
ra:technique:flywheel_connectors/hybrid-pq-kem/6d4b396c	flywheel_connectors	e8df34457085a240e682e3d70c616ce2e8bb1723	crates/fcp-crypto/src/xwing.rs	1	af7c461360e93b14	CURRENT	1	1-1	CURRENT	TM-RA-1
ra:technique:flywheel_connectors/hybrid-pq-kem/6d4b396c	flywheel_connectors	e8df34457085a240e682e3d70c616ce2e8bb1723	crates/fcp-crypto/src/lib.rs	37	66cd125e7c1a6c30	CURRENT	1	37-37	CURRENT	TM-RA-1
ra:technique:flywheel_connectors/iblt-set-reconciliation/1345982f	flywheel_connectors	e8df34457085a240e682e3d70c616ce2e8bb1723	crates/fcp-mesh/src/iblt.rs	5	3d03f20ef856d09a	CURRENT	1	5-5	CURRENT	TM-RA-1
ra:technique:flywheel_connectors/iblt-set-reconciliation/1345982f	flywheel_connectors	e8df34457085a240e682e3d70c616ce2e8bb1723	crates/fcp-mesh/src/iblt.rs	25	807151f1a61dd82e	CURRENT	1	25-25	CURRENT	TM-RA-1
ra:technique:flywheel_connectors/information-flow-lattice/b526eec1	flywheel_connectors	e8df34457085a240e682e3d70c616ce2e8bb1723	lean/Fcp/Invariants/Zone.lean	8	abe8889f264477b5	CURRENT	1	8-8	CURRENT	TM-RA-1
ra:technique:flywheel_connectors/information-flow-lattice/b526eec1	flywheel_connectors	e8df34457085a240e682e3d70c616ce2e8bb1723	crates/fcp-core/src/error.rs	604	03aea4ecaa3d25b7	CURRENT	1	604-604	CURRENT	TM-RA-1
ra:technique:flywheel_connectors/lattice-trapdoor-sis/5c7ea835	flywheel_connectors	e8df34457085a240e682e3d70c616ce2e8bb1723	lean/Fcp/Invariants/LatticeDelegation.lean	115	7d980a133098485f	CURRENT	1	115-115	CURRENT	TM-RA-1
ra:technique:flywheel_connectors/lattice-trapdoor-sis/5c7ea835	flywheel_connectors	e8df34457085a240e682e3d70c616ce2e8bb1723	lean/Fcp/Invariants/LatticeDelegation.lean	120	a492872fa613111c	CURRENT	1	120-120	CURRENT	TM-RA-1
ra:technique:flywheel_connectors/merkle-tree/c145c23c	flywheel_connectors	e8df34457085a240e682e3d70c616ce2e8bb1723	crates/fcp-audit/src/lib.rs	52	6f426bbd416339a7	CURRENT	1	52-52	CURRENT	TM-RA-1
ra:technique:flywheel_connectors/merkle-tree/c145c23c	flywheel_connectors	e8df34457085a240e682e3d70c616ce2e8bb1723	crates/fcp-audit/src/lib.rs	13	16ed443cdd9faf30	CURRENT	1	13-13	CURRENT	TM-RA-1
ra:technique:flywheel_connectors/raptorq-fountain/6de357b1	flywheel_connectors	e8df34457085a240e682e3d70c616ce2e8bb1723	crates/fcp-raptorq/src/lib.rs	10	a4d7b39521f1f563	CURRENT	1	10-10	CURRENT	TM-RA-1
ra:technique:flywheel_connectors/raptorq-fountain/6de357b1	flywheel_connectors	e8df34457085a240e682e3d70c616ce2e8bb1723	crates/fcp-raptorq/src/decode.rs	874	eaaa6b2f8a371132	CURRENT	1	874-874	CURRENT	TM-RA-1
ra:technique:flywheel_connectors/reservoir-sampling/431e0dc5	flywheel_connectors	e8df34457085a240e682e3d70c616ce2e8bb1723	crates/fcp-audit/src/compaction/reservoir.rs	15	0fba66d1d0e1932d	CURRENT	1	15-15	CURRENT	TM-RA-1
ra:technique:flywheel_connectors/reservoir-sampling/431e0dc5	flywheel_connectors	e8df34457085a240e682e3d70c616ce2e8bb1723	crates/fcp-audit/src/compaction/reservoir.rs	4	0c1292d769fe6b19	CURRENT	1	4-4	CURRENT	TM-RA-1
ra:technique:flywheel_connectors/rm-deterministic-hashing-ordering/a18763be	flywheel_connectors	e8df34457085a240e682e3d70c616ce2e8bb1723	crates/fcp-cbor/src/lib.rs	5	9218ab9503f5756b	CURRENT	1	5-5	CURRENT	TM-RA-1
ra:technique:flywheel_connectors/rm-deterministic-hashing-ordering/a18763be	flywheel_connectors	e8df34457085a240e682e3d70c616ce2e8bb1723	crates/fcp-crypto/src/canonicalize.rs	29	116a4484b26efc1d	CURRENT	1	29-29	CURRENT	TM-RA-1
ra:technique:flywheel_connectors/rm-deterministic-hashing-ordering/a18763be	flywheel_connectors	e8df34457085a240e682e3d70c616ce2e8bb1723	crates/fcp-crypto/src/canonicalize.rs	11	d11acf6263228f36	CURRENT	1	11-11	CURRENT	TM-RA-1
ra:technique:flywheel_connectors/rm-differential-oracle/cf47cfe3	flywheel_connectors	e8df34457085a240e682e3d70c616ce2e8bb1723	crates/fcp-conformance/src/lib.rs	20	20a955aab9bb5905	CURRENT	1	20-20	CURRENT	TM-RA-1
ra:technique:flywheel_connectors/rm-differential-oracle/cf47cfe3	flywheel_connectors	e8df34457085a240e682e3d70c616ce2e8bb1723	crates/fcp-testkit/src/secret_taint.rs	3	a6a9298baed5a323	CURRENT	1	3-3	CURRENT	TM-RA-1
ra:technique:flywheel_connectors/rm-differential-oracle/cf47cfe3	flywheel_connectors	e8df34457085a240e682e3d70c616ce2e8bb1723	crates/fcp-testkit/src/mutation.rs	8	b62404ffd51f4f87	CURRENT	1	8-8	CURRENT	TM-RA-1
ra:technique:flywheel_connectors/sandboxing-seccomp/934aff90	flywheel_connectors	e8df34457085a240e682e3d70c616ce2e8bb1723	crates/fcp-sandbox/src/lib.rs	9	b6cef00ad45131f7	CURRENT	1	9-9	CURRENT	TM-RA-1
ra:technique:flywheel_connectors/sandboxing-seccomp/934aff90	flywheel_connectors	e8df34457085a240e682e3d70c616ce2e8bb1723	crates/fcp-sandbox/src/lib.rs	17	7bd8544d60a6eb08	CURRENT	1	17-17	CURRENT	TM-RA-1
ra:technique:flywheel_connectors/shamir-secret-sharing/b4d9fc29	flywheel_connectors	e8df34457085a240e682e3d70c616ce2e8bb1723	crates/fcp-crypto/src/shamir.rs	8	e6d8f17b82accd91	CURRENT	1	8-8	CURRENT	TM-RA-1
ra:technique:flywheel_connectors/shamir-secret-sharing/b4d9fc29	flywheel_connectors	e8df34457085a240e682e3d70c616ce2e8bb1723	crates/fcp-crypto/src/shamir.rs	325	69c92592252c41f7	CURRENT	1	325-325	CURRENT	TM-RA-1
ra:technique:flywheel_connectors/tla-plus-refinement/e45b8e18	flywheel_connectors	e8df34457085a240e682e3d70c616ce2e8bb1723	Makefile	88	1903478f292b3126	CURRENT	1	88-88	CURRENT	TM-RA-1
ra:technique:flywheel_connectors/tla-plus-refinement/e45b8e18	flywheel_connectors	e8df34457085a240e682e3d70c616ce2e8bb1723	.github/workflows/formal-models.yml	83	841d907554e2a349	CURRENT	1	83-83	CURRENT	TM-RA-1
ra:technique:flywheel_connectors/type-theory-proof-kernel/ce5cdf60	flywheel_connectors	e8df34457085a240e682e3d70c616ce2e8bb1723	lean/Fcp/Mesh/CrdtMerge.lean	31	1ad0297e7c0d36ba	CURRENT	1	31-31	CURRENT	TM-RA-1
ra:technique:flywheel_connectors/type-theory-proof-kernel/ce5cdf60	flywheel_connectors	e8df34457085a240e682e3d70c616ce2e8bb1723	lean/Fcp/Capability/Typestate.lean	18	15c66a05ac006487	CURRENT	1	18-18	CURRENT	TM-RA-1
ra:technique:flywheel_connectors/type-theory-proof-kernel/ce5cdf60	flywheel_connectors	e8df34457085a240e682e3d70c616ce2e8bb1723	lean/Fcp/Audit/HashChain.lean	29	526722fdc05822ac	CURRENT	1	29-29	CURRENT	TM-RA-1
ra:technique:flywheel_connectors/vector-clock/43f60fac	flywheel_connectors	e8df34457085a240e682e3d70c616ce2e8bb1723	crates/fcp-audit/src/hlc.rs	3	4bdedf2b85caaba0	CURRENT	1	3-3	CURRENT	TM-RA-1
ra:technique:flywheel_connectors/vector-clock/43f60fac	flywheel_connectors	e8df34457085a240e682e3d70c616ce2e8bb1723	crates/fcp-audit/src/cep.rs	102	7cbdf8c514453fea	CURRENT	1	102-102	CURRENT	TM-RA-1
ra:technique:flywheel_gateway/congestion-control-backoff/942679a7	flywheel_gateway	058628a2199d9d002a4658891d0e8c995b87d6a5	apps/gateway/src/services/circuit-breaker.service.ts	28	fd170364197556d4	CURRENT	1	28-28	CURRENT	TM-RA-1
ra:technique:flywheel_gateway/congestion-control-backoff/942679a7	flywheel_gateway	058628a2199d9d002a4658891d0e8c995b87d6a5	apps/gateway/src/services/circuit-breaker.service.ts	213	46a6107cb47431d6	CURRENT	1	213-213	CURRENT	TM-RA-1
ra:technique:flywheel_gateway/rng-algorithms/9405d721	flywheel_gateway	058628a2199d9d002a4658891d0e8c995b87d6a5	packages/test-utils/src/deterministic.ts	91	1f98e2e7d9ffecaf	CURRENT	1	91-91	CURRENT	TM-RA-1
ra:technique:flywheel_gateway/rng-algorithms/9405d721	flywheel_gateway	058628a2199d9d002a4658891d0e8c995b87d6a5	packages/test-utils/src/deterministic.ts	115	bc5dff0d241ad290	CURRENT	1	115-115	CURRENT	TM-RA-1
ra:technique:flywheel_gateway/two-phase-commit-sagas/0e3e3b3a	flywheel_gateway	058628a2199d9d002a4658891d0e8c995b87d6a5	apps/gateway/src/middleware/idempotency.ts	100	9a5e531bac4eb774	CURRENT	1	100-100	CURRENT	TM-RA-1
ra:technique:flywheel_gateway/two-phase-commit-sagas/0e3e3b3a	flywheel_gateway	058628a2199d9d002a4658891d0e8c995b87d6a5	apps/gateway/src/middleware/idempotency.ts	391	27ed6f9f0c7cae2b	CURRENT	1	391-391	CURRENT	TM-RA-1
ra:technique:franken_agent_detection/bloom-filter/483a1627	franken_agent_detection	24f2ce5cb789d4d5aa483e86413bf1bd7d7cb65f	src/connectors/workspace_cache.rs	35	81e467e3f10a8dc2	CURRENT	1	35-35	CURRENT	TM-RA-1
ra:technique:franken_agent_detection/bloom-filter/483a1627	franken_agent_detection	24f2ce5cb789d4d5aa483e86413bf1bd7d7cb65f	src/connectors/workspace_cache.rs	57	ea1c3e9dcbc9315a	CURRENT	1	57-57	CURRENT	TM-RA-1
ra:technique:franken_agent_detection/skiplist-treap-balanced-trees/ff824702	franken_agent_detection	24f2ce5cb789d4d5aa483e86413bf1bd7d7cb65f	src/connectors/path_trie.rs	39	63f5cca5d008ab94	CURRENT	1	39-39	CURRENT	TM-RA-1
ra:technique:franken_agent_detection/skiplist-treap-balanced-trees/ff824702	franken_agent_detection	24f2ce5cb789d4d5aa483e86413bf1bd7d7cb65f	src/connectors/path_trie.rs	30	a7c6354f5bac2530	CURRENT	1	30-30	CURRENT	TM-RA-1
ra:technique:franken_drone_geometry_reconstruction/lowe-ratio-test/f5530ca8	franken_drone_geometry_reconstruction	d0520335d2c9a92c9defac693fe289bc9c6ba72a	crates/fdgr-correspondence/src/matching.inc	183	165aba51329a5a28	CURRENT	1	183-183	CURRENT	TM-RA-1
ra:technique:franken_drone_geometry_reconstruction/lowe-ratio-test/f5530ca8	franken_drone_geometry_reconstruction	d0520335d2c9a92c9defac693fe289bc9c6ba72a	crates/fdgr-correspondence/src/matching.inc	187	b0beb3d7d853568a	CURRENT	1	187-187	CURRENT	TM-RA-1
ra:technique:franken_drone_geometry_reconstruction/lowe-ratio-test/f5530ca8	franken_drone_geometry_reconstruction	d0520335d2c9a92c9defac693fe289bc9c6ba72a	crates/fdgr-correspondence/src/matching.inc	165	d9038e2f402a2a29	CURRENT	1	165-165	CURRENT	TM-RA-1
ra:technique:franken_drone_geometry_reconstruction/submodular-greedy-maximization/29b85fea	franken_drone_geometry_reconstruction	d0520335d2c9a92c9defac693fe289bc9c6ba72a	crates/fdgr-keyframe/src/select.inc	1	50bfaa97c4c6d283	CURRENT	1	1-1	CURRENT	TM-RA-1
ra:technique:franken_drone_geometry_reconstruction/submodular-greedy-maximization/29b85fea	franken_drone_geometry_reconstruction	d0520335d2c9a92c9defac693fe289bc9c6ba72a	crates/fdgr-keyframe/src/select.inc	110	d99893befe751ff7	CURRENT	1	110-110	CURRENT	TM-RA-1
ra:technique:franken_drone_geometry_reconstruction/theil-sen/4a287d2f	franken_drone_geometry_reconstruction	d0520335d2c9a92c9defac693fe289bc9c6ba72a	crates/fdgr-clock/src/lib.rs	555	3f25cc0c4645d7c5	CURRENT	1	555-555	CURRENT	TM-RA-1
ra:technique:franken_drone_geometry_reconstruction/theil-sen/4a287d2f	franken_drone_geometry_reconstruction	d0520335d2c9a92c9defac693fe289bc9c6ba72a	crates/fdgr-clock/src/lib.rs	1218	3dcc0b05301dc898	CURRENT	1	1218-1218	CURRENT	TM-RA-1
ra:technique:franken_drone_geometry_reconstruction/theil-sen/4a287d2f	franken_drone_geometry_reconstruction	d0520335d2c9a92c9defac693fe289bc9c6ba72a	crates/fdgr-clock/src/lib.rs	1231	8596ad6c9effc0f5	CURRENT	1	1231-1231	CURRENT	TM-RA-1
ra:technique:franken_drone_geometry_reconstruction/theil-sen/4a287d2f	franken_drone_geometry_reconstruction	d0520335d2c9a92c9defac693fe289bc9c6ba72a	crates/fdgr-clock/src/lib.rs	1239	ff5abfe0b9494c23	CURRENT	1	1239-1239	CURRENT	TM-RA-1
ra:technique:franken_engine/aara-amortized-resource-analysis/216574ea	franken_engine	57f32eec977a63637780c7dd701e0605b5202b2e	crates/franken-engine/src/aara_resource_certificate.rs	12	aa14288df76e0e7b	CURRENT	1	12-12	CURRENT	TM-RA-1
ra:technique:franken_engine/aara-amortized-resource-analysis/216574ea	franken_engine	57f32eec977a63637780c7dd701e0605b5202b2e	crates/franken-engine/src/aara_resource_certificate.rs	22	2949702b69923e0e	CURRENT	1	22-22	CURRENT	TM-RA-1
ra:technique:franken_engine/algebraic-effects-handlers/dd715878	franken_engine	57f32eec977a63637780c7dd701e0605b5202b2e	crates/franken-engine/src/algebraic_effects_composition_proofs.rs	6	5630731e4f8d1bdc	CURRENT	1	6-6	CURRENT	TM-RA-1
ra:technique:franken_engine/algebraic-effects-handlers/dd715878	franken_engine	57f32eec977a63637780c7dd701e0605b5202b2e	crates/franken-engine/src/algebraic_effects_composition_proofs.rs	237	e4f8a340e512b43f	CURRENT	1	237-237	CURRENT	TM-RA-1
ra:technique:franken_engine/bayes-risk-loss-matrix/7f145c29	franken_engine	57f32eec977a63637780c7dd701e0605b5202b2e	crates/franken-engine/src/expected_loss_selector.rs	703	048c95ea97192522	CURRENT	1	703-703	CURRENT	TM-RA-1
ra:technique:franken_engine/bayes-risk-loss-matrix/7f145c29	franken_engine	57f32eec977a63637780c7dd701e0605b5202b2e	crates/franken-engine/src/expected_loss_selector.rs	714	a8317ab3435448ee	CURRENT	1	714-714	CURRENT	TM-RA-1
ra:technique:franken_engine/bayes-risk-loss-matrix/7f145c29	franken_engine	57f32eec977a63637780c7dd701e0605b5202b2e	crates/franken-engine/src/expected_loss_selector.rs	738	00bb681017589608	CURRENT	1	738-738	CURRENT	TM-RA-1
ra:technique:franken_engine/bayes-risk-loss-matrix/7f145c29	franken_engine	57f32eec977a63637780c7dd701e0605b5202b2e	crates/franken-engine/src/expected_loss_selector.rs	138	e85793e38ece8289	CURRENT	1	138-138	CURRENT	TM-RA-1
ra:technique:franken_engine/bayes-theorem/f68ffe99	franken_engine	57f32eec977a63637780c7dd701e0605b5202b2e	crates/franken-engine/src/bayesian_posterior.rs	90	f3292a85ffcdebc9	CURRENT	1	90-90	CURRENT	TM-RA-1
ra:technique:franken_engine/bayes-theorem/f68ffe99	franken_engine	57f32eec977a63637780c7dd701e0605b5202b2e	crates/franken-engine/src/bayesian_posterior.rs	29	5d6a2e751bda6c24	CURRENT	1	29-29	CURRENT	TM-RA-1
ra:technique:franken_engine/bayes-theorem/f68ffe99	franken_engine	57f32eec977a63637780c7dd701e0605b5202b2e	crates/franken-engine/src/bayesian_posterior.rs	32	4382a9d970170556	CURRENT	1	32-32	CURRENT	TM-RA-1
ra:technique:franken_engine/capability-security/7d70cb6e	franken_engine	57f32eec977a63637780c7dd701e0605b5202b2e	crates/franken-core/src/capability.rs	6	cf56a6b9276230e9	CURRENT	1	6-6	CURRENT	TM-RA-1
ra:technique:franken_engine/capability-security/7d70cb6e	franken_engine	57f32eec977a63637780c7dd701e0605b5202b2e	crates/franken-core/src/control_plane.rs	319	e15bc74e5bedd037	CURRENT	1	319-319	CURRENT	TM-RA-1
ra:technique:franken_engine/capability-security/7d70cb6e	franken_engine	57f32eec977a63637780c7dd701e0605b5202b2e	crates/franken-extension-host/src/process_spawn.rs	9	eab83f9637d97610	CURRENT	1	9-9	CURRENT	TM-RA-1
ra:technique:franken_engine/compression-algorithms/ec3ecece	franken_engine	57f32eec977a63637780c7dd701e0605b5202b2e	crates/franken-engine/src/entropy_evidence_compressor.rs	8	4da3cbcdcc909ad4	CURRENT	1	8-8	CURRENT	TM-RA-1
ra:technique:franken_engine/compression-algorithms/ec3ecece	franken_engine	57f32eec977a63637780c7dd701e0605b5202b2e	crates/franken-engine/src/entropy_evidence_compressor.rs	10	6dd104e11b05ef96	CURRENT	1	10-10	CURRENT	TM-RA-1
ra:technique:franken_engine/conformal-prediction/6b45825c	franken_engine	57f32eec977a63637780c7dd701e0605b5202b2e	crates/franken-engine/src/conformal_calibration.rs	17	3e6844c00c57fd91	CURRENT	1	17-17	CURRENT	TM-RA-1
ra:technique:franken_engine/conformal-prediction/6b45825c	franken_engine	57f32eec977a63637780c7dd701e0605b5202b2e	crates/franken-engine/src/conformal_calibration.rs	21	39f8ad1b48a08b3f	CURRENT	1	21-21	CURRENT	TM-RA-1
ra:technique:franken_engine/cusum/e52350c2	franken_engine	57f32eec977a63637780c7dd701e0605b5202b2e	crates/franken-engine/src/optimal_stopping.rs	20	6f73627dd52ed12f	CURRENT	1	20-20	CURRENT	TM-RA-1
ra:technique:franken_engine/cusum/e52350c2	franken_engine	57f32eec977a63637780c7dd701e0605b5202b2e	crates/franken-engine/src/execution_orchestrator.rs	125	f30f2ea9020dc210	CURRENT	1	125-125	CURRENT	TM-RA-1
ra:technique:franken_engine/cusum/e52350c2	franken_engine	57f32eec977a63637780c7dd701e0605b5202b2e	crates/franken-engine/src/execution_orchestrator.rs	4499	9a3b7ce2909a5401	CURRENT	1	4499-4499	CURRENT	TM-RA-1
ra:technique:franken_engine/delta-debugging-ddmin/b641d877	franken_engine	57f32eec977a63637780c7dd701e0605b5202b2e	crates/franken-engine/src/hierarchical_delta_debug.rs	7	d6e3efa2d33f89de	CURRENT	1	7-7	CURRENT	TM-RA-1
ra:technique:franken_engine/delta-debugging-ddmin/b641d877	franken_engine	57f32eec977a63637780c7dd701e0605b5202b2e	crates/franken-engine/src/corpus_promotion.rs	75	88e55999b604406f	CURRENT	1	75-75	CURRENT	TM-RA-1
ra:technique:franken_engine/deterministic-simulation-testing/42206900	franken_engine	57f32eec977a63637780c7dd701e0605b5202b2e	crates/franken-engine/src/deterministic_replay.rs	29	1539ff0e4379f145	CURRENT	1	29-29	CURRENT	TM-RA-1
ra:technique:franken_engine/deterministic-simulation-testing/42206900	franken_engine	57f32eec977a63637780c7dd701e0605b5202b2e	crates/franken-engine/src/containment_executor.rs	261	4c100a9e282b1baa	CURRENT	1	261-261	CURRENT	TM-RA-1
ra:technique:franken_engine/deterministic-simulation-testing/42206900	franken_engine	57f32eec977a63637780c7dd701e0605b5202b2e	crates/franken-engine/src/containment_executor.rs	279	02f76869e36e4dc7	CURRENT	1	279-279	CURRENT	TM-RA-1
ra:technique:franken_engine/deterministic-simulation-testing/42206900	franken_engine	57f32eec977a63637780c7dd701e0605b5202b2e	crates/franken-engine/src/forensic_replayer.rs	44	46846fec4f38cd1b	CURRENT	1	44-44	CURRENT	TM-RA-1
ra:technique:franken_engine/exp3/f23bd52d	franken_engine	57f32eec977a63637780c7dd701e0605b5202b2e	crates/franken-engine/src/regret_bounded_router.rs	7	d685fb8f7c58c4d1	CURRENT	1	7-7	CURRENT	TM-RA-1
ra:technique:franken_engine/exp3/f23bd52d	franken_engine	57f32eec977a63637780c7dd701e0605b5202b2e	crates/franken-engine/src/regret_bounded_router.rs	11	3d8781e3862b019f	CURRENT	1	11-11	CURRENT	TM-RA-1
ra:technique:franken_engine/exp3/f23bd52d	franken_engine	57f32eec977a63637780c7dd701e0605b5202b2e	crates/franken-engine/src/regret_bounded_router.rs	22	57dc1373c6b2f5ff	CURRENT	1	22-22	CURRENT	TM-RA-1
ra:technique:franken_engine/gittins-index/51ae2dc2	franken_engine	57f32eec977a63637780c7dd701e0605b5202b2e	crates/franken-engine/src/optimal_stopping.rs	266	aed22ca30db6726d	CURRENT	1	266-266	CURRENT	TM-RA-1
ra:technique:franken_engine/gittins-index/51ae2dc2	franken_engine	57f32eec977a63637780c7dd701e0605b5202b2e	crates/franken-engine/src/optimal_stopping.rs	271	20b030cf40e46069	CURRENT	1	271-271	CURRENT	TM-RA-1
ra:technique:franken_engine/information-flow-lattice/02214070	franken_engine	57f32eec977a63637780c7dd701e0605b5202b2e	crates/franken-engine/src/flow_lattice.rs	10	70cf9aefc74df136	CURRENT	1	10-10	CURRENT	TM-RA-1
ra:technique:franken_engine/information-flow-lattice/02214070	franken_engine	57f32eec977a63637780c7dd701e0605b5202b2e	crates/franken-engine/src/flow_lattice.rs	27	1b4ac7686709970f	CURRENT	1	27-27	CURRENT	TM-RA-1
ra:technique:franken_engine/information-flow-lattice/02214070	franken_engine	57f32eec977a63637780c7dd701e0605b5202b2e	crates/franken-engine/src/ambient_authority.rs	3	78ce20d859af9958	CURRENT	1	3-3	CURRENT	TM-RA-1
ra:technique:franken_engine/merkle-tree/ceb632e2	franken_engine	57f32eec977a63637780c7dd701e0605b5202b2e	crates/franken-engine/src/mmr_proof.rs	628	9a62b38e5eea20c1	CURRENT	1	628-628	CURRENT	TM-RA-1
ra:technique:franken_engine/merkle-tree/ceb632e2	franken_engine	57f32eec977a63637780c7dd701e0605b5202b2e	crates/franken-engine/src/mmr_proof.rs	632	f17c89ec5f448ed3	CURRENT	1	632-632	CURRENT	TM-RA-1
ra:technique:franken_engine/merkle-tree/ceb632e2	franken_engine	57f32eec977a63637780c7dd701e0605b5202b2e	crates/franken-engine/src/mmr_proof.rs	272	37fdddf161eafa80	CURRENT	1	272-272	CURRENT	TM-RA-1
ra:technique:franken_engine/merkle-tree/ceb632e2	franken_engine	57f32eec977a63637780c7dd701e0605b5202b2e	crates/franken-engine/src/claim_evidence_ledger.rs	599	8cf66513148867f1	CURRENT	1	599-599	CURRENT	TM-RA-1
ra:technique:franken_engine/rm-benchmark-regression/18882093	franken_engine	57f32eec977a63637780c7dd701e0605b5202b2e	crates/franken-engine/src/adversarial_workload_synthesis.rs	6	aec402ba9851776e	CURRENT	1	6-6	CURRENT	TM-RA-1
ra:technique:franken_engine/rm-benchmark-regression/18882093	franken_engine	57f32eec977a63637780c7dd701e0605b5202b2e	crates/franken-engine/src/adversarial_workload_synthesis.rs	22	bcd17ddb23e2bf62	CURRENT	1	22-22	CURRENT	TM-RA-1
ra:technique:franken_engine/rm-benchmark-regression/18882093	franken_engine	57f32eec977a63637780c7dd701e0605b5202b2e	crates/franken-engine/src/production_hardening_exit_gate.rs	16	d5c0acc80a833e6e	CURRENT	1	16-16	CURRENT	TM-RA-1
ra:technique:franken_engine/rm-deterministic-hashing-ordering/dc1714c4	franken_engine	57f32eec977a63637780c7dd701e0605b5202b2e	crates/franken-engine-deterministic-derive/src/lib.rs	243	6454fba659863ce8	CURRENT	1	243-243	CURRENT	TM-RA-1
ra:technique:franken_engine/rm-deterministic-hashing-ordering/dc1714c4	franken_engine	57f32eec977a63637780c7dd701e0605b5202b2e	crates/franken-engine/src/deterministic_serde.rs	31	afe6b74e59955817	CURRENT	1	31-31	CURRENT	TM-RA-1
ra:technique:franken_engine/rm-deterministic-hashing-ordering/dc1714c4	franken_engine	57f32eec977a63637780c7dd701e0605b5202b2e	crates/franken-engine/src/aara_resource_certificate.rs	39	25c7d52092a605e0	CURRENT	1	39-39	CURRENT	TM-RA-1
ra:technique:franken_engine/rm-deterministic-hashing-ordering/dc1714c4	franken_engine	57f32eec977a63637780c7dd701e0605b5202b2e	crates/franken-engine/src/causal_replay.rs	1824	9b33e7510ebf2ed2	CURRENT	1	1824-1824	CURRENT	TM-RA-1
ra:technique:franken_engine/rm-differential-oracle/4a702189	franken_engine	57f32eec977a63637780c7dd701e0605b5202b2e	crates/franken-metamorphic/src/relation.rs	24	78976b9fe224196c	CURRENT	1	24-24	CURRENT	TM-RA-1
ra:technique:franken_engine/rm-differential-oracle/4a702189	franken_engine	57f32eec977a63637780c7dd701e0605b5202b2e	crates/franken-metamorphic/src/relation.rs	27	5d41a69db08383e2	CURRENT	1	27-27	CURRENT	TM-RA-1
ra:technique:franken_engine/rm-differential-oracle/4a702189	franken_engine	57f32eec977a63637780c7dd701e0605b5202b2e	crates/franken-engine/tests/test262_es2020_profile.toml	2	67be794908294783	CURRENT	1	2-2	CURRENT	TM-RA-1
ra:technique:franken_engine/rm-evidence-receipts/4700bf45	franken_engine	57f32eec977a63637780c7dd701e0605b5202b2e	crates/franken-engine/src/claim_evidence_lattice.rs	18	9f41e6e4c5aa2019	CURRENT	1	18-18	CURRENT	TM-RA-1
ra:technique:franken_engine/rm-evidence-receipts/4700bf45	franken_engine	57f32eec977a63637780c7dd701e0605b5202b2e	crates/franken-engine/src/claim_evidence_lattice.rs	23	715eaf1cc0a11969	CURRENT	1	23-23	CURRENT	TM-RA-1
ra:technique:franken_engine/rm-evidence-receipts/4700bf45	franken_engine	57f32eec977a63637780c7dd701e0605b5202b2e	crates/franken-extension-host/src/lib.rs	30	e8a09c81ccba13c1	CURRENT	1	30-30	CURRENT	TM-RA-1
ra:technique:franken_engine/rm-evidence-receipts/4700bf45	franken_engine	57f32eec977a63637780c7dd701e0605b5202b2e	crates/franken-engine/src/evidence_ledger.rs	63	af222f65c3b4c8d5	CURRENT	1	63-63	CURRENT	TM-RA-1
ra:technique:franken_engine/rm-unsafe-discipline/9a68f966	franken_engine	57f32eec977a63637780c7dd701e0605b5202b2e	crates/franken-engine/src/lib.rs	8	d4e6f22e1e076733	CURRENT	1	8-8	CURRENT	TM-RA-1
ra:technique:franken_engine/rm-unsafe-discipline/9a68f966	franken_engine	57f32eec977a63637780c7dd701e0605b5202b2e	crates/franken-engine/src/lib.rs	6	cddf306bd26e3c4f	CURRENT	1	6-6	CURRENT	TM-RA-1
ra:technique:franken_engine/rm-unsafe-discipline/9a68f966	franken_engine	57f32eec977a63637780c7dd701e0605b5202b2e	crates/franken-core/src/lib.rs	1	d4e6f22e1e076733	CURRENT	1	1-1	CURRENT	TM-RA-1
ra:technique:franken_engine/spectral-graph-theory/565ddc57	franken_engine	57f32eec977a63637780c7dd701e0605b5202b2e	crates/franken-engine/src/spectral_fleet_convergence.rs	7	46e7124fcbf8a95e	CURRENT	1	7-7	CURRENT	TM-RA-1
ra:technique:franken_engine/spectral-graph-theory/565ddc57	franken_engine	57f32eec977a63637780c7dd701e0605b5202b2e	crates/franken-engine/src/spectral_fleet_convergence.rs	11	17d82b80eab37464	CURRENT	1	11-11	CURRENT	TM-RA-1
ra:technique:franken_engine/tropical-padic/fc6c8046	franken_engine	57f32eec977a63637780c7dd701e0605b5202b2e	crates/franken-engine/src/tropical_semiring.rs	5	a74c95a4f9af667b	CURRENT	1	5-5	CURRENT	TM-RA-1
ra:technique:franken_engine/tropical-padic/fc6c8046	franken_engine	57f32eec977a63637780c7dd701e0605b5202b2e	crates/franken-engine/src/tropical_semiring.rs	10	ddf2d8d88eaca086	CURRENT	1	10-10	CURRENT	TM-RA-1
ra:technique:franken_engine/tropical-padic/fc6c8046	franken_engine	57f32eec977a63637780c7dd701e0605b5202b2e	crates/franken-engine/src/execution_orchestrator.rs	4568	5b8c097842bb5ddb	CURRENT	1	4568-4568	CURRENT	TM-RA-1
ra:technique:franken_engine/type-theory-proof-kernel/5a184b2e	franken_engine	57f32eec977a63637780c7dd701e0605b5202b2e	proofs/lean4/ClaimEvidenceSoundness.lean	313	5d83801fdad2a57e	CURRENT	1	313-313	CURRENT	TM-RA-1
ra:technique:franken_engine/type-theory-proof-kernel/5a184b2e	franken_engine	57f32eec977a63637780c7dd701e0605b5202b2e	proofs/lean4/ClaimEvidenceSoundness.lean	264	0fa927b52bb20bc5	CURRENT	1	264-264	CURRENT	TM-RA-1
ra:technique:franken_engine/type-theory-proof-kernel/5a184b2e	franken_engine	57f32eec977a63637780c7dd701e0605b5202b2e	scripts/run_cei_soundness_lean_proof.sh	111	dbcf47ef36a3b04a	CURRENT	1	111-111	CURRENT	TM-RA-1
ra:technique:franken_engine/type-theory-proof-kernel/5a184b2e	franken_engine	57f32eec977a63637780c7dd701e0605b5202b2e	scripts/run_cei_soundness_lean_proof.sh	332	db3b79fbf94cddfc	CURRENT	1	332-332	CURRENT	TM-RA-1
ra:technique:franken_engine/ville-inequality/c6bcb7eb	franken_engine	57f32eec977a63637780c7dd701e0605b5202b2e	crates/franken-engine/src/martingale_decision_ledger.rs	15	c3726dd20afb86c1	CURRENT	1	15-15	CURRENT	TM-RA-1
ra:technique:franken_engine/ville-inequality/c6bcb7eb	franken_engine	57f32eec977a63637780c7dd701e0605b5202b2e	crates/franken-engine/src/martingale_decision_ledger.rs	7	13fff4092815b7da	CURRENT	1	7-7	CURRENT	TM-RA-1
ra:technique:franken_lean/art-radix-trie/7aa8e7d6	franken_lean	6ba4ef42310c9f3d12be0b5d2460c96716dd991c	crates/fln-env/src/pmap.rs	4	9596f846ec16e0c3	CURRENT	1	4-4	CURRENT	TM-RA-1
ra:technique:franken_lean/art-radix-trie/7aa8e7d6	franken_lean	6ba4ef42310c9f3d12be0b5d2460c96716dd991c	crates/fln-env/src/pmap.rs	17	2199c5d1e816f974	CURRENT	1	17-17	CURRENT	TM-RA-1
ra:technique:franken_lean/axiom-trust-surface-audit/8064fac9	franken_lean	6ba4ef42310c9f3d12be0b5d2460c96716dd991c	crates/fln-cli/src/lib.rs	131	67ea54b3003959b7	CURRENT	1	131-131	CURRENT	TM-RA-1
ra:technique:franken_lean/binary-gcd-stein/2106f54e	franken_lean	6ba4ef42310c9f3d12be0b5d2460c96716dd991c	crates/fln-bignum/src/nat.rs	1089	6ae1ba2cee2e93a2	CURRENT	1	1089-1089	CURRENT	TM-RA-1
ra:technique:franken_lean/closed-dependency-universe/3d0c3034	franken_lean	6ba4ef42310c9f3d12be0b5d2460c96716dd991c	crates/fln-kernel/Cargo.toml	10	6e59c574ff80c380	CURRENT	1	10-10	CURRENT	TM-RA-1
ra:technique:franken_lean/comparability-identity/6dc82fda	franken_lean	6ba4ef42310c9f3d12be0b5d2460c96716dd991c	crates/fln-kernel/src/verdict.rs	86	037bcd19c4babd59	CURRENT	1	86-86	CURRENT	TM-RA-1
ra:technique:franken_lean/compiler-ir-ssa/26e51eec	franken_lean	6ba4ef42310c9f3d12be0b5d2460c96716dd991c	crates/fln-comp/src/fir.rs	4	d69e78715e038bcd	CURRENT	1	4-4	CURRENT	TM-RA-1
ra:technique:franken_lean/cryptographic-primitives/5a243871	franken_lean	6ba4ef42310c9f3d12be0b5d2460c96716dd991c	crates/fln-hash/src/domain.rs	4	b4520250b2187d89	CURRENT	1	4-4	CURRENT	TM-RA-1
ra:technique:franken_lean/deterministic-simulation-testing/fbdd381f	franken_lean	6ba4ef42310c9f3d12be0b5d2460c96716dd991c	crates/fln-kernel/tests/thread_matrix_determinism.rs	30	9ecc1037f537d30c	CURRENT	1	30-30	CURRENT	TM-RA-1
ra:technique:franken_lean/deterministic-simulation-testing/fbdd381f	franken_lean	6ba4ef42310c9f3d12be0b5d2460c96716dd991c	crates/fln-conformance/tests/kernel_replay.rs	46	f6536fb97cd5cda9	CURRENT	1	46-46	CURRENT	TM-RA-1
ra:technique:franken_lean/eta-conversion/5744f851	franken_lean	6ba4ef42310c9f3d12be0b5d2460c96716dd991c	crates/fln-kernel/src/tc.rs	3437	c5d29ab6efd21947	CURRENT	1	3437-3437	CURRENT	TM-RA-1
ra:technique:franken_lean/filesystem-semantics/db4ac76c	franken_lean	6ba4ef42310c9f3d12be0b5d2460c96716dd991c	crates/fln-olean/src/artifact.rs	3	0363954d1c659118	CURRENT	1	3-3	CURRENT	TM-RA-1
ra:technique:franken_lean/hashing-functions/a9ca51db	franken_lean	6ba4ef42310c9f3d12be0b5d2460c96716dd991c	crates/fln-core/src/lean_hash.rs	11	063bde2f7fdf7b62	CURRENT	1	11-11	CURRENT	TM-RA-1
ra:technique:franken_lean/independent-cross-check/f7ecadab	franken_lean	6ba4ef42310c9f3d12be0b5d2460c96716dd991c	crates/fln-checker/src/lib.rs	1	11f44fbb5d8a17ab	CURRENT	1	1-1	CURRENT	TM-RA-1
ra:technique:franken_lean/karatsuba-toom-cook/545fac7c	franken_lean	6ba4ef42310c9f3d12be0b5d2460c96716dd991c	crates/fln-bignum/src/lib.rs	10	b47ed8320a7d7a65	CURRENT	1	10-10	CURRENT	TM-RA-1
ra:technique:franken_lean/karatsuba-toom-cook/545fac7c	franken_lean	6ba4ef42310c9f3d12be0b5d2460c96716dd991c	crates/fln-bignum/src/nat.rs	362	eb8f2393a6149fca	CURRENT	1	362-362	CURRENT	TM-RA-1
ra:technique:franken_lean/knuth-algorithm-d/ff29302c	franken_lean	6ba4ef42310c9f3d12be0b5d2460c96716dd991c	crates/fln-bignum/src/nat.rs	573	dd3e743d5e868ff7	CURRENT	1	573-573	CURRENT	TM-RA-1
ra:technique:franken_lean/large-elimination-criterion/1f734969	franken_lean	6ba4ef42310c9f3d12be0b5d2460c96716dd991c	crates/fln-kernel/src/admit.rs	963	347bb29e30c1470d	CURRENT	1	963-963	CURRENT	TM-RA-1
ra:technique:franken_lean/large-elimination-criterion/1f734969	franken_lean	6ba4ef42310c9f3d12be0b5d2460c96716dd991c	crates/fln-kernel/src/admit.rs	977	268b936daa0ec400	CURRENT	1	977-977	CURRENT	TM-RA-1
ra:technique:franken_lean/lazy-delta-reduction/a1e83a63	franken_lean	6ba4ef42310c9f3d12be0b5d2460c96716dd991c	crates/fln-kernel/src/tc.rs	4224	e159cdfa706b94bd	CURRENT	1	4224-4224	CURRENT	TM-RA-1
ra:technique:franken_lean/lazy-delta-reduction/a1e83a63	franken_lean	6ba4ef42310c9f3d12be0b5d2460c96716dd991c	crates/fln-checker/src/lib.rs	10	518e9da150df8e32	CURRENT	1	10-10	CURRENT	TM-RA-1
ra:technique:franken_lean/merkle-tree/cde0d11d	franken_lean	6ba4ef42310c9f3d12be0b5d2460c96716dd991c	crates/fln-hash/src/root.rs	4	c1448da4e70989ef	CURRENT	1	4-4	CURRENT	TM-RA-1
ra:technique:franken_lean/merkle-tree/cde0d11d	franken_lean	6ba4ef42310c9f3d12be0b5d2460c96716dd991c	crates/fln-cli/src/lib.rs	8300	ec76e5e40c43d310	CURRENT	1	8300-8300	CURRENT	TM-RA-1
ra:technique:franken_lean/optimistic-concurrency-control/94180d8a	franken_lean	6ba4ef42310c9f3d12be0b5d2460c96716dd991c	crates/fln-elab/src/scheduler.rs	4	22bbad1d2a974cb4	CURRENT	1	4-4	CURRENT	TM-RA-1
ra:technique:franken_lean/optimistic-concurrency-control/94180d8a	franken_lean	6ba4ef42310c9f3d12be0b5d2460c96716dd991c	crates/fln-elab/src/scheduler.rs	8	5208221ddb28b035	CURRENT	1	8-8	CURRENT	TM-RA-1
ra:technique:franken_lean/p-de-bruijn/1a3804ff	franken_lean	6ba4ef42310c9f3d12be0b5d2460c96716dd991c	crates/fln-core/src/expr.rs	7	2647e5d7b5c23861	CURRENT	1	7-7	CURRENT	TM-RA-1
ra:technique:franken_lean/p-de-bruijn/1a3804ff	franken_lean	6ba4ef42310c9f3d12be0b5d2460c96716dd991c	crates/fln-core/src/expr.rs	958	de6870e8f8e352dc	CURRENT	1	958-958	CURRENT	TM-RA-1
ra:technique:franken_lean/parsing-theory/34327263	franken_lean	6ba4ef42310c9f3d12be0b5d2460c96716dd991c	crates/fln-parse/src/lib.rs	1	835d10c6ed03684b	CURRENT	1	1-1	CURRENT	TM-RA-1
ra:technique:franken_lean/parsing-theory/34327263	franken_lean	6ba4ef42310c9f3d12be0b5d2460c96716dd991c	crates/fln-hash/src/canon.rs	903	e6f9e76ad165b756	CURRENT	1	903-903	CURRENT	TM-RA-1
ra:technique:franken_lean/quotient-types/45ae3b15	franken_lean	6ba4ef42310c9f3d12be0b5d2460c96716dd991c	crates/fln-kernel/src/admit.rs	2897	e41aac49dda3ccca	CURRENT	1	2897-2897	CURRENT	TM-RA-1
ra:technique:franken_lean/quotient-types/45ae3b15	franken_lean	6ba4ef42310c9f3d12be0b5d2460c96716dd991c	crates/fln-kernel/src/lib.rs	20	a372c9d381ae074f	CURRENT	1	20-20	CURRENT	TM-RA-1
ra:technique:franken_lean/resolution-proof-checking/2d13c2bb	franken_lean	6ba4ef42310c9f3d12be0b5d2460c96716dd991c	crates/fln-verdict/src/checker.rs	1	ea37805ddf353f8e	CURRENT	1	1-1	CURRENT	TM-RA-1
ra:technique:franken_lean/resolution-proof-checking/2d13c2bb	franken_lean	6ba4ef42310c9f3d12be0b5d2460c96716dd991c	crates/fln-verdict/src/lib.rs	19	1a4010adfb3c0089	CURRENT	1	19-19	CURRENT	TM-RA-1
ra:technique:franken_lean/rm-coverage-mutation/83e963da	franken_lean	6ba4ef42310c9f3d12be0b5d2460c96716dd991c	crates/fln-conformance/src/campaign.rs	1	b41d0a0f3d2b4a78	CURRENT	1	1-1	CURRENT	TM-RA-1
ra:technique:franken_lean/rm-differential-oracle/a0ad7b87	franken_lean	6ba4ef42310c9f3d12be0b5d2460c96716dd991c	crates/fln-kernel/tests/reference_differential.rs	11	8e5a1dc855d489c1	CURRENT	1	11-11	CURRENT	TM-RA-1
ra:technique:franken_lean/rm-differential-oracle/a0ad7b87	franken_lean	6ba4ef42310c9f3d12be0b5d2460c96716dd991c	crates/fln-conformance/tests/kernel_replay.rs	13	836d345bf226229b	CURRENT	1	13-13	CURRENT	TM-RA-1
ra:technique:franken_lean/rm-error-taxonomy/6f6471e1	franken_lean	6ba4ef42310c9f3d12be0b5d2460c96716dd991c	crates/fln-kernel/src/verdict.rs	6	a93b95aecc555fdf	CURRENT	1	6-6	CURRENT	TM-RA-1
ra:technique:franken_lean/rm-error-taxonomy/6f6471e1	franken_lean	6ba4ef42310c9f3d12be0b5d2460c96716dd991c	tribunal/epoch-lab/src/oracle.rs	8	7337ec1a93559b27	CURRENT	1	8-8	CURRENT	TM-RA-1
ra:technique:franken_lean/rm-parity-metrics/a2d9acee	franken_lean	6ba4ef42310c9f3d12be0b5d2460c96716dd991c	crates/fln-conformance/src/ledger.rs	1	9b0f97a6964e07eb	CURRENT	1	1-1	CURRENT	TM-RA-1
ra:technique:franken_lean/rm-parity-metrics/a2d9acee	franken_lean	6ba4ef42310c9f3d12be0b5d2460c96716dd991c	tribunal/epoch-lab/src/parity.rs	64	cfa3f40eac37481f	CURRENT	1	64-64	CURRENT	TM-RA-1
ra:technique:franken_lean/rm-type-driven-design/dbd85f1f	franken_lean	6ba4ef42310c9f3d12be0b5d2460c96716dd991c	crates/fln-kernel/src/capability.rs	62	d140052e08c3d9d0	CURRENT	1	62-62	CURRENT	TM-RA-1
ra:technique:franken_lean/rm-type-driven-design/dbd85f1f	franken_lean	6ba4ef42310c9f3d12be0b5d2460c96716dd991c	crates/fln-kernel/src/council.rs	238	5c81ba7711f6881c	CURRENT	1	238-238	CURRENT	TM-RA-1
ra:technique:franken_lean/rm-type-driven-design/dbd85f1f	franken_lean	6ba4ef42310c9f3d12be0b5d2460c96716dd991c	crates/fln-kernel/src/council.rs	36	f33a47c50f90d806	CURRENT	1	36-36	CURRENT	TM-RA-1
ra:technique:franken_lean/rm-unsafe-discipline/71c782fa	franken_lean	6ba4ef42310c9f3d12be0b5d2460c96716dd991c	crates/fln-kernel/src/lib.rs	27	d4e6f22e1e076733	CURRENT	1	27-27	CURRENT	TM-RA-1
ra:technique:franken_lean/rng-algorithms/4f6935e3	franken_lean	6ba4ef42310c9f3d12be0b5d2460c96716dd991c	crates/fln-bignum/tests/properties.rs	42	bc739dde48a7d2bb	CURRENT	1	42-42	CURRENT	TM-RA-1
ra:technique:franken_lean/rope-piece-table/9387ad3c	franken_lean	6ba4ef42310c9f3d12be0b5d2460c96716dd991c	crates/fln-syntax/src/rope.rs	11	1a2d8d53e1bc85e5	CURRENT	1	11-11	CURRENT	TM-RA-1
ra:technique:franken_lean/scientific-method-brenner/f2d79d11	franken_lean	6ba4ef42310c9f3d12be0b5d2460c96716dd991c	crates/fln-conformance/src/witness.rs	498	12d1484e729b3bda	CURRENT	1	498-498	CURRENT	TM-RA-1
ra:technique:franken_lean/scientific-method-brenner/f2d79d11	franken_lean	6ba4ef42310c9f3d12be0b5d2460c96716dd991c	crates/fln-conformance/src/witness.rs	387	8e7e4cba7255328b	CURRENT	1	387-387	CURRENT	TM-RA-1
ra:technique:franken_lean/strict-positivity/38c87f77	franken_lean	6ba4ef42310c9f3d12be0b5d2460c96716dd991c	crates/fln-kernel/src/admit.rs	778	6c3d6618a0a20187	CURRENT	1	778-778	CURRENT	TM-RA-1
ra:technique:franken_lean/strict-positivity/38c87f77	franken_lean	6ba4ef42310c9f3d12be0b5d2460c96716dd991c	crates/fln-kernel/src/admit.rs	752	7d269f99d0756ee5	CURRENT	1	752-752	CURRENT	TM-RA-1
ra:technique:franken_lean/tseitin-transformation/f60d3a61	franken_lean	6ba4ef42310c9f3d12be0b5d2460c96716dd991c	crates/fln-verdict/src/bitblast.rs	5	d67b18cdab04e8ac	CURRENT	1	5-5	CURRENT	TM-RA-1
ra:technique:franken_lean/type-theory-proof-kernel/cf4625e6	franken_lean	6ba4ef42310c9f3d12be0b5d2460c96716dd991c	crates/fln-kernel/src/lib.rs	90	fa9abbbe6aac49b8	CURRENT	1	90-90	CURRENT	TM-RA-1
ra:technique:franken_lean/type-theory-proof-kernel/cf4625e6	franken_lean	6ba4ef42310c9f3d12be0b5d2460c96716dd991c	crates/fln-kernel/tests/reference_differential.rs	36	32f636a4cf4d571e	CURRENT	1	36-36	CURRENT	TM-RA-1
ra:technique:franken_lean/type-theory-proof-kernel/6561d057	franken_lean	6ba4ef42310c9f3d12be0b5d2460c96716dd991c	crates/fln-kernel/src/tc.rs	4197	4f3610e28e19d801	CURRENT	1	4197-4197	CURRENT	TM-RA-1
ra:technique:franken_lean/type-theory-proof-kernel/6561d057	franken_lean	6ba4ef42310c9f3d12be0b5d2460c96716dd991c	crates/fln-kernel/src/tc.rs	4196	0524618ddafab7a8	CURRENT	1	4196-4196	CURRENT	TM-RA-1
ra:technique:franken_lean/ulp-float-semantics/e403cdd0	franken_lean	6ba4ef42310c9f3d12be0b5d2460c96716dd991c	crates/fln-libm/src/lib.rs	3	3dca48f3feffe003	CURRENT	1	3-3	CURRENT	TM-RA-1
ra:technique:franken_lean/ulp-float-semantics/e403cdd0	franken_lean	6ba4ef42310c9f3d12be0b5d2460c96716dd991c	crates/fln-libm/src/lib.rs	10	bef11d9b8f55827a	CURRENT	1	10-10	CURRENT	TM-RA-1
ra:technique:franken_lean/universe-level-algebra/3c6bcfec	franken_lean	6ba4ef42310c9f3d12be0b5d2460c96716dd991c	crates/fln-core/src/level.rs	595	1d2855c2393a8bfd	CURRENT	1	595-595	CURRENT	TM-RA-1
ra:technique:franken_lean/universe-level-algebra/3c6bcfec	franken_lean	6ba4ef42310c9f3d12be0b5d2460c96716dd991c	crates/fln-checker/src/lib.rs	70	3aca781b23a46bfd	CURRENT	1	70-70	CURRENT	TM-RA-1
ra:technique:franken_manim/bezier-curves/df857191	franken_manim	d446a94313072b8d7b35dc5a25bfc8654f593825	crates/fmn-geom/src/bezier.rs	13	c016833d15770543	CURRENT	1	13-13	CURRENT	TM-RA-1
ra:technique:franken_manim/bezier-curves/df857191	franken_manim	d446a94313072b8d7b35dc5a25bfc8654f593825	crates/fmn-geom/src/smoothing.rs	7	93b404f3172888fd	CURRENT	1	7-7	CURRENT	TM-RA-1
ra:technique:franken_manim/bezier-curves/df857191	franken_manim	d446a94313072b8d7b35dc5a25bfc8654f593825	crates/fmn-geom/src/cubic.rs	440	ff423a54fc96beb5	CURRENT	1	440-440	CURRENT	TM-RA-1
ra:technique:franken_manim/bezier-curves/687f2073	franken_manim	d446a94313072b8d7b35dc5a25bfc8654f593825	crates/fmn-geom/src/arclength.rs	51	c8cdc55de557bad2	CURRENT	1	51-51	CURRENT	TM-RA-1
ra:technique:franken_manim/bezier-curves/687f2073	franken_manim	d446a94313072b8d7b35dc5a25bfc8654f593825	crates/fmn-geom/src/arclength.rs	53	0a08983a12762bd9	CURRENT	1	53-53	CURRENT	TM-RA-1
ra:technique:franken_manim/bezier-curves/687f2073	franken_manim	d446a94313072b8d7b35dc5a25bfc8654f593825	crates/fmn-geom/src/arclength.rs	6	b9646cc32ea67958	CURRENT	1	6-6	CURRENT	TM-RA-1
ra:technique:franken_manim/cache-replacement/9e71ae11	franken_manim	d446a94313072b8d7b35dc5a25bfc8654f593825	crates/fmn-cache/src/lib.rs	48	309966d4e20eea39	CURRENT	1	48-48	CURRENT	TM-RA-1
ra:technique:franken_manim/cache-replacement/9e71ae11	franken_manim	d446a94313072b8d7b35dc5a25bfc8654f593825	crates/fmn-cache/src/lib.rs	50	083dbd5a53798020	CURRENT	1	50-50	CURRENT	TM-RA-1
ra:technique:franken_manim/cache-replacement/9e71ae11	franken_manim	d446a94313072b8d7b35dc5a25bfc8654f593825	crates/fmn-cache/src/entry.rs	4	4234a7af9ba137d7	CURRENT	1	4-4	CURRENT	TM-RA-1
ra:technique:franken_manim/compression-algorithms/6ed46598	franken_manim	d446a94313072b8d7b35dc5a25bfc8654f593825	crates/fmn-codec/src/deflate.rs	8	49e7e911fb32b023	CURRENT	1	8-8	CURRENT	TM-RA-1
ra:technique:franken_manim/compression-algorithms/6ed46598	franken_manim	d446a94313072b8d7b35dc5a25bfc8654f593825	crates/fmn-codec/src/deflate.rs	21	14a92db991d8814f	CURRENT	1	21-21	CURRENT	TM-RA-1
ra:technique:franken_manim/compression-algorithms/6ed46598	franken_manim	d446a94313072b8d7b35dc5a25bfc8654f593825	crates/fmn-codec/src/png.rs	1145	89931b6cd37614b2	CURRENT	1	1145-1145	CURRENT	TM-RA-1
ra:technique:franken_manim/compression-algorithms/6ed46598	franken_manim	d446a94313072b8d7b35dc5a25bfc8654f593825	crates/fmn-codec/src/checksum.rs	4	df88bab7816d3f65	CURRENT	1	4-4	CURRENT	TM-RA-1
ra:technique:franken_manim/congestion-control-backoff/5bc0990c	franken_manim	d446a94313072b8d7b35dc5a25bfc8654f593825	crates/fmn-frame/src/lib.rs	12	43393c9586e748b2	CURRENT	1	12-12	CURRENT	TM-RA-1
ra:technique:franken_manim/congestion-control-backoff/5bc0990c	franken_manim	d446a94313072b8d7b35dc5a25bfc8654f593825	crates/fmn-conformance/src/e2e.rs	186	be7983da99e75562	CURRENT	1	186-186	CURRENT	TM-RA-1
ra:technique:franken_manim/easing-rate-functions/45f1a046	franken_manim	d446a94313072b8d7b35dc5a25bfc8654f593825	crates/fmn-core/src/rate.rs	3	49985bfbfc2b70cd	CURRENT	1	3-3	CURRENT	TM-RA-1
ra:technique:franken_manim/easing-rate-functions/45f1a046	franken_manim	d446a94313072b8d7b35dc5a25bfc8654f593825	crates/fmn-core/src/rate.rs	4	10d2531b598bef6c	CURRENT	1	4-4	CURRENT	TM-RA-1
ra:technique:franken_manim/easing-rate-functions/45f1a046	franken_manim	d446a94313072b8d7b35dc5a25bfc8654f593825	crates/fmn-core/src/rate.rs	20	f985bc09685c6001	CURRENT	1	20-20	CURRENT	TM-RA-1
ra:technique:franken_manim/effect-purity-classification/75671df9	franken_manim	d446a94313072b8d7b35dc5a25bfc8654f593825	crates/fmn-anim/src/purity.rs	19	0f25e55b10461fa6	CURRENT	1	19-19	CURRENT	TM-RA-1
ra:technique:franken_manim/effect-purity-classification/75671df9	franken_manim	d446a94313072b8d7b35dc5a25bfc8654f593825	crates/fmn-anim/src/purity.rs	13	4d621cde44ea6069	CURRENT	1	13-13	CURRENT	TM-RA-1
ra:technique:franken_manim/effect-purity-classification/75671df9	franken_manim	d446a94313072b8d7b35dc5a25bfc8654f593825	crates/fmn-anim/src/purity.rs	14	fa18d39c9cd069df	CURRENT	1	14-14	CURRENT	TM-RA-1
ra:technique:franken_manim/einsum-broadcasting-strides/fedc327f	franken_manim	d446a94313072b8d7b35dc5a25bfc8654f593825	crates/fmn-conformance/src/npy.rs	10	f0c6021ec160f4ee	CURRENT	1	10-10	CURRENT	TM-RA-1
ra:technique:franken_manim/einsum-broadcasting-strides/fedc327f	franken_manim	d446a94313072b8d7b35dc5a25bfc8654f593825	crates/fmn-codec/src/png.rs	173	ad43701105f1b522	CURRENT	1	173-173	CURRENT	TM-RA-1
ra:technique:franken_manim/hoare-separation-logic/d52f8f2c	franken_manim	d446a94313072b8d7b35dc5a25bfc8654f593825	crates/fmn-render/src/fill.rs	1680	a3701c94ba520b04	CURRENT	1	1680-1680	CURRENT	TM-RA-1
ra:technique:franken_manim/hoare-separation-logic/d52f8f2c	franken_manim	d446a94313072b8d7b35dc5a25bfc8654f593825	crates/fmn-render/src/fill.rs	1688	54a17ab679e50138	CURRENT	1	1688-1688	CURRENT	TM-RA-1
ra:technique:franken_manim/hoare-separation-logic/d52f8f2c	franken_manim	d446a94313072b8d7b35dc5a25bfc8654f593825	crates/fmn-render/src/fill.rs	1691	cd43adde619669a0	CURRENT	1	1691-1691	CURRENT	TM-RA-1
ra:technique:franken_manim/horner-estrin/4b7a3030	franken_manim	d446a94313072b8d7b35dc5a25bfc8654f593825	crates/fmn-dmath/src/bits.rs	51	dca39cbb320d8e7a	CURRENT	1	51-51	CURRENT	TM-RA-1
ra:technique:franken_manim/horner-estrin/4b7a3030	franken_manim	d446a94313072b8d7b35dc5a25bfc8654f593825	crates/fmn-dmath/src/bits.rs	56	f88628e5fc10ad35	CURRENT	1	56-56	CURRENT	TM-RA-1
ra:technique:franken_manim/horner-estrin/4b7a3030	franken_manim	d446a94313072b8d7b35dc5a25bfc8654f593825	crates/fmn-dmath/src/bits.rs	64	637c2068ccc4e445	CURRENT	1	64-64	CURRENT	TM-RA-1
ra:technique:franken_manim/horner-estrin/4b7a3030	franken_manim	d446a94313072b8d7b35dc5a25bfc8654f593825	crates/fmn-dmath/src/lib.rs	26	89db519a6887ff8a	CURRENT	1	26-26	CURRENT	TM-RA-1
ra:technique:franken_manim/libm-implementation/3a16ded6	franken_manim	d446a94313072b8d7b35dc5a25bfc8654f593825	crates/fmn-dmath/src/lib.rs	1	a26ef09949488896	CURRENT	1	1-1	CURRENT	TM-RA-1
ra:technique:franken_manim/libm-implementation/3a16ded6	franken_manim	d446a94313072b8d7b35dc5a25bfc8654f593825	crates/fmn-dmath/src/lib.rs	8	5405db9cff7d14e7	CURRENT	1	8-8	CURRENT	TM-RA-1
ra:technique:franken_manim/libm-implementation/3a16ded6	franken_manim	d446a94313072b8d7b35dc5a25bfc8654f593825	crates/fmn-dmath/src/lib.rs	14	50377b42cf0b9b4a	CURRENT	1	14-14	CURRENT	TM-RA-1
ra:technique:franken_manim/libm-implementation/3a16ded6	franken_manim	d446a94313072b8d7b35dc5a25bfc8654f593825	crates/fmn-dmath/src/exp_log.rs	146	25ad944ab5f27061	CURRENT	1	146-146	CURRENT	TM-RA-1
ra:technique:franken_manim/lie-groups/763094a6	franken_manim	d446a94313072b8d7b35dc5a25bfc8654f593825	crates/fmn-geom/src/rotation.rs	1	402211596653ed71	CURRENT	1	1-1	CURRENT	TM-RA-1
ra:technique:franken_manim/lie-groups/763094a6	franken_manim	d446a94313072b8d7b35dc5a25bfc8654f593825	crates/fmn-geom/src/rotation.rs	12	143cbfa1c4d84a8f	CURRENT	1	12-12	CURRENT	TM-RA-1
ra:technique:franken_manim/local.python-binding-tax-ladder/56c70d75	franken_manim	d446a94313072b8d7b35dc5a25bfc8654f593825	crates/fmn-anim/src/ladder.rs	12	8a3fdbd22b68da69	CURRENT	1	12-12	CURRENT	TM-RA-1
ra:technique:franken_manim/local.python-binding-tax-ladder/56c70d75	franken_manim	d446a94313072b8d7b35dc5a25bfc8654f593825	crates/fmn-anim/src/ladder.rs	18	0ff77fd2ac52a59a	CURRENT	1	18-18	CURRENT	TM-RA-1
ra:technique:franken_manim/local.python-binding-tax-ladder/56c70d75	franken_manim	d446a94313072b8d7b35dc5a25bfc8654f593825	crates/fmn-anim/src/ladder.rs	20	7895558508e2bb74	CURRENT	1	20-20	CURRENT	TM-RA-1
ra:technique:franken_manim/merkle-tree/1129fdd6	franken_manim	d446a94313072b8d7b35dc5a25bfc8654f593825	crates/fmn-anim/src/timeline.rs	49	f3a2fefac82d7627	CURRENT	1	49-49	CURRENT	TM-RA-1
ra:technique:franken_manim/merkle-tree/1129fdd6	franken_manim	d446a94313072b8d7b35dc5a25bfc8654f593825	crates/fmn-anim/src/timeline.rs	412	ad52a3ebf48358bb	CURRENT	1	412-412	CURRENT	TM-RA-1
ra:technique:franken_manim/merkle-tree/1129fdd6	franken_manim	d446a94313072b8d7b35dc5a25bfc8654f593825	crates/fmn-cache/src/key.rs	1	3ebd92480760a1f6	CURRENT	1	1-1	CURRENT	TM-RA-1
ra:technique:franken_manim/p-de-berg-cg/74e694cb	franken_manim	d446a94313072b8d7b35dc5a25bfc8654f593825	crates/fmn-geom/src/boolean/curve_boolean.rs	15	435c4c33aaa474f4	CURRENT	1	15-15	CURRENT	TM-RA-1
ra:technique:franken_manim/p-de-berg-cg/74e694cb	franken_manim	d446a94313072b8d7b35dc5a25bfc8654f593825	crates/fmn-geom/src/boolean/curve_boolean.rs	40	fe2692971f440e44	CURRENT	1	40-40	CURRENT	TM-RA-1
ra:technique:franken_manim/p-de-berg-cg/74e694cb	franken_manim	d446a94313072b8d7b35dc5a25bfc8654f593825	crates/fmn-geom/src/earclip.rs	9	60c5fe72cb477b16	CURRENT	1	9-9	CURRENT	TM-RA-1
ra:technique:franken_manim/quadrature/89a81f95	franken_manim	d446a94313072b8d7b35dc5a25bfc8654f593825	crates/fmn-conformance/src/oracles.rs	13	219676e009bf5939	CURRENT	1	13-13	CURRENT	TM-RA-1
ra:technique:franken_manim/quadrature/89a81f95	franken_manim	d446a94313072b8d7b35dc5a25bfc8654f593825	crates/fmn-conformance/src/oracles.rs	16	91aeee5b26df5175	CURRENT	1	16-16	CURRENT	TM-RA-1
ra:technique:franken_manim/rational-time-exact-frames/cb7e05de	franken_manim	d446a94313072b8d7b35dc5a25bfc8654f593825	crates/fmn-anim/src/clock.rs	21	e3c1c288f0fc648d	CURRENT	1	21-21	CURRENT	TM-RA-1
ra:technique:franken_manim/rational-time-exact-frames/cb7e05de	franken_manim	d446a94313072b8d7b35dc5a25bfc8654f593825	crates/fmn-anim/src/clock.rs	37	7ed1d606caf3e17d	CURRENT	1	37-37	CURRENT	TM-RA-1
ra:technique:franken_manim/rational-time-exact-frames/cb7e05de	franken_manim	d446a94313072b8d7b35dc5a25bfc8654f593825	crates/fmn-anim/src/clock.rs	13	ecfa5716f133a322	CURRENT	1	13-13	CURRENT	TM-RA-1
ra:technique:franken_manim/rendering-compositing/88fee39a	franken_manim	d446a94313072b8d7b35dc5a25bfc8654f593825	crates/fmn-render/src/fill.rs	1	5905a9ce9faad466	CURRENT	1	1-1	CURRENT	TM-RA-1
ra:technique:franken_manim/rendering-compositing/88fee39a	franken_manim	d446a94313072b8d7b35dc5a25bfc8654f593825	crates/fmn-render/src/fill.rs	21	eca3ae5feaa0c951	CURRENT	1	21-21	CURRENT	TM-RA-1
ra:technique:franken_manim/rendering-compositing/88fee39a	franken_manim	d446a94313072b8d7b35dc5a25bfc8654f593825	crates/fmn-render/src/stroke.rs	17	fc3338c85d9f5657	CURRENT	1	17-17	CURRENT	TM-RA-1
ra:technique:franken_manim/rendering-compositing/ed419e2f	franken_manim	d446a94313072b8d7b35dc5a25bfc8654f593825	crates/fmn-core/src/color.rs	1	227d2582f67b2439	CURRENT	1	1-1	CURRENT	TM-RA-1
ra:technique:franken_manim/rendering-compositing/ed419e2f	franken_manim	d446a94313072b8d7b35dc5a25bfc8654f593825	crates/fmn-core/src/color.rs	6	ea0292e95d8cbb82	CURRENT	1	6-6	CURRENT	TM-RA-1
ra:technique:franken_manim/rendering-compositing/ed419e2f	franken_manim	d446a94313072b8d7b35dc5a25bfc8654f593825	crates/fmn-core/src/color.rs	37	85e5d62634ae6baa	CURRENT	1	37-37	CURRENT	TM-RA-1
ra:technique:franken_manim/rm-benchmark-regression/eb99a760	franken_manim	d446a94313072b8d7b35dc5a25bfc8654f593825	crates/fmn-conformance/src/perf.rs	319	f43de61b7754c2ad	CURRENT	1	319-319	CURRENT	TM-RA-1
ra:technique:franken_manim/rm-benchmark-regression/eb99a760	franken_manim	d446a94313072b8d7b35dc5a25bfc8654f593825	crates/fmn-conformance/src/perf.rs	891	26cf49b1a78758a5	CURRENT	1	891-891	CURRENT	TM-RA-1
ra:technique:franken_manim/rm-benchmark-regression/eb99a760	franken_manim	d446a94313072b8d7b35dc5a25bfc8654f593825	crates/fmn-conformance/src/perf_host.rs	96	f30397c2b569883f	CURRENT	1	96-96	CURRENT	TM-RA-1
ra:technique:franken_manim/rm-deterministic-hashing-ordering/cfec0bb6	franken_manim	d446a94313072b8d7b35dc5a25bfc8654f593825	crates/fmn-core/src/rng.rs	30	ca5bd91fffbfe538	CURRENT	1	30-30	CURRENT	TM-RA-1
ra:technique:franken_manim/rm-deterministic-hashing-ordering/cfec0bb6	franken_manim	d446a94313072b8d7b35dc5a25bfc8654f593825	crates/fmn-anim/src/bundle.rs	81	738f023a637a7b64	CURRENT	1	81-81	CURRENT	TM-RA-1
ra:technique:franken_manim/rm-differential-oracle/b720d493	franken_manim	d446a94313072b8d7b35dc5a25bfc8654f593825	crates/fmn-conformance/src/equivalence.rs	37	2134613c2201c979	CURRENT	1	37-37	CURRENT	TM-RA-1
ra:technique:franken_manim/rm-differential-oracle/b720d493	franken_manim	d446a94313072b8d7b35dc5a25bfc8654f593825	crates/fmn-conformance/src/gallery.rs	37	9b5d15db40158cb8	CURRENT	1	37-37	CURRENT	TM-RA-1
ra:technique:franken_manim/rm-differential-oracle/b720d493	franken_manim	d446a94313072b8d7b35dc5a25bfc8654f593825	crates/fmn-conformance/src/gallery.rs	38	5658204f069a790a	CURRENT	1	38-38	CURRENT	TM-RA-1
ra:technique:franken_manim/rm-error-taxonomy/d07d30da	franken_manim	d446a94313072b8d7b35dc5a25bfc8654f593825	crates/fmn-output/src/emitter.rs	169	a6e5c36f6549c824	CURRENT	1	169-169	CURRENT	TM-RA-1
ra:technique:franken_manim/rm-error-taxonomy/d07d30da	franken_manim	d446a94313072b8d7b35dc5a25bfc8654f593825	crates/fmn-anim/src/clock.rs	216	63b10bbf78d7f3f1	CURRENT	1	216-216	CURRENT	TM-RA-1
ra:technique:franken_manim/rm-evidence-receipts/a87e909a	franken_manim	d446a94313072b8d7b35dc5a25bfc8654f593825	crates/fmn-cli/src/lib.rs	39	78f62ffba9b0a15c	CURRENT	1	39-39	CURRENT	TM-RA-1
ra:technique:franken_manim/rm-fuzzing/deeb6460	franken_manim	d446a94313072b8d7b35dc5a25bfc8654f593825	crates/fmn-conformance/src/fuzz.rs	25	f913c60d1b04d688	CURRENT	1	25-25	CURRENT	TM-RA-1
ra:technique:franken_manim/rm-fuzzing/deeb6460	franken_manim	d446a94313072b8d7b35dc5a25bfc8654f593825	crates/fmn-conformance/src/fuzz.rs	26	fb63dfc165ca77f7	CURRENT	1	26-26	CURRENT	TM-RA-1
ra:technique:franken_manim/rm-fuzzing/deeb6460	franken_manim	d446a94313072b8d7b35dc5a25bfc8654f593825	crates/fmn-conformance/src/fuzz.rs	31	09ce6797600bc809	CURRENT	1	31-31	CURRENT	TM-RA-1
ra:technique:franken_manim/rm-parity-metrics/65471c62	franken_manim	d446a94313072b8d7b35dc5a25bfc8654f593825	crates/fmn-conformance/src/lib.rs	14	6fc8d7c72c004ca0	CURRENT	1	14-14	CURRENT	TM-RA-1
ra:technique:franken_manim/rm-parity-metrics/65471c62	franken_manim	d446a94313072b8d7b35dc5a25bfc8654f593825	crates/fmn-conformance/src/lib.rs	16	89bede9562e35f15	CURRENT	1	16-16	CURRENT	TM-RA-1
ra:technique:franken_manim/rm-snapshot-golden/891969f4	franken_manim	d446a94313072b8d7b35dc5a25bfc8654f593825	crates/fmn-conformance/src/golden.rs	3	a6a32f80ad9c38f4	CURRENT	1	3-3	CURRENT	TM-RA-1
ra:technique:franken_manim/rm-snapshot-golden/891969f4	franken_manim	d446a94313072b8d7b35dc5a25bfc8654f593825	crates/fmn-conformance/src/golden.rs	9	011200acbd813c2e	CURRENT	1	9-9	CURRENT	TM-RA-1
ra:technique:franken_manim/rm-snapshot-golden/891969f4	franken_manim	d446a94313072b8d7b35dc5a25bfc8654f593825	crates/fmn-conformance/src/golden.rs	15	ab76ee24ca546ccd	CURRENT	1	15-15	CURRENT	TM-RA-1
ra:technique:franken_manim/rm-spec-first/e236af67	franken_manim	d446a94313072b8d7b35dc5a25bfc8654f593825	crates/fmn-conformance/src/lib.rs	23	92e54a91411de316	CURRENT	1	23-23	CURRENT	TM-RA-1
ra:technique:franken_manim/rm-spec-first/e236af67	franken_manim	d446a94313072b8d7b35dc5a25bfc8654f593825	crates/fmn-conformance/src/lib.rs	24	f4910be9dbceb005	CURRENT	1	24-24	CURRENT	TM-RA-1
ra:technique:franken_manim/rm-spec-first/e236af67	franken_manim	d446a94313072b8d7b35dc5a25bfc8654f593825	crates/fmn-conformance/src/schema.rs	6	02b2beca36c83d70	CURRENT	1	6-6	CURRENT	TM-RA-1
ra:technique:franken_manim/rm-unsafe-discipline/17bac6f0	franken_manim	d446a94313072b8d7b35dc5a25bfc8654f593825	crates/fmn-anim/src/lib.rs	46	d4e6f22e1e076733	CURRENT	1	46-46	CURRENT	TM-RA-1
ra:technique:franken_manim/rm-unsafe-discipline/17bac6f0	franken_manim	d446a94313072b8d7b35dc5a25bfc8654f593825	crates/fmn-python/src/lib.rs	9	279cb39e5f990b71	CURRENT	1	9-9	CURRENT	TM-RA-1
ra:technique:franken_manim/rm-unsafe-discipline/17bac6f0	franken_manim	d446a94313072b8d7b35dc5a25bfc8654f593825	crates/fmn-python/src/lib.rs	13	866c66c9fba15026	CURRENT	1	13-13	CURRENT	TM-RA-1
ra:technique:franken_manim/rng-algorithms/d6973587	franken_manim	d446a94313072b8d7b35dc5a25bfc8654f593825	crates/fmn-core/src/rng.rs	1	db89f6b34f046bde	CURRENT	1	1-1	CURRENT	TM-RA-1
ra:technique:franken_manim/rng-algorithms/d6973587	franken_manim	d446a94313072b8d7b35dc5a25bfc8654f593825	crates/fmn-core/src/rng.rs	20	c6e4f973e9487e25	CURRENT	1	20-20	CURRENT	TM-RA-1
ra:technique:franken_manim/rng-algorithms/d6973587	franken_manim	d446a94313072b8d7b35dc5a25bfc8654f593825	crates/fmn-core/src/rng.rs	41	f715b5bddd74ec3c	CURRENT	1	41-41	CURRENT	TM-RA-1
ra:technique:franken_manim/rng-algorithms/d6973587	franken_manim	d446a94313072b8d7b35dc5a25bfc8654f593825	crates/fmn-core/src/rng.rs	329	53ef111ec51e3a98	CURRENT	1	329-329	CURRENT	TM-RA-1
ra:technique:franken_manim/twosum-fma/079730d4	franken_manim	d446a94313072b8d7b35dc5a25bfc8654f593825	crates/fmn-geom/src/boolean.rs	1585	52539dae590afbf6	CURRENT	1	1585-1585	CURRENT	TM-RA-1
ra:technique:franken_manim/twosum-fma/079730d4	franken_manim	d446a94313072b8d7b35dc5a25bfc8654f593825	crates/fmn-geom/src/boolean.rs	1592	402919c75df30b99	CURRENT	1	1592-1592	CURRENT	TM-RA-1
ra:technique:franken_manim/twosum-fma/079730d4	franken_manim	d446a94313072b8d7b35dc5a25bfc8654f593825	crates/fmn-geom/src/boolean.rs	72	68e8893c1f9cc7db	CURRENT	1	72-72	CURRENT	TM-RA-1
ra:technique:franken_manim/twosum-fma/079730d4	franken_manim	d446a94313072b8d7b35dc5a25bfc8654f593825	crates/fmn-geom/src/boolean/curve_boolean.rs	19	b1136d5d5f3ec13f	CURRENT	1	19-19	CURRENT	TM-RA-1
ra:technique:franken_markdown/bezier-curves/4bed6f93	franken_markdown	8b71ecf0661213aa2c65bd168390428aa287a9dc	fmd-font/src/outline.rs	1	a092c1ce399161ff	CURRENT	1	1-1	CURRENT	TM-RA-1
ra:technique:franken_markdown/bezier-curves/4bed6f93	franken_markdown	8b71ecf0661213aa2c65bd168390428aa287a9dc	fmd-math/src/drawn.rs	18	f6e9566940805169	CURRENT	1	18-18	CURRENT	TM-RA-1
ra:technique:franken_markdown/bezier-curves/4bed6f93	franken_markdown	8b71ecf0661213aa2c65bd168390428aa287a9dc	fmd-font/src/outline.rs	65	3befe31058ff161c	CURRENT	1	65-65	CURRENT	TM-RA-1
ra:technique:franken_markdown/compression-algorithms/edd3d5e3	franken_markdown	8b71ecf0661213aa2c65bd168390428aa287a9dc	src/compress.rs	1	3694de00b5f5b946	CURRENT	1	1-1	CURRENT	TM-RA-1
ra:technique:franken_markdown/compression-algorithms/edd3d5e3	franken_markdown	8b71ecf0661213aa2c65bd168390428aa287a9dc	src/compress.rs	8	9c13013466805126	CURRENT	1	8-8	CURRENT	TM-RA-1
ra:technique:franken_markdown/compression-algorithms/edd3d5e3	franken_markdown	8b71ecf0661213aa2c65bd168390428aa287a9dc	src/compress.rs	218	331f057688e54882	CURRENT	1	218-218	CURRENT	TM-RA-1
ra:technique:franken_markdown/compression-algorithms/edd3d5e3	franken_markdown	8b71ecf0661213aa2c65bd168390428aa287a9dc	src/compress.rs	133	7d6889731ad96de9	CURRENT	1	133-133	CURRENT	TM-RA-1
ra:technique:franken_markdown/diff-algorithms/71c0d148	franken_markdown	8b71ecf0661213aa2c65bd168390428aa287a9dc	src/diff.rs	3	ffb4b7b8b765d06f	CURRENT	1	3-3	CURRENT	TM-RA-1
ra:technique:franken_markdown/diff-algorithms/71c0d148	franken_markdown	8b71ecf0661213aa2c65bd168390428aa287a9dc	src/diff.rs	25	764b1ccdecdbe34b	CURRENT	1	25-25	CURRENT	TM-RA-1
ra:technique:franken_markdown/hashing-functions/4fa5c5d2	franken_markdown	8b71ecf0661213aa2c65bd168390428aa287a9dc	fmd-font/src/lib.rs	1689	1de451383d738388	CURRENT	1	1689-1689	CURRENT	TM-RA-1
ra:technique:franken_markdown/hashing-functions/4fa5c5d2	franken_markdown	8b71ecf0661213aa2c65bd168390428aa287a9dc	fmd-font/src/lib.rs	1712	5ea59bb7c2d2cf85	CURRENT	1	1712-1712	CURRENT	TM-RA-1
ra:technique:franken_markdown/hashing-functions/4fa5c5d2	franken_markdown	8b71ecf0661213aa2c65bd168390428aa287a9dc	src/epub.rs	350	4350e8e954226ff2	CURRENT	1	350-350	CURRENT	TM-RA-1
ra:technique:franken_markdown/html-sanitization-policy/ad96ce12	franken_markdown	8b71ecf0661213aa2c65bd168390428aa287a9dc	src/html.rs	1633	58a56f0cb76fcc1f	CURRENT	1	1633-1633	CURRENT	TM-RA-1
ra:technique:franken_markdown/html-sanitization-policy/ad96ce12	franken_markdown	8b71ecf0661213aa2c65bd168390428aa287a9dc	src/html.rs	1653	aec65dd009f3447d	CURRENT	1	1653-1653	CURRENT	TM-RA-1
ra:technique:franken_markdown/html-sanitization-policy/ad96ce12	franken_markdown	8b71ecf0661213aa2c65bd168390428aa287a9dc	src/html.rs	1654	200a73b8c624397e	CURRENT	1	1654-1654	CURRENT	TM-RA-1
ra:technique:franken_markdown/html-sanitization-policy/ad96ce12	franken_markdown	8b71ecf0661213aa2c65bd168390428aa287a9dc	src/html.rs	1686	4654566a5e56e731	CURRENT	1	1686-1686	CURRENT	TM-RA-1
ra:technique:franken_markdown/html-sanitization-policy/ad96ce12	franken_markdown	8b71ecf0661213aa2c65bd168390428aa287a9dc	tests/parser_metamorphic.rs	131	19291c00b5255f51	CURRENT	1	131-131	CURRENT	TM-RA-1
ra:technique:franken_markdown/html-sanitization-policy/ad96ce12	franken_markdown	8b71ecf0661213aa2c65bd168390428aa287a9dc	tests/html_attr_safety.rs	4	480e5c2d31e22991	CURRENT	1	4-4	CURRENT	TM-RA-1
ra:technique:franken_markdown/include-cycle-sandbox/7bf0d290	franken_markdown	8b71ecf0661213aa2c65bd168390428aa287a9dc	src/transclude.rs	9	b1bdc43eb27eaf35	CURRENT	1	9-9	CURRENT	TM-RA-1
ra:technique:franken_markdown/include-cycle-sandbox/7bf0d290	franken_markdown	8b71ecf0661213aa2c65bd168390428aa287a9dc	src/transclude.rs	27	dd5139642240c457	CURRENT	1	27-27	CURRENT	TM-RA-1
ra:technique:franken_markdown/include-cycle-sandbox/7bf0d290	franken_markdown	8b71ecf0661213aa2c65bd168390428aa287a9dc	src/transclude.rs	109	b8017c5bd7a88e3b	CURRENT	1	109-109	CURRENT	TM-RA-1
ra:technique:franken_markdown/layout-constraint-solving/af9a0bbf	franken_markdown	8b71ecf0661213aa2c65bd168390428aa287a9dc	src/layout.rs	14	4f019fb9756f418c	CURRENT	1	14-14	CURRENT	TM-RA-1
ra:technique:franken_markdown/layout-constraint-solving/af9a0bbf	franken_markdown	8b71ecf0661213aa2c65bd168390428aa287a9dc	src/layout.rs	34	474396c1fda9557e	CURRENT	1	34-34	CURRENT	TM-RA-1
ra:technique:franken_markdown/layout-constraint-solving/af9a0bbf	franken_markdown	8b71ecf0661213aa2c65bd168390428aa287a9dc	src/layout.rs	36	ea9c44c776d12add	CURRENT	1	36-36	CURRENT	TM-RA-1
ra:technique:franken_markdown/layout-constraint-solving/af9a0bbf	franken_markdown	8b71ecf0661213aa2c65bd168390428aa287a9dc	src/layout.rs	2168	47e5e87b0308911b	CURRENT	1	2168-2168	CURRENT	TM-RA-1
ra:technique:franken_markdown/p-knuth/a565cf84	franken_markdown	8b71ecf0661213aa2c65bd168390428aa287a9dc	src/layout.rs	1237	8a58358d2ae2a3c5	CURRENT	1	1237-1237	CURRENT	TM-RA-1
ra:technique:franken_markdown/p-knuth/a565cf84	franken_markdown	8b71ecf0661213aa2c65bd168390428aa287a9dc	src/layout.rs	1294	65392e57ea5330e5	CURRENT	1	1294-1294	CURRENT	TM-RA-1
ra:technique:franken_markdown/p-knuth/a565cf84	franken_markdown	8b71ecf0661213aa2c65bd168390428aa287a9dc	fmd-math/src/atom.rs	5	b698d7a572700d32	CURRENT	1	5-5	CURRENT	TM-RA-1
ra:technique:franken_markdown/p-knuth/a565cf84	franken_markdown	8b71ecf0661213aa2c65bd168390428aa287a9dc	fmd-math/src/atom.rs	7	ed7537fabba58ece	CURRENT	1	7-7	CURRENT	TM-RA-1
ra:technique:franken_markdown/pareto-frontier-optimization/9b200ae7	franken_markdown	8b71ecf0661213aa2c65bd168390428aa287a9dc	src/layout.rs	2387	043c1a3697b6d563	CURRENT	1	2387-2387	CURRENT	TM-RA-1
ra:technique:franken_markdown/pareto-frontier-optimization/9b200ae7	franken_markdown	8b71ecf0661213aa2c65bd168390428aa287a9dc	src/layout.rs	2420	21f9c42d1de109f4	CURRENT	1	2420-2420	CURRENT	TM-RA-1
ra:technique:franken_markdown/pareto-frontier-optimization/9b200ae7	franken_markdown	8b71ecf0661213aa2c65bd168390428aa287a9dc	src/layout.rs	2365	2535a1f167ae526d	CURRENT	1	2365-2365	CURRENT	TM-RA-1
ra:technique:franken_markdown/parsing-theory/9944f36a	franken_markdown	8b71ecf0661213aa2c65bd168390428aa287a9dc	src/parse/mod.rs	1	733c2f9a095a4e1f	CURRENT	1	1-1	CURRENT	TM-RA-1
ra:technique:franken_markdown/parsing-theory/9944f36a	franken_markdown	8b71ecf0661213aa2c65bd168390428aa287a9dc	src/parse/mod.rs	7	9c1d57989295379f	CURRENT	1	7-7	CURRENT	TM-RA-1
ra:technique:franken_markdown/parsing-theory/9944f36a	franken_markdown	8b71ecf0661213aa2c65bd168390428aa287a9dc	src/parse/mod.rs	62	afc158f87cbfa17d	CURRENT	1	62-62	CURRENT	TM-RA-1
ra:technique:franken_markdown/rendering-compositing/84c55dd0	franken_markdown	8b71ecf0661213aa2c65bd168390428aa287a9dc	src/pdfa.rs	1	d54409781905f7ad	CURRENT	1	1-1	CURRENT	TM-RA-1
ra:technique:franken_markdown/rendering-compositing/84c55dd0	franken_markdown	8b71ecf0661213aa2c65bd168390428aa287a9dc	src/pdfa.rs	15	2deaa9efdf232f20	CURRENT	1	15-15	CURRENT	TM-RA-1
ra:technique:franken_markdown/rm-benchmark-regression/a7b88f49	franken_markdown	8b71ecf0661213aa2c65bd168390428aa287a9dc	src/cli.rs	1036	5fe571dcd268028e	CURRENT	1	1036-1036	CURRENT	TM-RA-1
ra:technique:franken_markdown/rm-checked-arithmetic/1b9032f6	franken_markdown	8b71ecf0661213aa2c65bd168390428aa287a9dc	fmd-font/src/gvar.rs	90	1edf1eb79750d801	CURRENT	1	90-90	CURRENT	TM-RA-1
ra:technique:franken_markdown/rm-checked-arithmetic/1b9032f6	franken_markdown	8b71ecf0661213aa2c65bd168390428aa287a9dc	src/zip.rs	245	605e52c4685c63f3	CURRENT	1	245-245	CURRENT	TM-RA-1
ra:technique:franken_markdown/rm-checked-arithmetic/1b9032f6	franken_markdown	8b71ecf0661213aa2c65bd168390428aa287a9dc	src/compress.rs	424	e31a4096341e2fa0	CURRENT	1	424-424	CURRENT	TM-RA-1
ra:technique:franken_markdown/rm-deterministic-hashing-ordering/b016bdb5	franken_markdown	8b71ecf0661213aa2c65bd168390428aa287a9dc	src/book.rs	38	df9ee0b517b27407	CURRENT	1	38-38	CURRENT	TM-RA-1
ra:technique:franken_markdown/rm-differential-oracle/2b2f9200	franken_markdown	8b71ecf0661213aa2c65bd168390428aa287a9dc	tests/parser_differential.rs	4	f0f69818ab377c63	CURRENT	1	4-4	CURRENT	TM-RA-1
ra:technique:franken_markdown/rm-differential-oracle/2b2f9200	franken_markdown	8b71ecf0661213aa2c65bd168390428aa287a9dc	tests/parser_differential.rs	5	186573445cf358a9	CURRENT	1	5-5	CURRENT	TM-RA-1
ra:technique:franken_markdown/rm-differential-oracle/2b2f9200	franken_markdown	8b71ecf0661213aa2c65bd168390428aa287a9dc	fmd-font/src/lib.rs	1231	e22018d214914543	CURRENT	1	1231-1231	CURRENT	TM-RA-1
ra:technique:franken_markdown/rm-fuzzing/657985ca	franken_markdown	8b71ecf0661213aa2c65bd168390428aa287a9dc	tests/fuzz_manifest.rs	3	8156471a6350328a	CURRENT	1	3-3	CURRENT	TM-RA-1
ra:technique:franken_markdown/rm-fuzzing/657985ca	franken_markdown	8b71ecf0661213aa2c65bd168390428aa287a9dc	tests/fuzz_manifest.rs	24	a435e4bd63351810	CURRENT	1	24-24	CURRENT	TM-RA-1
ra:technique:franken_markdown/rm-fuzzing/657985ca	franken_markdown	8b71ecf0661213aa2c65bd168390428aa287a9dc	fuzz/fuzz_targets/fuzz_font_subset.rs	1	ecfc48480ad24b50	CURRENT	1	1-1	CURRENT	TM-RA-1
ra:technique:franken_markdown/rm-spec-first/2564db76	franken_markdown	8b71ecf0661213aa2c65bd168390428aa287a9dc	scripts/commonmark-conformance.sh	15	949a7b4f843d415e	CURRENT	1	15-15	CURRENT	TM-RA-1
ra:technique:franken_markdown/rm-unsafe-discipline/0d08d434	franken_markdown	8b71ecf0661213aa2c65bd168390428aa287a9dc	src/lib.rs	27	d4e6f22e1e076733	CURRENT	1	27-27	CURRENT	TM-RA-1
ra:technique:franken_markdown/rm-unsafe-discipline/0d08d434	franken_markdown	8b71ecf0661213aa2c65bd168390428aa287a9dc	fmd-font/src/lib.rs	24	d4e6f22e1e076733	CURRENT	1	24-24	CURRENT	TM-RA-1
ra:technique:franken_markdown/rm-unsafe-discipline/0d08d434	franken_markdown	8b71ecf0661213aa2c65bd168390428aa287a9dc	fmd-font/Cargo.toml	21	cbfa4225557693f7	CURRENT	1	21-21	CURRENT	TM-RA-1
ra:technique:franken_markdown/rm-unsafe-discipline/0d08d434	franken_markdown	8b71ecf0661213aa2c65bd168390428aa287a9dc	Cargo.toml	4	997cc01f6c71e22e	CURRENT	1	4-4	CURRENT	TM-RA-1
ra:technique:franken_markdown/roundtrip-fixpoint-property/a34d881c	franken_markdown	8b71ecf0661213aa2c65bd168390428aa287a9dc	tests/md_proptest.rs	4	7afa83015b1e02f3	CURRENT	1	4-4	CURRENT	TM-RA-1
ra:technique:franken_markdown/roundtrip-fixpoint-property/a34d881c	franken_markdown	8b71ecf0661213aa2c65bd168390428aa287a9dc	tests/md_proptest.rs	6	879c095f78bac45a	CURRENT	1	6-6	CURRENT	TM-RA-1
ra:technique:franken_markdown/roundtrip-fixpoint-property/a34d881c	franken_markdown	8b71ecf0661213aa2c65bd168390428aa287a9dc	tests/md_proptest.rs	347	d96e841d9960b927	CURRENT	1	347-347	CURRENT	TM-RA-1
ra:technique:franken_markdown/roundtrip-fixpoint-property/a34d881c	franken_markdown	8b71ecf0661213aa2c65bd168390428aa287a9dc	src/md_gen.rs	9	95f916849c4e157b	CURRENT	1	9-9	CURRENT	TM-RA-1
ra:technique:franken_markdown/simd-bit-tricks/aae8815d	franken_markdown	8b71ecf0661213aa2c65bd168390428aa287a9dc	src/scanner.rs	13	ffb4810c9021ab89	CURRENT	1	13-13	CURRENT	TM-RA-1
ra:technique:franken_markdown/simd-bit-tricks/aae8815d	franken_markdown	8b71ecf0661213aa2c65bd168390428aa287a9dc	src/scanner.rs	14	a31c72aa3ab77ce5	CURRENT	1	14-14	CURRENT	TM-RA-1
ra:technique:franken_markdown/simd-bit-tricks/aae8815d	franken_markdown	8b71ecf0661213aa2c65bd168390428aa287a9dc	src/scanner.rs	419	40c836de39f3f106	CURRENT	1	419-419	CURRENT	TM-RA-1
ra:technique:franken_markdown/simd-bit-tricks/aae8815d	franken_markdown	8b71ecf0661213aa2c65bd168390428aa287a9dc	src/scanner.rs	420	d58ed9d50398597c	CURRENT	1	420-420	CURRENT	TM-RA-1
ra:technique:franken_markdown/terminal-protocol-state-machine/cbbf7b6b	franken_markdown	8b71ecf0661213aa2c65bd168390428aa287a9dc	src/layout.rs	939	5dae9c058a09cb97	CURRENT	1	939-939	CURRENT	TM-RA-1
ra:technique:franken_markdown/terminal-protocol-state-machine/cbbf7b6b	franken_markdown	8b71ecf0661213aa2c65bd168390428aa287a9dc	src/layout.rs	968	f04b21e1cefce44c	CURRENT	1	968-968	CURRENT	TM-RA-1
ra:technique:franken_native_capsule/canonical-encoding-enforcement/45a1f305	franken_native_capsule	7af57e2c43d42e77eff569b133b263c4e2a858f9	crates/frankenengine-native-capsule-api/src/lib.rs	957	66f46f1837674947	CURRENT	1	957-957	CURRENT	TM-RA-1
ra:technique:franken_native_capsule/canonical-encoding-enforcement/45a1f305	franken_native_capsule	7af57e2c43d42e77eff569b133b263c4e2a858f9	crates/frankenengine-native-capsule-api/src/lib.rs	952	8c036dda46714904	CURRENT	1	952-952	CURRENT	TM-RA-1
ra:technique:franken_native_capsule/cryptographic-primitives/c4e7af5d	franken_native_capsule	7af57e2c43d42e77eff569b133b263c4e2a858f9	crates/frankenengine-native-capsule-api/src/lib.rs	43	704877d7d9532732	CURRENT	1	43-43	CURRENT	TM-RA-1
ra:technique:franken_native_capsule/cryptographic-primitives/c4e7af5d	franken_native_capsule	7af57e2c43d42e77eff569b133b263c4e2a858f9	crates/frankenengine-native-capsule/src/validator.rs	121	25928e70830c04eb	CURRENT	1	121-121	CURRENT	TM-RA-1
ra:technique:franken_native_capsule/nonce-windowed-authorization/b8a5cfdc	franken_native_capsule	7af57e2c43d42e77eff569b133b263c4e2a858f9	crates/frankenengine-native-capsule/src/lib.rs	64	25a7565d31c0ddcc	CURRENT	1	64-64	CURRENT	TM-RA-1
ra:technique:franken_native_capsule/nonce-windowed-authorization/b8a5cfdc	franken_native_capsule	7af57e2c43d42e77eff569b133b263c4e2a858f9	crates/frankenengine-native-capsule/src/validator.rs	131	a29547c2db8586c4	CURRENT	1	131-131	CURRENT	TM-RA-1
ra:technique:franken_native_capsule/rm-checked-arithmetic/01d1dfb3	franken_native_capsule	7af57e2c43d42e77eff569b133b263c4e2a858f9	crates/franken-native-capsule-worker/src/lib.rs	119	af2ec5c20df244e6	CURRENT	1	119-119	CURRENT	TM-RA-1
ra:technique:franken_native_capsule/rm-checked-arithmetic/01d1dfb3	franken_native_capsule	7af57e2c43d42e77eff569b133b263c4e2a858f9	crates/frankenengine-native-capsule/src/validator.rs	103	667f27b6f5a647be	CURRENT	1	103-103	CURRENT	TM-RA-1
ra:technique:franken_native_capsule/rm-deterministic-hashing-ordering/e3e75870	franken_native_capsule	7af57e2c43d42e77eff569b133b263c4e2a858f9	crates/franken-native-capsule-worker/src/lib.rs	41	f0e073153956c5df	CURRENT	1	41-41	CURRENT	TM-RA-1
ra:technique:franken_native_capsule/rm-deterministic-hashing-ordering/e3e75870	franken_native_capsule	7af57e2c43d42e77eff569b133b263c4e2a858f9	crates/franken-native-capsule-worker/src/lib.rs	482	255d9b4a1d9e0dbf	CURRENT	1	482-482	CURRENT	TM-RA-1
ra:technique:franken_native_capsule/rm-deterministic-hashing-ordering/e3e75870	franken_native_capsule	7af57e2c43d42e77eff569b133b263c4e2a858f9	Cargo.toml	20	9ffe7bf17f6faf14	CURRENT	1	20-20	CURRENT	TM-RA-1
ra:technique:franken_native_capsule/rm-differential-oracle/58ca8cc0	franken_native_capsule	7af57e2c43d42e77eff569b133b263c4e2a858f9	crates/frankenengine-native-capsule/src/lib.rs	328	c87ff8ff50634c5b	CURRENT	1	328-328	CURRENT	TM-RA-1
ra:technique:franken_native_capsule/rm-differential-oracle/58ca8cc0	franken_native_capsule	7af57e2c43d42e77eff569b133b263c4e2a858f9	crates/frankenengine-native-capsule/src/lib.rs	331	0296b872370a6aed	CURRENT	1	331-331	CURRENT	TM-RA-1
ra:technique:franken_native_capsule/rm-type-driven-design/94c20c9f	franken_native_capsule	7af57e2c43d42e77eff569b133b263c4e2a858f9	crates/frankenengine-native-capsule/src/validator.rs	29	0b3de36493ac21f5	CURRENT	1	29-29	CURRENT	TM-RA-1
ra:technique:franken_native_capsule/rm-type-driven-design/94c20c9f	franken_native_capsule	7af57e2c43d42e77eff569b133b263c4e2a858f9	crates/frankenengine-native-capsule/src/platform/linux/executable_memory.rs	26	789e0102849f7e53	CURRENT	1	26-26	CURRENT	TM-RA-1
ra:technique:franken_native_capsule/rm-type-driven-design/94c20c9f	franken_native_capsule	7af57e2c43d42e77eff569b133b263c4e2a858f9	Cargo.toml	60	07a68193e1d9cd9f	CURRENT	1	60-60	CURRENT	TM-RA-1
ra:technique:franken_native_capsule/rm-unsafe-discipline/23cc20b1	franken_native_capsule	7af57e2c43d42e77eff569b133b263c4e2a858f9	crates/franken-native-capsule-worker/src/lib.rs	1	d4e6f22e1e076733	CURRENT	1	1-1	CURRENT	TM-RA-1
ra:technique:franken_native_capsule/sealed-native-artifact-contract/ad06265d	franken_native_capsule	7af57e2c43d42e77eff569b133b263c4e2a858f9	crates/frankenengine-native-capsule/src/arch/x86_64/raw_invoke.rs	21	96d1b94a020b51bd	CURRENT	1	21-21	CURRENT	TM-RA-1
ra:technique:franken_native_capsule/sealed-native-artifact-contract/be9d2811	franken_native_capsule	7af57e2c43d42e77eff569b133b263c4e2a858f9	crates/franken-native-capsule-worker/src/lib.rs	483	ded891738ee794b3	CURRENT	1	483-483	CURRENT	TM-RA-1
ra:technique:franken_native_capsule/sealed-native-artifact-contract/be9d2811	franken_native_capsule	7af57e2c43d42e77eff569b133b263c4e2a858f9	crates/frankenengine-native-capsule-api/src/lib.rs	368	031cda0acd1c75a7	CURRENT	1	368-368	CURRENT	TM-RA-1
ra:technique:franken_native_capsule/version-negotiation/84a293b0	franken_native_capsule	7af57e2c43d42e77eff569b133b263c4e2a858f9	crates/frankenengine-native-capsule-api/src/lib.rs	130	3259519b08258b28	CURRENT	1	130-130	CURRENT	TM-RA-1
ra:technique:franken_native_capsule/w-xor-x-memory/1afc1f57	franken_native_capsule	7af57e2c43d42e77eff569b133b263c4e2a858f9	crates/frankenengine-native-capsule/src/platform/linux/executable_memory.rs	120	f29d90ea131f6121	CURRENT	1	120-120	CURRENT	TM-RA-1
ra:technique:franken_native_capsule/w-xor-x-memory/1afc1f57	franken_native_capsule	7af57e2c43d42e77eff569b133b263c4e2a858f9	crates/frankenengine-native-capsule/src/platform/linux/executable_memory.rs	43	72908f2990e7a47c	CURRENT	1	43-43	CURRENT	TM-RA-1
ra:technique:franken_native_capsule/w-xor-x-memory/1afc1f57	franken_native_capsule	7af57e2c43d42e77eff569b133b263c4e2a858f9	crates/frankenengine-native-capsule/src/lib.rs	319	07f4e5d15fe1dd7b	CURRENT	1	319-319	CURRENT	TM-RA-1
ra:technique:franken_networkx/balanced-square-ab-benchmark/43a0211f	franken_networkx	4aafee01420856689d4be89f30669d7680c373a6	scripts/balanced_square_ab.py	19	029ac2d18eee6b9a	CURRENT	1	19-19	CURRENT	TM-RA-1
ra:technique:franken_networkx/balanced-square-ab-benchmark/43a0211f	franken_networkx	4aafee01420856689d4be89f30669d7680c373a6	scripts/balanced_square_ab.py	22	86f2dbb9895be468	CURRENT	1	22-22	CURRENT	TM-RA-1
ra:technique:franken_networkx/balanced-square-ab-benchmark/43a0211f	franken_networkx	4aafee01420856689d4be89f30669d7680c373a6	scripts/balanced_square_ab.py	30	a87407fa74600fda	CURRENT	1	30-30	CURRENT	TM-RA-1
ra:technique:franken_networkx/balanced-square-ab-benchmark/43a0211f	franken_networkx	4aafee01420856689d4be89f30669d7680c373a6	scripts/balanced_square_ab.py	75	45eeb4e5d729e744	CURRENT	1	75-75	CURRENT	TM-RA-1
ra:technique:franken_networkx/balanced-square-ab-benchmark/43a0211f	franken_networkx	4aafee01420856689d4be89f30669d7680c373a6	scripts/balanced_square_ab.py	141	a3bd6dca8d9274ea	CURRENT	1	141-141	CURRENT	TM-RA-1
ra:technique:franken_networkx/balanced-square-ab-benchmark/43a0211f	franken_networkx	4aafee01420856689d4be89f30669d7680c373a6	scripts/balanced_square_ab.py	3281	430bf93339eee039	CURRENT	1	3281-3281	CURRENT	TM-RA-1
ra:technique:franken_networkx/bayes-risk-loss-matrix/e1ae05e5	franken_networkx	4aafee01420856689d4be89f30669d7680c373a6	crates/fnx-runtime/src/lib.rs	2441	0e617d0ad0fa962c	CURRENT	1	2441-2441	CURRENT	TM-RA-1
ra:technique:franken_networkx/bayes-risk-loss-matrix/e1ae05e5	franken_networkx	4aafee01420856689d4be89f30669d7680c373a6	crates/fnx-runtime/src/lib.rs	3160	d4ccce16a3387c84	CURRENT	1	3160-3160	CURRENT	TM-RA-1
ra:technique:franken_networkx/bayes-risk-loss-matrix/e1ae05e5	franken_networkx	4aafee01420856689d4be89f30669d7680c373a6	crates/fnx-runtime/src/lib.rs	3165	90f6c789b8f260df	CURRENT	1	3165-3165	CURRENT	TM-RA-1
ra:technique:franken_networkx/bootstrap/8d89d649	franken_networkx	4aafee01420856689d4be89f30669d7680c373a6	scripts/balanced_square_ab.py	3163	442a3d5fbd76f352	CURRENT	1	3163-3163	CURRENT	TM-RA-1
ra:technique:franken_networkx/centrality-measures/7d637bc1	franken_networkx	4aafee01420856689d4be89f30669d7680c373a6	crates/fnx-algorithms/src/lib.rs	38	4228fca980e657dd	CURRENT	1	38-38	CURRENT	TM-RA-1
ra:technique:franken_networkx/centrality-measures/7d637bc1	franken_networkx	4aafee01420856689d4be89f30669d7680c373a6	crates/fnx-algorithms/src/lib.rs	5151	d894e3aa72c3942e	CURRENT	1	5151-5151	CURRENT	TM-RA-1
ra:technique:franken_networkx/centrality-measures/7d637bc1	franken_networkx	4aafee01420856689d4be89f30669d7680c373a6	crates/fnx-algorithms/src/lib.rs	5172	e96b1b3316e9e6ad	CURRENT	1	5172-5172	CURRENT	TM-RA-1
ra:technique:franken_networkx/centrality-measures/7d637bc1	franken_networkx	4aafee01420856689d4be89f30669d7680c373a6	crates/fnx-algorithms/src/lib.rs	5936	4d80896e3a1610e1	CURRENT	1	5936-5936	CURRENT	TM-RA-1
ra:technique:franken_networkx/community-detection/a77f2c0e	franken_networkx	4aafee01420856689d4be89f30669d7680c373a6	crates/fnx-algorithms/src/lib.rs	27550	1cee78f3af6e320f	CURRENT	1	27550-27550	CURRENT	TM-RA-1
ra:technique:franken_networkx/complexity-witness/3be0458a	franken_networkx	4aafee01420856689d4be89f30669d7680c373a6	crates/fnx-cgse/src/lib.rs	613	e76567cc4633a7d4	CURRENT	1	613-613	CURRENT	TM-RA-1
ra:technique:franken_networkx/complexity-witness/3be0458a	franken_networkx	4aafee01420856689d4be89f30669d7680c373a6	crates/fnx-cgse/src/lib.rs	614	451413723a508120	CURRENT	1	614-614	CURRENT	TM-RA-1
ra:technique:franken_networkx/flows-cuts-matching/77f5d91b	franken_networkx	4aafee01420856689d4be89f30669d7680c373a6	crates/fnx-algorithms/src/network_simplex_int.rs	6	cec9c8aca4c8fc8e	CURRENT	1	6-6	CURRENT	TM-RA-1
ra:technique:franken_networkx/flows-cuts-matching/77f5d91b	franken_networkx	4aafee01420856689d4be89f30669d7680c373a6	crates/fnx-algorithms/src/network_simplex_int.rs	7	f35adc9b20ee40bf	CURRENT	1	7-7	CURRENT	TM-RA-1
ra:technique:franken_networkx/flows-cuts-matching/77f5d91b	franken_networkx	4aafee01420856689d4be89f30669d7680c373a6	crates/fnx-algorithms/src/network_simplex_int.rs	19	d0c903be3dfffa9a	CURRENT	1	19-19	CURRENT	TM-RA-1
ra:technique:franken_networkx/graph-algorithms-core/e51feab1	franken_networkx	4aafee01420856689d4be89f30669d7680c373a6	crates/fnx-algorithms/src/lib.rs	99	6db17c694f2adabc	CURRENT	1	99-99	CURRENT	TM-RA-1
ra:technique:franken_networkx/kahan-summation/525bc05f	franken_networkx	4aafee01420856689d4be89f30669d7680c373a6	crates/fnx-python/src/lib.rs	39	50109c94ae24125c	CURRENT	1	39-39	CURRENT	TM-RA-1
ra:technique:franken_networkx/kahan-summation/525bc05f	franken_networkx	4aafee01420856689d4be89f30669d7680c373a6	crates/fnx-python/src/lib.rs	40	c197aa38da9c0497	CURRENT	1	40-40	CURRENT	TM-RA-1
ra:technique:franken_networkx/kahan-summation/525bc05f	franken_networkx	4aafee01420856689d4be89f30669d7680c373a6	python/franken_networkx/__init__.py	8189	a350bb10773a8332	CURRENT	1	8189-8189	CURRENT	TM-RA-1
ra:technique:franken_networkx/minhash-lsh/0b291285	franken_networkx	4aafee01420856689d4be89f30669d7680c373a6	crates/fnx-conformance/src/lib.rs	464	4bc17031d4a667a0	CURRENT	1	464-464	CURRENT	TM-RA-1
ra:technique:franken_networkx/raptorq-fountain/7818953a	franken_networkx	4aafee01420856689d4be89f30669d7680c373a6	crates/fnx-durability/src/lib.rs	5	21e05f44e23c2194	CURRENT	1	5-5	CURRENT	TM-RA-1
ra:technique:franken_networkx/raptorq-fountain/7818953a	franken_networkx	4aafee01420856689d4be89f30669d7680c373a6	crates/fnx-durability/src/lib.rs	40	d5c79658f64c5e8e	CURRENT	1	40-40	CURRENT	TM-RA-1
ra:technique:franken_networkx/rm-deterministic-hashing-ordering/b2aab0e4	franken_networkx	4aafee01420856689d4be89f30669d7680c373a6	crates/fnx-cgse/src/lib.rs	5	a390cd73ebdddd4d	CURRENT	1	5-5	CURRENT	TM-RA-1
ra:technique:franken_networkx/rm-deterministic-hashing-ordering/b2aab0e4	franken_networkx	4aafee01420856689d4be89f30669d7680c373a6	crates/fnx-cgse/src/lib.rs	54	f254b79f57601790	CURRENT	1	54-54	CURRENT	TM-RA-1
ra:technique:franken_networkx/rm-deterministic-hashing-ordering/b2aab0e4	franken_networkx	4aafee01420856689d4be89f30669d7680c373a6	crates/fnx-cgse/src/lib.rs	459	148ce002322cef6b	CURRENT	1	459-459	CURRENT	TM-RA-1
ra:technique:franken_networkx/rm-differential-oracle/b9d4e449	franken_networkx	4aafee01420856689d4be89f30669d7680c373a6	crates/fnx-conformance/src/lib.rs	63	460e99305fcb5da3	CURRENT	1	63-63	CURRENT	TM-RA-1
ra:technique:franken_networkx/rm-evidence-receipts/e4cd5741	franken_networkx	4aafee01420856689d4be89f30669d7680c373a6	crates/fnx-cgse/src/lib.rs	6	c6b25a90dc75e6f2	CURRENT	1	6-6	CURRENT	TM-RA-1
ra:technique:franken_networkx/rm-evidence-receipts/e4cd5741	franken_networkx	4aafee01420856689d4be89f30669d7680c373a6	crates/fnx-cgse/src/lib.rs	188	96a89e14084b0ac8	CURRENT	1	188-188	CURRENT	TM-RA-1
ra:technique:franken_networkx/rm-fuzzing/86d9f628	franken_networkx	4aafee01420856689d4be89f30669d7680c373a6	fuzz/fuzz_targets/arbitrary_graph.rs	1	b54da595ed852c60	CURRENT	1	1-1	CURRENT	TM-RA-1
ra:technique:franken_networkx/rm-unsafe-discipline/0c8269ff	franken_networkx	4aafee01420856689d4be89f30669d7680c373a6	crates/fnx-algorithms/src/lib.rs	1	d4e6f22e1e076733	CURRENT	1	1-1	CURRENT	TM-RA-1
ra:technique:franken_networkx/rm-unsafe-discipline/0c8269ff	franken_networkx	4aafee01420856689d4be89f30669d7680c373a6	crates/fnx-cgse/src/lib.rs	19	d4e6f22e1e076733	CURRENT	1	19-19	CURRENT	TM-RA-1
ra:technique:franken_networkx/rng-algorithms/a8cf4c62	franken_networkx	4aafee01420856689d4be89f30669d7680c373a6	crates/fnx-algorithms/src/lib.rs	16232	ad05b0d0aa36c01b	CURRENT	1	16232-16232	CURRENT	TM-RA-1
ra:technique:franken_networkx/rng-algorithms/a8cf4c62	franken_networkx	4aafee01420856689d4be89f30669d7680c373a6	crates/fnx-algorithms/src/lib.rs	16272	82f48ab8fa13c3cf	CURRENT	1	16272-16272	CURRENT	TM-RA-1
ra:technique:franken_networkx/rng-algorithms/a8cf4c62	franken_networkx	4aafee01420856689d4be89f30669d7680c373a6	crates/fnx-algorithms/src/lib.rs	27577	fc0439e6df05e48f	CURRENT	1	27577-27577	CURRENT	TM-RA-1
ra:technique:franken_networkx/spanning-trees-union-find/50c872db	franken_networkx	4aafee01420856689d4be89f30669d7680c373a6	crates/fnx-algorithms/src/lib.rs	13840	185dbc5844dda978	CURRENT	1	13840-13840	CURRENT	TM-RA-1
ra:technique:franken_networkx/spanning-trees-union-find/50c872db	franken_networkx	4aafee01420856689d4be89f30669d7680c373a6	crates/fnx-algorithms/src/lib.rs	13845	39d753cc393712e9	CURRENT	1	13845-13845	CURRENT	TM-RA-1
ra:technique:franken_networkx/spectral-graph-theory/f5462ce9	franken_networkx	4aafee01420856689d4be89f30669d7680c373a6	crates/fnx-algorithms/src/lib.rs	51593	075a6162842718f5	CURRENT	1	51593-51593	CURRENT	TM-RA-1
ra:technique:franken_networkx/spectral-graph-theory/f5462ce9	franken_networkx	4aafee01420856689d4be89f30669d7680c373a6	crates/fnx-algorithms/src/lib.rs	51717	a3f9e2e82413c567	CURRENT	1	51717-51717	CURRENT	TM-RA-1
ra:technique:franken_networkx/spectral-graph-theory/f5462ce9	franken_networkx	4aafee01420856689d4be89f30669d7680c373a6	crates/fnx-algorithms/src/lib.rs	51747	461fc9b73dde4716	CURRENT	1	51747-51747	CURRENT	TM-RA-1
ra:technique:franken_networkx/ulp-float-semantics/a9effe24	franken_networkx	4aafee01420856689d4be89f30669d7680c373a6	crates/fnx-algorithms/src/lib.rs	93	69564503b0a3035e	CURRENT	1	93-93	CURRENT	TM-RA-1
ra:technique:franken_node/bayes-theorem/5298f336	franken_node	9ef193a4c376159fd6d765b9cbc83e4cea74bc25	crates/franken-node/src/security/adversary_graph.rs	4	7d6f636b339539a9	CURRENT	1	4-4	CURRENT	TM-RA-1
ra:technique:franken_node/bayes-theorem/5298f336	franken_node	9ef193a4c376159fd6d765b9cbc83e4cea74bc25	crates/franken-node/src/security/adversary_graph.rs	28	d15ac5408babbcf7	CURRENT	1	28-28	CURRENT	TM-RA-1
ra:technique:franken_node/bayes-theorem/5298f336	franken_node	9ef193a4c376159fd6d765b9cbc83e4cea74bc25	crates/franken-node/src/policy/bayesian_diagnostics.rs	9	6492446b01443baa	CURRENT	1	9-9	CURRENT	TM-RA-1
ra:technique:franken_node/bayes-theorem/5298f336	franken_node	9ef193a4c376159fd6d765b9cbc83e4cea74bc25	crates/franken-node/src/policy/bayesian_diagnostics.rs	11	e69696b54e4b16cb	CURRENT	1	11-11	CURRENT	TM-RA-1
ra:technique:franken_node/bus-factor-spof/70b07724	franken_node	9ef193a4c376159fd6d765b9cbc83e4cea74bc25	crates/franken-node/src/dgis/spof_detection.rs	14	c86c228723462dd7	CURRENT	1	14-14	CURRENT	TM-RA-1
ra:technique:franken_node/bus-factor-spof/70b07724	franken_node	9ef193a4c376159fd6d765b9cbc83e4cea74bc25	crates/franken-node/src/dgis/spof_detection.rs	17	f58cb8d711ff3f58	CURRENT	1	17-17	CURRENT	TM-RA-1
ra:technique:franken_node/bus-factor-spof/70b07724	franken_node	9ef193a4c376159fd6d765b9cbc83e4cea74bc25	crates/franken-node/src/dgis/fragility_model.rs	27	b6eb2359592c5bae	CURRENT	1	27-27	CURRENT	TM-RA-1
ra:technique:franken_node/capability-security/788ed533	franken_node	9ef193a4c376159fd6d765b9cbc83e4cea74bc25	crates/franken-node/src/security/impossible_default.rs	27	2a8d057a72abae90	CURRENT	1	27-27	CURRENT	TM-RA-1
ra:technique:franken_node/capability-security/788ed533	franken_node	9ef193a4c376159fd6d765b9cbc83e4cea74bc25	crates/franken-node/src/security/impossible_default.rs	28	a345063a7a1dfe2b	CURRENT	1	28-28	CURRENT	TM-RA-1
ra:technique:franken_node/capability-security/788ed533	franken_node	9ef193a4c376159fd6d765b9cbc83e4cea74bc25	config/security_critical_modules.toml	5	59da1c8d2683755a	CURRENT	1	5-5	CURRENT	TM-RA-1
ra:technique:franken_node/consensus-raft-paxos/d7c51c5f	franken_node	9ef193a4c376159fd6d765b9cbc83e4cea74bc25	crates/franken-node/src/connector/durability.rs	7	4b63a97bca37631f	CURRENT	1	7-7	CURRENT	TM-RA-1
ra:technique:franken_node/consensus-raft-paxos/d7c51c5f	franken_node	9ef193a4c376159fd6d765b9cbc83e4cea74bc25	crates/franken-node/src/connector/durability.rs	49	28058165e04c6917	CURRENT	1	49-49	CURRENT	TM-RA-1
ra:technique:franken_node/consensus-raft-paxos/d7c51c5f	franken_node	9ef193a4c376159fd6d765b9cbc83e4cea74bc25	crates/franken-node/src/connector/durability.rs	524	1d48d693be5fe0f1	CURRENT	1	524-524	CURRENT	TM-RA-1
ra:technique:franken_node/correctness-envelope/802a3f80	franken_node	9ef193a4c376159fd6d765b9cbc83e4cea74bc25	crates/franken-node/src/policy/correctness_envelope.rs	3	54766a9fb8912228	CURRENT	1	3-3	CURRENT	TM-RA-1
ra:technique:franken_node/correctness-envelope/802a3f80	franken_node	9ef193a4c376159fd6d765b9cbc83e4cea74bc25	crates/franken-node/src/policy/correctness_envelope.rs	4	da1feec2b458242b	CURRENT	1	4-4	CURRENT	TM-RA-1
ra:technique:franken_node/count-min-sketch/d830102e	franken_node	9ef193a4c376159fd6d765b9cbc83e4cea74bc25	crates/franken-node/src/federation/atc_sketches.rs	15	a5cdee2a2bc42b1d	CURRENT	1	15-15	CURRENT	TM-RA-1
ra:technique:franken_node/count-min-sketch/d830102e	franken_node	9ef193a4c376159fd6d765b9cbc83e4cea74bc25	crates/franken-node/src/federation/atc_sketches.rs	16	1de8dce969349ef6	CURRENT	1	16-16	CURRENT	TM-RA-1
ra:technique:franken_node/count-min-sketch/d830102e	franken_node	9ef193a4c376159fd6d765b9cbc83e4cea74bc25	crates/franken-node/src/federation/atc_sketches.rs	36	f6c09cc7be7e4cd6	CURRENT	1	36-36	CURRENT	TM-RA-1
ra:technique:franken_node/crdt/e5216d4e	franken_node	9ef193a4c376159fd6d765b9cbc83e4cea74bc25	crates/franken-node/src/connector/crdt.rs	4	cd913ecf519b5429	CURRENT	1	4-4	CURRENT	TM-RA-1
ra:technique:franken_node/crdt/e5216d4e	franken_node	9ef193a4c376159fd6d765b9cbc83e4cea74bc25	crates/franken-node/src/connector/crdt.rs	5	5c9c81b254f53097	CURRENT	1	5-5	CURRENT	TM-RA-1
ra:technique:franken_node/cryptographic-primitives/36e3fafc	franken_node	9ef193a4c376159fd6d765b9cbc83e4cea74bc25	crates/franken-node/src/security/threshold_sig.rs	3	f9da8da70faa9d82	CURRENT	1	3-3	CURRENT	TM-RA-1
ra:technique:franken_node/cryptographic-primitives/36e3fafc	franken_node	9ef193a4c376159fd6d765b9cbc83e4cea74bc25	crates/franken-node/src/connector/canonical_serializer.rs	10	608344e36d9c8f00	CURRENT	1	10-10	CURRENT	TM-RA-1
ra:technique:franken_node/cryptographic-primitives/36e3fafc	franken_node	9ef193a4c376159fd6d765b9cbc83e4cea74bc25	crates/franken-node/src/connector/canonical_serializer.rs	12	21d05dbd1ab71262	CURRENT	1	12-12	CURRENT	TM-RA-1
ra:technique:franken_node/dpor-model-checking/c6dfd83f	franken_node	9ef193a4c376159fd6d765b9cbc83e4cea74bc25	crates/franken-node/src/control_plane/dpor_exploration.rs	10	282b494ca41b5c2d	CURRENT	1	10-10	CURRENT	TM-RA-1
ra:technique:franken_node/dpor-model-checking/c6dfd83f	franken_node	9ef193a4c376159fd6d765b9cbc83e4cea74bc25	crates/franken-node/src/control_plane/dpor_exploration.rs	15	fc8f6919ab92a748	CURRENT	1	15-15	CURRENT	TM-RA-1
ra:technique:franken_node/dpor-model-checking/c6dfd83f	franken_node	9ef193a4c376159fd6d765b9cbc83e4cea74bc25	crates/franken-node/src/runtime/anti_entropy.rs	5237	0f3acbd834333eb8	CURRENT	1	5237-5237	CURRENT	TM-RA-1
ra:technique:franken_node/dpor-model-checking/c6dfd83f	franken_node	9ef193a4c376159fd6d765b9cbc83e4cea74bc25	crates/franken-node/Cargo.toml	181	63443200e7e36c15	CURRENT	1	181-181	CURRENT	TM-RA-1
ra:technique:franken_node/epidemic-contagion-model/b81e7654	franken_node	9ef193a4c376159fd6d765b9cbc83e4cea74bc25	crates/franken-node/src/dgis/contagion_simulator.rs	5	659a262530a81257	CURRENT	1	5-5	CURRENT	TM-RA-1
ra:technique:franken_node/epidemic-contagion-model/b81e7654	franken_node	9ef193a4c376159fd6d765b9cbc83e4cea74bc25	crates/franken-node/src/dgis/contagion_simulator.rs	12	fdfdc56aee324c80	CURRENT	1	12-12	CURRENT	TM-RA-1
ra:technique:franken_node/epidemic-contagion-model/b81e7654	franken_node	9ef193a4c376159fd6d765b9cbc83e4cea74bc25	crates/franken-node/src/dgis/contagion_simulator.rs	18	43b139e8082722ab	CURRENT	1	18-18	CURRENT	TM-RA-1
ra:technique:franken_node/merkle-tree/68b4ce7e	franken_node	9ef193a4c376159fd6d765b9cbc83e4cea74bc25	crates/franken-node/src/control_plane/fork_detection.rs	11	b4c7305e1cc62f63	CURRENT	1	11-11	CURRENT	TM-RA-1
ra:technique:franken_node/merkle-tree/68b4ce7e	franken_node	9ef193a4c376159fd6d765b9cbc83e4cea74bc25	crates/franken-node/src/control_plane/fork_detection.rs	13	23d0133989366701	CURRENT	1	13-13	CURRENT	TM-RA-1
ra:technique:franken_node/merkle-tree/68b4ce7e	franken_node	9ef193a4c376159fd6d765b9cbc83e4cea74bc25	crates/franken-node/src/connector/policy_checkpoint.rs	17	47d1f1bcc030d79d	CURRENT	1	17-17	CURRENT	TM-RA-1
ra:technique:franken_node/merkle-tree/68b4ce7e	franken_node	9ef193a4c376159fd6d765b9cbc83e4cea74bc25	crates/franken-node/src/cli.rs	876	09b72e6c8b729688	CURRENT	1	876-876	CURRENT	TM-RA-1
ra:technique:franken_node/proof-carrying-code/85d4ef67	franken_node	9ef193a4c376159fd6d765b9cbc83e4cea74bc25	crates/franken-node/src/runtime/effect_receipt.rs	21	9aec45102beddbf5	CURRENT	1	21-21	CURRENT	TM-RA-1
ra:technique:franken_node/proof-carrying-code/85d4ef67	franken_node	9ef193a4c376159fd6d765b9cbc83e4cea74bc25	crates/franken-node/src/runtime/effect_receipt.rs	22	e61379f74a127b28	CURRENT	1	22-22	CURRENT	TM-RA-1
ra:technique:franken_node/proof-carrying-code/85d4ef67	franken_node	9ef193a4c376159fd6d765b9cbc83e4cea74bc25	crates/franken-node/src/api/compat_gate.rs	29	64fc105aac7ecf32	CURRENT	1	29-29	CURRENT	TM-RA-1
ra:technique:franken_node/rm-deterministic-hashing-ordering/d9947243	franken_node	9ef193a4c376159fd6d765b9cbc83e4cea74bc25	crates/franken-node/src/encoding/deterministic_seed.rs	11	4e1477359a19c816	CURRENT	1	11-11	CURRENT	TM-RA-1
ra:technique:franken_node/rm-deterministic-hashing-ordering/d9947243	franken_node	9ef193a4c376159fd6d765b9cbc83e4cea74bc25	crates/franken-node/src/encoding/deterministic_seed.rs	13	978ef098d574eb48	CURRENT	1	13-13	CURRENT	TM-RA-1
ra:technique:franken_node/rm-deterministic-hashing-ordering/d9947243	franken_node	9ef193a4c376159fd6d765b9cbc83e4cea74bc25	crates/franken-node/src/connector/canonical_serializer.rs	9	ee62e9065cb511be	CURRENT	1	9-9	CURRENT	TM-RA-1
ra:technique:franken_node/rm-differential-oracle/dac71f8c	franken_node	9ef193a4c376159fd6d765b9cbc83e4cea74bc25	crates/franken-node/src/api/compat_conformance.rs	24	a1beac7495079245	CURRENT	1	24-24	CURRENT	TM-RA-1
ra:technique:franken_node/rm-differential-oracle/dac71f8c	franken_node	9ef193a4c376159fd6d765b9cbc83e4cea74bc25	crates/franken-node/src/api/compat_conformance.rs	25	23704717d1e6e009	CURRENT	1	25-25	CURRENT	TM-RA-1
ra:technique:franken_node/rm-differential-oracle/dac71f8c	franken_node	9ef193a4c376159fd6d765b9cbc83e4cea74bc25	crates/franken-node/src/api/compat_conformance.rs	32	c928523f5b2c56fa	CURRENT	1	32-32	CURRENT	TM-RA-1
ra:technique:franken_node/rm-differential-oracle/dac71f8c	franken_node	9ef193a4c376159fd6d765b9cbc83e4cea74bc25	crates/franken-node/src/connector/n_version_oracle.rs	46	25bab14fcee56883	CURRENT	1	46-46	CURRENT	TM-RA-1
ra:technique:franken_node/rm-evidence-receipts/445d7379	franken_node	9ef193a4c376159fd6d765b9cbc83e4cea74bc25	sdk/verifier/src/honesty_manifest.rs	21	f9151f35730df7f7	CURRENT	1	21-21	CURRENT	TM-RA-1
ra:technique:franken_node/rm-evidence-receipts/445d7379	franken_node	9ef193a4c376159fd6d765b9cbc83e4cea74bc25	sdk/verifier/src/honesty_manifest.rs	24	66294c53e87f75d6	CURRENT	1	24-24	CURRENT	TM-RA-1
ra:technique:franken_node/rm-evidence-receipts/445d7379	franken_node	9ef193a4c376159fd6d765b9cbc83e4cea74bc25	sdk/verifier/src/lib.rs	6	92574201ab829ab2	CURRENT	1	6-6	CURRENT	TM-RA-1
ra:technique:franken_node/rm-fuzzing/62cf9fa9	franken_node	9ef193a4c376159fd6d765b9cbc83e4cea74bc25	crates/franken-node/src/test_strategies/mod.rs	3	67d56a33b6ed6eed	CURRENT	1	3-3	CURRENT	TM-RA-1
ra:technique:franken_node/rm-fuzzing/62cf9fa9	franken_node	9ef193a4c376159fd6d765b9cbc83e4cea74bc25	sdk/verifier/src/honesty_manifest.rs	5	b3e3797c955a5062	CURRENT	1	5-5	CURRENT	TM-RA-1
ra:technique:franken_node/rm-unsafe-discipline/24cc8ada	franken_node	9ef193a4c376159fd6d765b9cbc83e4cea74bc25	crates/franken-node/src/lib.rs	1	d4e6f22e1e076733	CURRENT	1	1-1	CURRENT	TM-RA-1
ra:technique:franken_node/rm-unsafe-discipline/24cc8ada	franken_node	9ef193a4c376159fd6d765b9cbc83e4cea74bc25	crates/franken-node/src/api/compat_conformance.rs	35	5458885e314ad683	CURRENT	1	35-35	CURRENT	TM-RA-1
ra:technique:franken_node/rm-unsafe-discipline/24cc8ada	franken_node	9ef193a4c376159fd6d765b9cbc83e4cea74bc25	deny.toml	3	755766cd32528f67	CURRENT	1	3-3	CURRENT	TM-RA-1
ra:technique:franken_node/structured-concurrency/0975c087	franken_node	9ef193a4c376159fd6d765b9cbc83e4cea74bc25	crates/franken-node/src/control_plane/cancellation_protocol.rs	12	a84b58d3b0879d54	CURRENT	1	12-12	CURRENT	TM-RA-1
ra:technique:franken_node/structured-concurrency/0975c087	franken_node	9ef193a4c376159fd6d765b9cbc83e4cea74bc25	crates/franken-node/src/control_plane/cancellation_protocol.rs	15	83e7f2eef09de711	CURRENT	1	15-15	CURRENT	TM-RA-1
ra:technique:franken_node/structured-concurrency/0975c087	franken_node	9ef193a4c376159fd6d765b9cbc83e4cea74bc25	crates/franken-node/src/connector/cancel_injection_gate.rs	14	b82c88c40e973e18	CURRENT	1	14-14	CURRENT	TM-RA-1
ra:technique:franken_node/structured-concurrency/0975c087	franken_node	9ef193a4c376159fd6d765b9cbc83e4cea74bc25	crates/franken-node/src/connector/cancel_injection_gate.rs	43	b5ff1d8bc09289a8	CURRENT	1	43-43	CURRENT	TM-RA-1
ra:technique:franken_node/ville-inequality/a4d766ca	franken_node	9ef193a4c376159fd6d765b9cbc83e4cea74bc25	crates/franken-node/src/policy/bayesian_diagnostics.rs	159	90c04cce18665cb3	CURRENT	1	159-159	CURRENT	TM-RA-1
ra:technique:franken_node/ville-inequality/a4d766ca	franken_node	9ef193a4c376159fd6d765b9cbc83e4cea74bc25	crates/franken-node/src/policy/bayesian_diagnostics.rs	260	75b66b7a374538dc	CURRENT	1	260-260	CURRENT	TM-RA-1
ra:technique:franken_node/ville-inequality/a4d766ca	franken_node	9ef193a4c376159fd6d765b9cbc83e4cea74bc25	crates/franken-node/src/policy/bayesian_diagnostics.rs	288	9eb36e57efb2f99f	CURRENT	1	288-288	CURRENT	TM-RA-1
ra:technique:franken_node/ville-inequality/a4d766ca	franken_node	9ef193a4c376159fd6d765b9cbc83e4cea74bc25	crates/franken-node/src/policy/bayesian_diagnostics.rs	361	302390e6ff69f7aa	CURRENT	1	361-361	CURRENT	TM-RA-1
ra:technique:franken_node/ville-inequality/a4d766ca	franken_node	9ef193a4c376159fd6d765b9cbc83e4cea74bc25	crates/franken-node/src/policy/runtime_sentinel.rs	14	3f6f3bbaf89e068d	CURRENT	1	14-14	CURRENT	TM-RA-1
ra:technique:franken_node/wal-aries/37b3443f	franken_node	9ef193a4c376159fd6d765b9cbc83e4cea74bc25	crates/franken-node/src/ops/engine_dispatcher.rs	2048	2d8c4a2708c1ac1e	CURRENT	1	2048-2048	CURRENT	TM-RA-1
ra:technique:franken_node/wal-aries/37b3443f	franken_node	9ef193a4c376159fd6d765b9cbc83e4cea74bc25	crates/franken-node/src/ops/engine_dispatcher.rs	2049	32ec912e7b69750c	CURRENT	1	2049-2049	CURRENT	TM-RA-1
ra:technique:franken_node/wal-aries/37b3443f	franken_node	9ef193a4c376159fd6d765b9cbc83e4cea74bc25	crates/franken-node/src/ops/engine_dispatcher.rs	2247	1096e6aa33bcc66f	CURRENT	1	2247-2247	CURRENT	TM-RA-1
ra:technique:franken_node/wal-aries/37b3443f	franken_node	9ef193a4c376159fd6d765b9cbc83e4cea74bc25	crates/franken-node/src/ops/engine_dispatcher.rs	2252	eb6f95be62c5895c	CURRENT	1	2252-2252	CURRENT	TM-RA-1
ra:technique:franken_numpy/aliasing-overlap-policy/c54c6056	franken_numpy	85a2358554a22872264c03348dd0e437325cf6d6	crates/fnp-iter/src/lib.rs	1461	17e0b08bc7ba35c3	CURRENT	1	1461-1461	CURRENT	TM-RA-1
ra:technique:franken_numpy/aliasing-overlap-policy/c54c6056	franken_numpy	85a2358554a22872264c03348dd0e437325cf6d6	crates/fnp-iter/src/lib.rs	227	966a51823bb07d38	CURRENT	1	227-227	CURRENT	TM-RA-1
ra:technique:franken_numpy/amdahl-gustafson-roofline/f0ad5ad3	franken_numpy	85a2358554a22872264c03348dd0e437325cf6d6	crates/fnp-python/src/lib.rs	811	57c17bfde20bd0c6	CURRENT	1	811-811	CURRENT	TM-RA-1
ra:technique:franken_numpy/amdahl-gustafson-roofline/f0ad5ad3	franken_numpy	85a2358554a22872264c03348dd0e437325cf6d6	crates/fnp-ufunc/src/lib.rs	17675	132cb295e7aabc57	CURRENT	1	17675-17675	CURRENT	TM-RA-1
ra:technique:franken_numpy/balanced-square-ab-benchmark/e30c7242	franken_numpy	85a2358554a22872264c03348dd0e437325cf6d6	crates/fnp-python/benches/common/mod.rs	38	f6f24882107c410e	CURRENT	1	38-38	CURRENT	TM-RA-1
ra:technique:franken_numpy/balanced-square-ab-benchmark/e30c7242	franken_numpy	85a2358554a22872264c03348dd0e437325cf6d6	crates/fnp-python/benches/common/mod.rs	36	ee3122a51eb2b5af	CURRENT	1	36-36	CURRENT	TM-RA-1
ra:technique:franken_numpy/balanced-square-ab-benchmark/e30c7242	franken_numpy	85a2358554a22872264c03348dd0e437325cf6d6	crates/fnp-python/benches/common/mod.rs	1018	6591291ef1fc89c9	CURRENT	1	1018-1018	CURRENT	TM-RA-1
ra:technique:franken_numpy/balanced-square-ab-benchmark/e30c7242	franken_numpy	85a2358554a22872264c03348dd0e437325cf6d6	crates/fnp-python/benches/common/mod.rs	1219	75e3b4d32f68c7cf	CURRENT	1	1219-1219	CURRENT	TM-RA-1
ra:technique:franken_numpy/bayes-theorem/895d2101	franken_numpy	85a2358554a22872264c03348dd0e437325cf6d6	crates/fnp-runtime/src/lib.rs	461	3a5018406c15b8eb	CURRENT	1	461-461	CURRENT	TM-RA-1
ra:technique:franken_numpy/bayes-theorem/895d2101	franken_numpy	85a2358554a22872264c03348dd0e437325cf6d6	crates/fnp-runtime/src/lib.rs	222	0b541f9c36bcfa09	CURRENT	1	222-222	CURRENT	TM-RA-1
ra:technique:franken_numpy/bayes-theorem/895d2101	franken_numpy	85a2358554a22872264c03348dd0e437325cf6d6	crates/fnp-runtime/src/lib.rs	123	570f65e9bf6aa457	CURRENT	1	123-123	CURRENT	TM-RA-1
ra:technique:franken_numpy/blas-lapack-gemm/fb4494d2	franken_numpy	85a2358554a22872264c03348dd0e437325cf6d6	crates/fnp-python/src/dot_f64_passthrough.rs	3	aa4ae93fe6a08dd9	CURRENT	1	3-3	CURRENT	TM-RA-1
ra:technique:franken_numpy/blas-lapack-gemm/fb4494d2	franken_numpy	85a2358554a22872264c03348dd0e437325cf6d6	crates/fnp-python/src/dot_f64_passthrough.rs	7	4f148ba0eb4cfabf	CURRENT	1	7-7	CURRENT	TM-RA-1
ra:technique:franken_numpy/condition-number/6aec02ac	franken_numpy	85a2358554a22872264c03348dd0e437325cf6d6	crates/fnp-linalg/src/lib.rs	32	575fd42f082dd76d	CURRENT	1	32-32	CURRENT	TM-RA-1
ra:technique:franken_numpy/dtype-promotion-lattice/26b40e08	franken_numpy	85a2358554a22872264c03348dd0e437325cf6d6	crates/fnp-dtype/src/lib.rs	209	489a627c1f28b3b3	CURRENT	1	209-209	CURRENT	TM-RA-1
ra:technique:franken_numpy/dtype-promotion-lattice/26b40e08	franken_numpy	85a2358554a22872264c03348dd0e437325cf6d6	crates/fnp-dtype/src/lib.rs	2524	a3f39ec91a658c3b	CURRENT	1	2524-2524	CURRENT	TM-RA-1
ra:technique:franken_numpy/dtype-promotion-lattice/26b40e08	franken_numpy	85a2358554a22872264c03348dd0e437325cf6d6	crates/fnp-dtype/src/lib.rs	2527	164cf414900ac4cd	CURRENT	1	2527-2527	CURRENT	TM-RA-1
ra:technique:franken_numpy/dtype-promotion-lattice/26b40e08	franken_numpy	85a2358554a22872264c03348dd0e437325cf6d6	crates/fnp-dtype/src/lib.rs	2620	675973965014fbe2	CURRENT	1	2620-2620	CURRENT	TM-RA-1
ra:technique:franken_numpy/eigen-schur-hessenberg/c71f1647	franken_numpy	85a2358554a22872264c03348dd0e437325cf6d6	crates/fnp-python/src/lib.rs	31091	5b4b72c1bfa03a14	CURRENT	1	31091-31091	CURRENT	TM-RA-1
ra:technique:franken_numpy/eigen-schur-hessenberg/c71f1647	franken_numpy	85a2358554a22872264c03348dd0e437325cf6d6	crates/fnp-python/src/lib.rs	31093	7233cab8d68dc86c	CURRENT	1	31093-31093	CURRENT	TM-RA-1
ra:technique:franken_numpy/einsum-broadcasting-strides/9472bee3	franken_numpy	85a2358554a22872264c03348dd0e437325cf6d6	crates/fnp-ndarray/src/lib.rs	116	b5665d3e7126546c	CURRENT	1	116-116	CURRENT	TM-RA-1
ra:technique:franken_numpy/einsum-broadcasting-strides/9472bee3	franken_numpy	85a2358554a22872264c03348dd0e437325cf6d6	crates/fnp-ndarray/src/lib.rs	278	5dd50f120b5b6300	CURRENT	1	278-278	CURRENT	TM-RA-1
ra:technique:franken_numpy/einsum-broadcasting-strides/9472bee3	franken_numpy	85a2358554a22872264c03348dd0e437325cf6d6	crates/fnp-conformance/src/lib.rs	3374	d3803ac58d14f686	CURRENT	1	3374-3374	CURRENT	TM-RA-1
ra:technique:franken_numpy/fft/18483490	franken_numpy	85a2358554a22872264c03348dd0e437325cf6d6	crates/fnp-ufunc/src/lib.rs	35265	f4619c4cd5e6f9df	CURRENT	1	35265-35265	CURRENT	TM-RA-1
ra:technique:franken_numpy/fft/18483490	franken_numpy	85a2358554a22872264c03348dd0e437325cf6d6	crates/fnp-ufunc/src/lib.rs	35263	be248d2ed42bd184	CURRENT	1	35263-35263	CURRENT	TM-RA-1
ra:technique:franken_numpy/named-distributions/7b6014c7	franken_numpy	85a2358554a22872264c03348dd0e437325cf6d6	crates/fnp-random/src/lib.rs	5231	c461269990ebaf54	CURRENT	1	5231-5231	CURRENT	TM-RA-1
ra:technique:franken_numpy/named-distributions/7b6014c7	franken_numpy	85a2358554a22872264c03348dd0e437325cf6d6	crates/fnp-random/src/lib.rs	6723	d740ddfbbc85c5b6	CURRENT	1	6723-6723	CURRENT	TM-RA-1
ra:technique:franken_numpy/named-distributions/7b6014c7	franken_numpy	85a2358554a22872264c03348dd0e437325cf6d6	crates/fnp-random/src/ziggurat.rs	3	a8d329e958607a4d	CURRENT	1	3-3	CURRENT	TM-RA-1
ra:technique:franken_numpy/named-distributions/7b6014c7	franken_numpy	85a2358554a22872264c03348dd0e437325cf6d6	crates/fnp-random/src/lib.rs	5357	1c9a7f34ed7e2679	CURRENT	1	5357-5357	CURRENT	TM-RA-1
ra:technique:franken_numpy/raptorq-fountain/23f75a05	franken_numpy	85a2358554a22872264c03348dd0e437325cf6d6	crates/fnp-conformance/src/raptorq_artifacts.rs	6	571a408c295d975b	CURRENT	1	6-6	CURRENT	TM-RA-1
ra:technique:franken_numpy/raptorq-fountain/23f75a05	franken_numpy	85a2358554a22872264c03348dd0e437325cf6d6	crates/fnp-conformance/src/raptorq_artifacts.rs	270	26771fa999f65770	CURRENT	1	270-270	CURRENT	TM-RA-1
ra:technique:franken_numpy/rm-checked-arithmetic/4d504b1e	franken_numpy	85a2358554a22872264c03348dd0e437325cf6d6	crates/fnp-ndarray/src/lib.rs	278	5dd50f120b5b6300	CURRENT	1	278-278	CURRENT	TM-RA-1
ra:technique:franken_numpy/rm-checked-arithmetic/4d504b1e	franken_numpy	85a2358554a22872264c03348dd0e437325cf6d6	crates/fnp-linalg/src/lib.rs	40	7a584af796c71c76	CURRENT	1	40-40	CURRENT	TM-RA-1
ra:technique:franken_numpy/rm-differential-oracle/71860e6d	franken_numpy	85a2358554a22872264c03348dd0e437325cf6d6	crates/fnp-python/src/lib.rs	8313	39e4012cf9fa51d5	CURRENT	1	8313-8313	CURRENT	TM-RA-1
ra:technique:franken_numpy/rm-differential-oracle/71860e6d	franken_numpy	85a2358554a22872264c03348dd0e437325cf6d6	crates/fnp-python/src/lib.rs	8392	913ba3ec22d69d2b	CURRENT	1	8392-8392	CURRENT	TM-RA-1
ra:technique:franken_numpy/rm-differential-oracle/71860e6d	franken_numpy	85a2358554a22872264c03348dd0e437325cf6d6	crates/fnp-python/src/lib.rs	8288	92ecf765041a884f	CURRENT	1	8288-8288	CURRENT	TM-RA-1
ra:technique:franken_numpy/rm-differential-oracle/71860e6d	franken_numpy	85a2358554a22872264c03348dd0e437325cf6d6	crates/fnp-python/src/lib.rs	8283	ca93226b0f5348d2	CURRENT	1	8283-8283	CURRENT	TM-RA-1
ra:technique:franken_numpy/rm-differential-oracle/1aedbf77	franken_numpy	85a2358554a22872264c03348dd0e437325cf6d6	crates/fnp-conformance/src/ufunc_differential.rs	33	99ca3c2a6d4890f3	CURRENT	1	33-33	CURRENT	TM-RA-1
ra:technique:franken_numpy/rm-differential-oracle/1aedbf77	franken_numpy	85a2358554a22872264c03348dd0e437325cf6d6	crates/fnp-conformance/src/ufunc_differential.rs	37	a30e73b3ed77c457	CURRENT	1	37-37	CURRENT	TM-RA-1
ra:technique:franken_numpy/rm-evidence-receipts/ebccdcd3	franken_numpy	85a2358554a22872264c03348dd0e437325cf6d6	crates/fnp-conformance/src/divergence_ledger.rs	193	692f983c8b8e2e7c	CURRENT	1	193-193	CURRENT	TM-RA-1
ra:technique:franken_numpy/rm-evidence-receipts/ebccdcd3	franken_numpy	85a2358554a22872264c03348dd0e437325cf6d6	crates/fnp-conformance/src/contract_schema.rs	582	020f953d43a17d4c	CURRENT	1	582-582	CURRENT	TM-RA-1
ra:technique:franken_numpy/rm-fuzzing/9db4e179	franken_numpy	85a2358554a22872264c03348dd0e437325cf6d6	fuzz/fuzz_targets/dtype_parsing.rs	3	029978c12c7f0168	CURRENT	1	3-3	CURRENT	TM-RA-1
ra:technique:franken_numpy/rm-invariant-assertions/104756dc	franken_numpy	85a2358554a22872264c03348dd0e437325cf6d6	crates/fnp-conformance/src/lib.rs	20463	d9ad69393165c78c	CURRENT	1	20463-20463	CURRENT	TM-RA-1
ra:technique:franken_numpy/rm-spec-first/6e31f882	franken_numpy	85a2358554a22872264c03348dd0e437325cf6d6	crates/fnp-python/src/lib.rs	211	befd05ecf22fb0ce	CURRENT	1	211-211	CURRENT	TM-RA-1
ra:technique:franken_numpy/rm-unsafe-discipline/2b6efccc	franken_numpy	85a2358554a22872264c03348dd0e437325cf6d6	crates/fnp-conformance/tests/codebase_hygiene.rs	174	7127403a7ac28414	CURRENT	1	174-174	CURRENT	TM-RA-1
ra:technique:franken_numpy/rm-unsafe-discipline/2b6efccc	franken_numpy	85a2358554a22872264c03348dd0e437325cf6d6	crates/fnp-conformance/tests/codebase_hygiene.rs	186	5ce7d64a08fd829e	CURRENT	1	186-186	CURRENT	TM-RA-1
ra:technique:franken_numpy/rm-unsafe-discipline/2b6efccc	franken_numpy	85a2358554a22872264c03348dd0e437325cf6d6	crates/fnp-conformance/tests/codebase_hygiene.rs	195	d26c927f8c1f65e3	CURRENT	1	195-195	CURRENT	TM-RA-1
ra:technique:franken_numpy/rng-algorithms/ace5ad1d	franken_numpy	85a2358554a22872264c03348dd0e437325cf6d6	crates/fnp-random/src/lib.rs	1082	496f8b2ffd703255	CURRENT	1	1082-1082	CURRENT	TM-RA-1
ra:technique:franken_numpy/rng-algorithms/ace5ad1d	franken_numpy	85a2358554a22872264c03348dd0e437325cf6d6	crates/fnp-random/src/lib.rs	1394	0046fbb7f91a02fe	CURRENT	1	1394-1394	CURRENT	TM-RA-1
ra:technique:franken_numpy/rng-algorithms/ace5ad1d	franken_numpy	85a2358554a22872264c03348dd0e437325cf6d6	crates/fnp-random/src/lib.rs	735	663dc80230a00037	CURRENT	1	735-735	CURRENT	TM-RA-1
ra:technique:franken_numpy/rng-algorithms/ace5ad1d	franken_numpy	85a2358554a22872264c03348dd0e437325cf6d6	crates/fnp-random/src/lib.rs	15472	e17a23136db576f9	CURRENT	1	15472-15472	CURRENT	TM-RA-1
ra:technique:franken_numpy/simd-bit-tricks/723f62d9	franken_numpy	85a2358554a22872264c03348dd0e437325cf6d6	crates/fnp-linalg/src/lib.rs	19	18c5acd0a1f8e6aa	CURRENT	1	19-19	CURRENT	TM-RA-1
ra:technique:franken_numpy/simd-bit-tricks/723f62d9	franken_numpy	85a2358554a22872264c03348dd0e437325cf6d6	crates/fnp-ufunc/src/lib.rs	31217	59f363901338f5c2	CURRENT	1	31217-31217	CURRENT	TM-RA-1
ra:technique:franken_numpy/special-functions/569b39e2	franken_numpy	85a2358554a22872264c03348dd0e437325cf6d6	crates/fnp-ufunc/src/lib.rs	27886	f231f60496f8656d	CURRENT	1	27886-27886	CURRENT	TM-RA-1
ra:technique:franken_numpy/special-functions/569b39e2	franken_numpy	85a2358554a22872264c03348dd0e437325cf6d6	crates/fnp-ufunc/src/lib.rs	34713	dc2e3c3a6bdc2b95	CURRENT	1	34713-34713	CURRENT	TM-RA-1
ra:technique:franken_numpy/svd/7a7e3862	franken_numpy	85a2358554a22872264c03348dd0e437325cf6d6	crates/fnp-linalg/src/lib.rs	42	8a54697a54816f90	CURRENT	1	42-42	CURRENT	TM-RA-1
ra:technique:franken_numpy/svd/7a7e3862	franken_numpy	85a2358554a22872264c03348dd0e437325cf6d6	crates/fnp-linalg/src/lib.rs	45	e63b4613a5a5e9af	CURRENT	1	45-45	CURRENT	TM-RA-1
ra:technique:franken_numpy/twosum-fma/d2c48da6	franken_numpy	85a2358554a22872264c03348dd0e437325cf6d6	crates/fnp-ufunc/src/lib.rs	32773	fb60bc52babce4db	CURRENT	1	32773-32773	CURRENT	TM-RA-1
ra:technique:franken_numpy/twosum-fma/d2c48da6	franken_numpy	85a2358554a22872264c03348dd0e437325cf6d6	crates/fnp-ufunc/src/lib.rs	47323	1609ac33e1d643de	CURRENT	1	47323-47323	CURRENT	TM-RA-1
ra:technique:franken_numpy/ulp-float-semantics/521da17c	franken_numpy	85a2358554a22872264c03348dd0e437325cf6d6	crates/fnp-python/src/lib.rs	734	670a3d6738e11b3b	CURRENT	1	734-734	CURRENT	TM-RA-1
ra:technique:franken_numpy/ulp-float-semantics/521da17c	franken_numpy	85a2358554a22872264c03348dd0e437325cf6d6	crates/fnp-ufunc/examples/perf_binary_parallel.rs	6	5ecfe8145153a819	CURRENT	1	6-6	CURRENT	TM-RA-1
ra:technique:franken_ocr/cvar-rockafellar-uryasev/0caf5132	franken_ocr	7690514f548605796b3e150115baf1d1648594e4	src/adaptive/tail_risk.rs	191	fdfa26bd43cbe363	CURRENT	1	191-191	CURRENT	TM-RA-1
ra:technique:franken_ocr/cvar-rockafellar-uryasev/0caf5132	franken_ocr	7690514f548605796b3e150115baf1d1648594e4	src/adaptive/tail_risk.rs	197	f8d38cfd93246525	CURRENT	1	197-197	CURRENT	TM-RA-1
ra:technique:franken_ocr/cvar-rockafellar-uryasev/0caf5132	franken_ocr	7690514f548605796b3e150115baf1d1648594e4	src/adaptive/tail_risk.rs	846	464f608b5cfde5e3	CURRENT	1	846-846	CURRENT	TM-RA-1
ra:technique:franken_ocr/e-value/dd30d3c5	franken_ocr	7690514f548605796b3e150115baf1d1648594e4	src/adaptive/conformal.rs	60	9c48d74c19bac045	CURRENT	1	60-60	CURRENT	TM-RA-1
ra:technique:franken_ocr/e-value/dd30d3c5	franken_ocr	7690514f548605796b3e150115baf1d1648594e4	src/adaptive/conformal.rs	400	4f87244f54a380b3	CURRENT	1	400-400	CURRENT	TM-RA-1
ra:technique:franken_ocr/e-value/dd30d3c5	franken_ocr	7690514f548605796b3e150115baf1d1648594e4	src/adaptive/conformal.rs	407	31bb519989da7ed1	CURRENT	1	407-407	CURRENT	TM-RA-1
ra:technique:franken_ocr/e-value/dd30d3c5	franken_ocr	7690514f548605796b3e150115baf1d1648594e4	src/adaptive/conformal.rs	944	87b2d5ba67ea157a	CURRENT	1	944-944	CURRENT	TM-RA-1
ra:technique:franken_ocr/generalized-pareto-pot/5c6dc32a	franken_ocr	7690514f548605796b3e150115baf1d1648594e4	src/adaptive/tail_risk.rs	238	8729e221738ed2e0	CURRENT	1	238-238	CURRENT	TM-RA-1
ra:technique:franken_ocr/generalized-pareto-pot/5c6dc32a	franken_ocr	7690514f548605796b3e150115baf1d1648594e4	src/adaptive/tail_risk.rs	274	18b21e81d7b0daf2	CURRENT	1	274-274	CURRENT	TM-RA-1
ra:technique:franken_ocr/generalized-pareto-pot/5c6dc32a	franken_ocr	7690514f548605796b3e150115baf1d1648594e4	src/adaptive/tail_risk.rs	363	08f9de19e87a87ac	CURRENT	1	363-363	CURRENT	TM-RA-1
ra:technique:franken_ocr/hoeffding-inequality/c3173f1b	franken_ocr	7690514f548605796b3e150115baf1d1648594e4	src/conformance.rs	851	748b06c1df4f5192	CURRENT	1	851-851	CURRENT	TM-RA-1
ra:technique:franken_ocr/hoeffding-inequality/c3173f1b	franken_ocr	7690514f548605796b3e150115baf1d1648594e4	src/conformance.rs	852	2ff8d1d7244b4918	CURRENT	1	852-852	CURRENT	TM-RA-1
ra:technique:franken_ocr/hoeffding-inequality/c3173f1b	franken_ocr	7690514f548605796b3e150115baf1d1648594e4	src/conformance.rs	854	5edaa4996ce342d2	CURRENT	1	854-854	CURRENT	TM-RA-1
ra:technique:franken_ocr/lagrangian-rate-distortion/f52773cc	franken_ocr	7690514f548605796b3e150115baf1d1648594e4	src/quant/bit_allocator.rs	14	02ca47db69de6332	CURRENT	1	14-14	CURRENT	TM-RA-1
ra:technique:franken_ocr/lagrangian-rate-distortion/f52773cc	franken_ocr	7690514f548605796b3e150115baf1d1648594e4	src/quant/bit_allocator.rs	601	c92ac2a00105a640	CURRENT	1	601-601	CURRENT	TM-RA-1
ra:technique:franken_ocr/lagrangian-rate-distortion/f52773cc	franken_ocr	7690514f548605796b3e150115baf1d1648594e4	src/quant/bit_allocator.rs	1397	ba187a51d868b1ac	CURRENT	1	1397-1397	CURRENT	TM-RA-1
ra:technique:franken_ocr/named-distributions/8867b711	franken_ocr	7690514f548605796b3e150115baf1d1648594e4	src/conformance.rs	845	70c6fda24265164d	CURRENT	1	845-845	CURRENT	TM-RA-1
ra:technique:franken_ocr/newton-raphson/cb212346	franken_ocr	7690514f548605796b3e150115baf1d1648594e4	src/adaptive/usl.rs	386	80f29d5cda3ac5a4	CURRENT	1	386-386	CURRENT	TM-RA-1
ra:technique:franken_ocr/quantization-int8/232fd688	franken_ocr	7690514f548605796b3e150115baf1d1648594e4	focr-ios/src/lib.rs	244	8ca6d2cc6c08772a	CURRENT	1	244-244	CURRENT	TM-RA-1
ra:technique:franken_ocr/quantization-int8/232fd688	franken_ocr	7690514f548605796b3e150115baf1d1648594e4	src/simd/x86.rs	42	638313b3cbd32297	CURRENT	1	42-42	CURRENT	TM-RA-1
ra:technique:franken_ocr/quantization-int8/232fd688	franken_ocr	7690514f548605796b3e150115baf1d1648594e4	src/simd/x86.rs	134	c73cbd08c18a8352	CURRENT	1	134-134	CURRENT	TM-RA-1
ra:technique:franken_ocr/special-functions/e7d2dbc2	franken_ocr	7690514f548605796b3e150115baf1d1648594e4	src/conformance.rs	698	e58dd9263e04da8b	CURRENT	1	698-698	CURRENT	TM-RA-1
ra:technique:franken_ocr/special-functions/e7d2dbc2	franken_ocr	7690514f548605796b3e150115baf1d1648594e4	src/conformance.rs	700	e9064c7ddd2012ae	CURRENT	1	700-700	CURRENT	TM-RA-1
ra:technique:franken_ocr/special-functions/e7d2dbc2	franken_ocr	7690514f548605796b3e150115baf1d1648594e4	src/conformance.rs	747	db1cae5302c0c89d	CURRENT	1	747-747	CURRENT	TM-RA-1
ra:technique:franken_ocr/universal-scalability-law/3ad5206a	franken_ocr	7690514f548605796b3e150115baf1d1648594e4	src/adaptive/usl.rs	17	5139b653f9194888	CURRENT	1	17-17	CURRENT	TM-RA-1
ra:technique:franken_ocr/universal-scalability-law/3ad5206a	franken_ocr	7690514f548605796b3e150115baf1d1648594e4	src/adaptive/usl.rs	34	8bea25b0e163c6bf	CURRENT	1	34-34	CURRENT	TM-RA-1
ra:technique:franken_ocr/universal-scalability-law/3ad5206a	franken_ocr	7690514f548605796b3e150115baf1d1648594e4	src/adaptive/usl.rs	53	6af849c8b383c714	CURRENT	1	53-53	CURRENT	TM-RA-1
ra:technique:franken_ocr/universal-scalability-law/3ad5206a	franken_ocr	7690514f548605796b3e150115baf1d1648594e4	src/adaptive/usl.rs	338	8ea062eea3e3786b	CURRENT	1	338-338	CURRENT	TM-RA-1
ra:technique:franken_ocr/ville-inequality/d83d9002	franken_ocr	7690514f548605796b3e150115baf1d1648594e4	src/adaptive/conformal.rs	57	7947c179f9ee32d0	CURRENT	1	57-57	CURRENT	TM-RA-1
ra:technique:franken_overlap/bootstrap/1af8861f	franken_overlap	be04ab18ffef9e8abd07eff1cb68feeea4f520df	crates/fo-core/src/grouped_metrics.rs	384	28308d6bac17d0c5	CURRENT	1	384-384	CURRENT	TM-RA-1
ra:technique:franken_overlap/bootstrap/1af8861f	franken_overlap	be04ab18ffef9e8abd07eff1cb68feeea4f520df	crates/fo-core/src/grouped_metrics.rs	400	81c8e54bc443a991	CURRENT	1	400-400	CURRENT	TM-RA-1
ra:technique:franken_overlap/brier-score/cac199f7	franken_overlap	be04ab18ffef9e8abd07eff1cb68feeea4f520df	crates/fo-core/src/metrics.rs	152	5a528fd70757541f	CURRENT	1	152-152	CURRENT	TM-RA-1
ra:technique:franken_overlap/brier-score/cac199f7	franken_overlap	be04ab18ffef9e8abd07eff1cb68feeea4f520df	crates/fo-core/src/metrics.rs	156	c69db312be6643c3	CURRENT	1	156-156	CURRENT	TM-RA-1
ra:technique:franken_overlap/diff-algorithms/568adaf8	franken_overlap	be04ab18ffef9e8abd07eff1cb68feeea4f520df	crates/fo-core/src/verify.rs	166	184fc0a4643798e0	CURRENT	1	166-166	CURRENT	TM-RA-1
ra:technique:franken_overlap/diff-algorithms/568adaf8	franken_overlap	be04ab18ffef9e8abd07eff1cb68feeea4f520df	crates/fo-core/src/verify.rs	196	3e31cef7acdd4e08	CURRENT	1	196-196	CURRENT	TM-RA-1
ra:technique:franken_overlap/diff-algorithms/568adaf8	franken_overlap	be04ab18ffef9e8abd07eff1cb68feeea4f520df	crates/fo-core/src/verify.rs	197	ca68435d4180ff3f	CURRENT	1	197-197	CURRENT	TM-RA-1
ra:technique:franken_overlap/information-retrieval-ranking/81ebe085	franken_overlap	be04ab18ffef9e8abd07eff1cb68feeea4f520df	crates/fo-core/src/ap_ranker.rs	171	e0c871cd24a5bd7a	CURRENT	1	171-171	CURRENT	TM-RA-1
ra:technique:franken_overlap/information-retrieval-ranking/81ebe085	franken_overlap	be04ab18ffef9e8abd07eff1cb68feeea4f520df	crates/fo-core/src/ap_ranker.rs	170	9c707e828dd7274c	CURRENT	1	170-170	CURRENT	TM-RA-1
ra:technique:franken_overlap/information-retrieval-ranking/81ebe085	franken_overlap	be04ab18ffef9e8abd07eff1cb68feeea4f520df	crates/fo-core/src/ap_ranker.rs	190	c418ced6eb319647	CURRENT	1	190-190	CURRENT	TM-RA-1
ra:technique:franken_overlap/log-loss-proper-scoring/7f7e14c1	franken_overlap	be04ab18ffef9e8abd07eff1cb68feeea4f520df	crates/fo-core/src/metrics.rs	161	071e578b92552ec2	CURRENT	1	161-161	CURRENT	TM-RA-1
ra:technique:franken_overlap/log-loss-proper-scoring/7f7e14c1	franken_overlap	be04ab18ffef9e8abd07eff1cb68feeea4f520df	crates/fo-core/src/metrics.rs	173	cda4eb2dc72aec6b	CURRENT	1	173-173	CURRENT	TM-RA-1
ra:technique:franken_overlap/minhash-lsh/5f86dcb8	franken_overlap	be04ab18ffef9e8abd07eff1cb68feeea4f520df	crates/fo-bench/src/retrieval_baselines.rs	150	e2de73aff440683d	CURRENT	1	150-150	CURRENT	TM-RA-1
ra:technique:franken_overlap/phase-hashed-cross-correlation/ac6e10d0	franken_overlap	be04ab18ffef9e8abd07eff1cb68feeea4f520df	crates/fo-core/src/spectral.rs	76	5d65518181b49aaa	CURRENT	1	76-76	CURRENT	TM-RA-1
ra:technique:franken_overlap/phase-hashed-cross-correlation/ac6e10d0	franken_overlap	be04ab18ffef9e8abd07eff1cb68feeea4f520df	crates/fo-core/src/spectral.rs	170	22b7886b534ea4db	CURRENT	1	170-170	CURRENT	TM-RA-1
ra:technique:franken_overlap/phase-hashed-cross-correlation/ac6e10d0	franken_overlap	be04ab18ffef9e8abd07eff1cb68feeea4f520df	crates/fo-core/src/spectral.rs	193	734afbc58de7e490	CURRENT	1	193-193	CURRENT	TM-RA-1
ra:technique:franken_overlap/phase-hashed-cross-correlation/ac6e10d0	franken_overlap	be04ab18ffef9e8abd07eff1cb68feeea4f520df	crates/fo-core/src/spectral.rs	82	685ea59b1b134310	CURRENT	1	82-82	CURRENT	TM-RA-1
ra:technique:franken_snowflake/diff-algorithms/fc4705bd	franken_snowflake	943d1b0b29b31f67f3fb6c5632f66bc6a67bb483	crates/franken-snowflake-catalog/src/predicate.rs	251	f76320b520c5b96b	CURRENT	1	251-251	CURRENT	TM-RA-1
ra:technique:franken_snowflake/diff-algorithms/fc4705bd	franken_snowflake	943d1b0b29b31f67f3fb6c5632f66bc6a67bb483	crates/franken-snowflake-catalog/src/predicate.rs	284	9c1211b37ecdddda	CURRENT	1	284-284	CURRENT	TM-RA-1
ra:technique:franken_snowflake/merkle-tree/84b8370c	franken_snowflake	943d1b0b29b31f67f3fb6c5632f66bc6a67bb483	crates/franken-snowflake-cache/src/lib.rs	1352	d27ae92d79c0e26a	CURRENT	1	1352-1352	CURRENT	TM-RA-1
ra:technique:franken_snowflake/merkle-tree/84b8370c	franken_snowflake	943d1b0b29b31f67f3fb6c5632f66bc6a67bb483	crates/franken-snowflake-cache/src/lib.rs	56	dfcace957e4ca5f5	CURRENT	1	56-56	CURRENT	TM-RA-1
ra:technique:franken_snowflake/rng-algorithms/8885e892	franken_snowflake	943d1b0b29b31f67f3fb6c5632f66bc6a67bb483	crates/franken-snowflake-testkit/src/harness/clock.rs	118	7593a7b0e20ae607	CURRENT	1	118-118	CURRENT	TM-RA-1
ra:technique:franken_snowflake/rng-algorithms/8885e892	franken_snowflake	943d1b0b29b31f67f3fb6c5632f66bc6a67bb483	crates/franken-snowflake-testkit/src/harness/clock.rs	134	45bce34816e119fe	CURRENT	1	134-134	CURRENT	TM-RA-1
ra:technique:franken_surveillance_system/cryptographic-primitives/dcaa49af	franken_surveillance_system	e05518aa24bec8703714d70c83f2c39a970d767b	crates/fss-core/src/digest.rs	1	1b69696a8722e98a	CURRENT	1	1-1	CURRENT	TM-RA-1
ra:technique:franken_surveillance_system/cryptographic-primitives/dcaa49af	franken_surveillance_system	e05518aa24bec8703714d70c83f2c39a970d767b	crates/fss-core/src/digest.rs	8	08c5db85b15b0044	CURRENT	1	8-8	CURRENT	TM-RA-1
ra:technique:franken_surveillance_system/cryptographic-primitives/dcaa49af	franken_surveillance_system	e05518aa24bec8703714d70c83f2c39a970d767b	crates/fss-core/src/digest.rs	193	85798b928cc03a98	CURRENT	1	193-193	CURRENT	TM-RA-1
ra:technique:franken_surveillance_system/merkle-tree/e33f2361	franken_surveillance_system	e05518aa24bec8703714d70c83f2c39a970d767b	crates/fss-ledger/src/journal.rs	40	602bb7bf849ea409	CURRENT	1	40-40	CURRENT	TM-RA-1
ra:technique:franken_surveillance_system/merkle-tree/e33f2361	franken_surveillance_system	e05518aa24bec8703714d70c83f2c39a970d767b	crates/fss-ledger/src/journal.rs	218	a29bd2d3d47180e5	CURRENT	1	218-218	CURRENT	TM-RA-1
ra:technique:franken_surveillance_system/merkle-tree/e33f2361	franken_surveillance_system	e05518aa24bec8703714d70c83f2c39a970d767b	crates/fss-ledger/src/recovery.rs	95	c4a47b1be1db2c61	CURRENT	1	95-95	CURRENT	TM-RA-1
ra:technique:franken_surveillance_system/merkle-tree/e33f2361	franken_surveillance_system	e05518aa24bec8703714d70c83f2c39a970d767b	crates/fss-ledger/src/recovery.rs	104	c564eaa13c82a790	CURRENT	1	104-104	CURRENT	TM-RA-1
ra:technique:franken_surveillance_system/two-phase-commit-sagas/803a8237	franken_surveillance_system	e05518aa24bec8703714d70c83f2c39a970d767b	crates/fss-core/src/effect.rs	27	f14acbc8ce23a188	CURRENT	1	27-27	CURRENT	TM-RA-1
ra:technique:franken_surveillance_system/two-phase-commit-sagas/803a8237	franken_surveillance_system	e05518aa24bec8703714d70c83f2c39a970d767b	crates/fss-core/src/effect.rs	185	156350f28217b037	CURRENT	1	185-185	CURRENT	TM-RA-1
ra:technique:franken_surveillance_system/two-phase-commit-sagas/803a8237	franken_surveillance_system	e05518aa24bec8703714d70c83f2c39a970d767b	crates/fss-core/src/effect.rs	193	23e3cf013b9d81d2	CURRENT	1	193-193	CURRENT	TM-RA-1
ra:technique:franken_tts/deterministic-float-reduction/ccde62c5	franken_tts	c113efccdf3f7981e13ab912f660417c43009442	crates/ftts-kernels/src/f32ref.rs	26	07cf652dff876d73	CURRENT	1	26-26	CURRENT	TM-RA-1
ra:technique:franken_tts/deterministic-float-reduction/ccde62c5	franken_tts	c113efccdf3f7981e13ab912f660417c43009442	crates/ftts-kernels/src/f32ref.rs	57	e032416f72058fc5	CURRENT	1	57-57	CURRENT	TM-RA-1
ra:technique:franken_tts/kl-divergence/84593dfd	franken_tts	c113efccdf3f7981e13ab912f660417c43009442	crates/ftts-conformance/src/production.rs	47	6620ce8f3625974c	CURRENT	1	47-47	CURRENT	TM-RA-1
ra:technique:franken_tts/kl-divergence/84593dfd	franken_tts	c113efccdf3f7981e13ab912f660417c43009442	crates/ftts-conformance/src/production.rs	58	2baf86c25e889422	CURRENT	1	58-58	CURRENT	TM-RA-1
ra:technique:franken_tts/kl-divergence/84593dfd	franken_tts	c113efccdf3f7981e13ab912f660417c43009442	crates/ftts-conformance/src/production.rs	73	68f06d2910c145ed	CURRENT	1	73-73	CURRENT	TM-RA-1
ra:technique:franken_tts/quantization-int8/107b8d85	franken_tts	c113efccdf3f7981e13ab912f660417c43009442	crates/ftts-artifacts/src/awq.rs	7	ae5eb97fd7d6b24c	CURRENT	1	7-7	CURRENT	TM-RA-1
ra:technique:franken_tts/quantization-int8/107b8d85	franken_tts	c113efccdf3f7981e13ab912f660417c43009442	crates/ftts-artifacts/src/awq.rs	102	3f3b8b71eb204409	CURRENT	1	102-102	CURRENT	TM-RA-1
ra:technique:franken_tts/quantization-int8/5ad426bd	franken_tts	c113efccdf3f7981e13ab912f660417c43009442	crates/ftts-artifacts/src/awq.rs	277	8a87d4fb81d09e5b	CURRENT	1	277-277	CURRENT	TM-RA-1
ra:technique:franken_tts/quantization-int8/5ad426bd	franken_tts	c113efccdf3f7981e13ab912f660417c43009442	crates/ftts-artifacts/src/awq.rs	316	d726c4d00a3a2f8b	CURRENT	1	316-316	CURRENT	TM-RA-1
ra:technique:franken_tts/quantization-int8/5ad426bd	franken_tts	c113efccdf3f7981e13ab912f660417c43009442	crates/ftts-artifacts/src/awq.rs	322	e82a9490a064599e	CURRENT	1	322-322	CURRENT	TM-RA-1
ra:technique:franken_tts/quantization-int8/5ad426bd	franken_tts	c113efccdf3f7981e13ab912f660417c43009442	crates/ftts-artifacts/src/awq.rs	325	f57a1362dd7842c7	CURRENT	1	325-325	CURRENT	TM-RA-1
ra:technique:franken_tts/quantization-int8/422385aa	franken_tts	c113efccdf3f7981e13ab912f660417c43009442	crates/ftts-kernels/src/int8.rs	271	c56b645d0b6c9c9a	CURRENT	1	271-271	CURRENT	TM-RA-1
ra:technique:franken_tts/reed-solomon-erasure/2e05a7b1	franken_tts	c113efccdf3f7981e13ab912f660417c43009442	crates/ftts-voicecard/src/lib.rs	898	1b81126f0fc284d6	CURRENT	1	898-898	CURRENT	TM-RA-1
ra:technique:franken_tts/reed-solomon-erasure/2e05a7b1	franken_tts	c113efccdf3f7981e13ab912f660417c43009442	crates/ftts-voicecard/src/lib.rs	914	3cb097156dca49aa	CURRENT	1	914-914	CURRENT	TM-RA-1
ra:technique:franken_tts/reed-solomon-erasure/2e05a7b1	franken_tts	c113efccdf3f7981e13ab912f660417c43009442	crates/ftts-voicecard/src/lib.rs	20	6f9042093fa21e31	CURRENT	1	20-20	CURRENT	TM-RA-1
ra:technique:franken_whisper/audio-dsp/1a27003e	franken_whisper	a98720194c14a94d45c44c520b801602a6e32b68	src/native_engine/mel.rs	26	cb496ad6b31aa083	CURRENT	1	26-26	CURRENT	TM-RA-1
ra:technique:franken_whisper/audio-dsp/1a27003e	franken_whisper	a98720194c14a94d45c44c520b801602a6e32b68	src/native_engine/mel.rs	1628	9ce41106fc5aba0c	CURRENT	1	1628-1628	CURRENT	TM-RA-1
ra:technique:franken_whisper/audio-dsp/1a27003e	franken_whisper	a98720194c14a94d45c44c520b801602a6e32b68	src/native_engine/mel.rs	2307	f989055e6d90544a	CURRENT	1	2307-2307	CURRENT	TM-RA-1
ra:technique:franken_whisper/beta-bernoulli/6e289e06	franken_whisper	a98720194c14a94d45c44c520b801602a6e32b68	src/backend/mod.rs	3217	b567147525ca8b93	CURRENT	1	3217-3217	CURRENT	TM-RA-1
ra:technique:franken_whisper/beta-bernoulli/6e289e06	franken_whisper	a98720194c14a94d45c44c520b801602a6e32b68	src/backend/mod.rs	2522	61e606eb0952c16d	CURRENT	1	2522-2522	CURRENT	TM-RA-1
ra:technique:franken_whisper/brier-score/7d523a4d	franken_whisper	a98720194c14a94d45c44c520b801602a6e32b68	src/backend/mod.rs	52	5c7d8418af062c1a	CURRENT	1	52-52	CURRENT	TM-RA-1
ra:technique:franken_whisper/brier-score/7d523a4d	franken_whisper	a98720194c14a94d45c44c520b801602a6e32b68	src/backend/mod.rs	82	94bd4dd59dd50c04	CURRENT	1	82-82	CURRENT	TM-RA-1
ra:technique:franken_whisper/cryptographic-primitives/e1d68930	franken_whisper	a98720194c14a94d45c44c520b801602a6e32b68	src/tty_audio.rs	27	db1f20bbf716a639	CURRENT	1	27-27	CURRENT	TM-RA-1
ra:technique:franken_whisper/diff-algorithms/1c3d4307	franken_whisper	a98720194c14a94d45c44c520b801602a6e32b68	src/speculation.rs	175	60357beed09d8f91	CURRENT	1	175-175	CURRENT	TM-RA-1
ra:technique:franken_whisper/dynamic-time-warping/08f42243	franken_whisper	a98720194c14a94d45c44c520b801602a6e32b68	src/native_engine/dtw.rs	6	8dfb4e429cf680d1	CURRENT	1	6-6	CURRENT	TM-RA-1
ra:technique:franken_whisper/dynamic-time-warping/08f42243	franken_whisper	a98720194c14a94d45c44c520b801602a6e32b68	src/native_engine/dtw.rs	21	a7f9bd9819d8d257	CURRENT	1	21-21	CURRENT	TM-RA-1
ra:technique:franken_whisper/fft/bb3f4608	franken_whisper	a98720194c14a94d45c44c520b801602a6e32b68	src/native_engine/mel.rs	2051	79c1328a9fa5c16b	CURRENT	1	2051-2051	CURRENT	TM-RA-1
ra:technique:franken_whisper/fft/bb3f4608	franken_whisper	a98720194c14a94d45c44c520b801602a6e32b68	src/native_engine/mel.rs	12	af23046d88858fac	CURRENT	1	12-12	CURRENT	TM-RA-1
ra:technique:franken_whisper/libm-implementation/fb0e6029	franken_whisper	a98720194c14a94d45c44c520b801602a6e32b68	src/native_engine/mel.rs	1238	da731e9ff5b24b33	CURRENT	1	1238-1238	CURRENT	TM-RA-1
ra:technique:franken_whisper/libm-implementation/fb0e6029	franken_whisper	a98720194c14a94d45c44c520b801602a6e32b68	src/native_engine/mel.rs	1234	81293e217ba376a6	CURRENT	1	1234-1234	CURRENT	TM-RA-1
ra:technique:franken_whisper/local.whisper-special-token-id-derivation/d5c6b6c4	franken_whisper	a98720194c14a94d45c44c520b801602a6e32b68	src/native_engine/tokenizer.rs	287	f8ce797d86db6d98	CURRENT	1	287-287	CURRENT	TM-RA-1
ra:technique:franken_whisper/local.whisper-special-token-id-derivation/d5c6b6c4	franken_whisper	a98720194c14a94d45c44c520b801602a6e32b68	src/native_engine/tokenizer.rs	15	ddfdbdf5e6adb735	CURRENT	1	15-15	CURRENT	TM-RA-1
ra:technique:franken_whisper/preregistered-decision-gate/5fb85e4e	franken_whisper	a98720194c14a94d45c44c520b801602a6e32b68	src/public_corpus.rs	138	be73f6ea0646950b	CURRENT	1	138-138	CURRENT	TM-RA-1
ra:technique:franken_whisper/preregistered-decision-gate/5fb85e4e	franken_whisper	a98720194c14a94d45c44c520b801602a6e32b68	src/public_corpus.rs	187	81232474f115427f	CURRENT	1	187-187	CURRENT	TM-RA-1
ra:technique:franken_whisper/preregistered-decision-gate/5fb85e4e	franken_whisper	a98720194c14a94d45c44c520b801602a6e32b68	src/public_corpus.rs	171	471658d8470644d0	CURRENT	1	171-171	CURRENT	TM-RA-1
ra:technique:franken_whisper/quantization-int8/9cc0fac2	franken_whisper	a98720194c14a94d45c44c520b801602a6e32b68	src/native_engine/nn.rs	840	5b5191df905a6b64	CURRENT	1	840-840	CURRENT	TM-RA-1
ra:technique:franken_whisper/quantization-int8/9cc0fac2	franken_whisper	a98720194c14a94d45c44c520b801602a6e32b68	src/native_engine/nn.rs	886	c85e6f58652de520	CURRENT	1	886-886	CURRENT	TM-RA-1
ra:technique:franken_whisper/quantization-int8/9cc0fac2	franken_whisper	a98720194c14a94d45c44c520b801602a6e32b68	src/native_engine/encoder.rs	1809	a538dfebf024b456	CURRENT	1	1809-1809	CURRENT	TM-RA-1
ra:technique:franken_whisper/quantization-int8/9cc0fac2	franken_whisper	a98720194c14a94d45c44c520b801602a6e32b68	src/native_engine/nn.rs	843	acd6368641141706	CURRENT	1	843-843	CURRENT	TM-RA-1
ra:technique:franken_whisper/rm-checked-arithmetic/c12abfc1	franken_whisper	a98720194c14a94d45c44c520b801602a6e32b68	src/audio.rs	1015	ae6ee2c7db609c47	CURRENT	1	1015-1015	CURRENT	TM-RA-1
ra:technique:franken_whisper/rm-deterministic-hashing-ordering/dbc28dfc	franken_whisper	a98720194c14a94d45c44c520b801602a6e32b68	src/native_engine/mel.rs	1499	90168408fa001f46	CURRENT	1	1499-1499	CURRENT	TM-RA-1
ra:technique:franken_whisper/rm-deterministic-hashing-ordering/dbc28dfc	franken_whisper	a98720194c14a94d45c44c520b801602a6e32b68	src/native_engine/mel.rs	682	43c67378966fccec	CURRENT	1	682-682	CURRENT	TM-RA-1
ra:technique:franken_whisper/rm-differential-oracle/2f5bd952	franken_whisper	a98720194c14a94d45c44c520b801602a6e32b68	tests/conformance_oracle_tests.rs	28	1f69126a2347c41b	CURRENT	1	28-28	CURRENT	TM-RA-1
ra:technique:franken_whisper/rm-differential-oracle/2f5bd952	franken_whisper	a98720194c14a94d45c44c520b801602a6e32b68	src/differential_oracle.rs	3	1e098fa5261b1836	CURRENT	1	3-3	CURRENT	TM-RA-1
ra:technique:franken_whisper/rm-differential-oracle/2f5bd952	franken_whisper	a98720194c14a94d45c44c520b801602a6e32b68	src/differential_oracle.rs	43	87a13654bf5af382	CURRENT	1	43-43	CURRENT	TM-RA-1
ra:technique:franken_whisper/rm-error-taxonomy/15fe122f	franken_whisper	a98720194c14a94d45c44c520b801602a6e32b68	src/error.rs	103	7926490c3e95929f	CURRENT	1	103-103	CURRENT	TM-RA-1
ra:technique:franken_whisper/rm-evidence-receipts/50de7e04	franken_whisper	a98720194c14a94d45c44c520b801602a6e32b68	src/replay_pack.rs	8	03b854e0fa013cc7	CURRENT	1	8-8	CURRENT	TM-RA-1
ra:technique:franken_whisper/rm-evidence-receipts/50de7e04	franken_whisper	a98720194c14a94d45c44c520b801602a6e32b68	src/backend/mod.rs	59	1fce99245a52750f	CURRENT	1	59-59	CURRENT	TM-RA-1
ra:technique:franken_whisper/rm-unsafe-discipline/8061b7b7	franken_whisper	a98720194c14a94d45c44c520b801602a6e32b68	src/lib.rs	6	9055b8120cf74101	CURRENT	1	6-6	CURRENT	TM-RA-1
ra:technique:franken_whisper/rm-unsafe-discipline/8061b7b7	franken_whisper	a98720194c14a94d45c44c520b801602a6e32b68	src/native_engine/ggml.rs	1541	f7dc05e113fd6669	CURRENT	1	1541-1541	CURRENT	TM-RA-1
ra:technique:franken_whisper/rng-algorithms/7057a6be	franken_whisper	a98720194c14a94d45c44c520b801602a6e32b68	src/native_engine/decode.rs	1659	d0121b4d131f1a63	CURRENT	1	1659-1659	CURRENT	TM-RA-1
ra:technique:franken_whisper/softmax-logsumexp/f2c082d5	franken_whisper	a98720194c14a94d45c44c520b801602a6e32b68	src/native_engine/decode.rs	24	6d2067457a9876e4	CURRENT	1	24-24	CURRENT	TM-RA-1
ra:technique:franken_whisper/softmax-logsumexp/f2c082d5	franken_whisper	a98720194c14a94d45c44c520b801602a6e32b68	src/native_engine/decode.rs	1674	4e062ec146711fbf	CURRENT	1	1674-1674	CURRENT	TM-RA-1
ra:technique:franken_whisper/speech-recognition-decoding/40fabc29	franken_whisper	a98720194c14a94d45c44c520b801602a6e32b68	src/native_engine/decode.rs	13	77820e9060277344	CURRENT	1	13-13	CURRENT	TM-RA-1
ra:technique:franken_whisper/speech-recognition-decoding/40fabc29	franken_whisper	a98720194c14a94d45c44c520b801602a6e32b68	src/native_engine/decode.rs	48	a6a7fd75c7aa0953	CURRENT	1	48-48	CURRENT	TM-RA-1
ra:technique:franken_whisper/speech-recognition-decoding/42413fbf	franken_whisper	a98720194c14a94d45c44c520b801602a6e32b68	src/native_engine/decode.rs	982	12f8ff633f71db1e	CURRENT	1	982-982	CURRENT	TM-RA-1
ra:technique:franken_whisper/speech-recognition-decoding/42413fbf	franken_whisper	a98720194c14a94d45c44c520b801602a6e32b68	src/native_engine/decode.rs	992	5b612f3bdecdd069	CURRENT	1	992-992	CURRENT	TM-RA-1
ra:technique:franken_whisper/speech-recognition-decoding/42413fbf	franken_whisper	a98720194c14a94d45c44c520b801602a6e32b68	src/native_engine/decode.rs	2405	e3d0749852753b15	CURRENT	1	2405-2405	CURRENT	TM-RA-1
ra:technique:franken_whisper/speech-recognition-decoding/42413fbf	franken_whisper	a98720194c14a94d45c44c520b801602a6e32b68	src/native_engine/decode.rs	114	5719f5ae8aad39ec	CURRENT	1	114-114	CURRENT	TM-RA-1
ra:technique:frankenfs/bayes-theorem/4453bbff	frankenfs	15c262710e55e46af90f545e61165c3949b3398e	crates/ffs-core/src/lib.rs	41059	7a2fe13537bf5404	CURRENT	1	41059-41059	CURRENT	TM-RA-1
ra:technique:frankenfs/bayes-theorem/4453bbff	frankenfs	15c262710e55e46af90f545e61165c3949b3398e	crates/ffs-core/src/lib.rs	41075	5336e6396daebd74	CURRENT	1	41075-41075	CURRENT	TM-RA-1
ra:technique:frankenfs/beta-bernoulli/cfcfbb83	frankenfs	15c262710e55e46af90f545e61165c3949b3398e	crates/ffs-core/src/lib.rs	41003	f51a7fb5936ec522	CURRENT	1	41003-41003	CURRENT	TM-RA-1
ra:technique:frankenfs/beta-bernoulli/cfcfbb83	frankenfs	15c262710e55e46af90f545e61165c3949b3398e	crates/ffs-core/src/lib.rs	41007	74a0edb20fbaee10	CURRENT	1	41007-41007	CURRENT	TM-RA-1
ra:technique:frankenfs/beta-bernoulli/cfcfbb83	frankenfs	15c262710e55e46af90f545e61165c3949b3398e	crates/ffs-core/src/lib.rs	41028	13b45c4a83d7daf3	RELOCATED	1	41023-41023	CURRENT+line_relocated	TM-RA-1
ra:technique:frankenfs/btree/e44e21d6	frankenfs	15c262710e55e46af90f545e61165c3949b3398e	crates/ffs-extent/src/lib.rs	33	e0bb6ded0115e53a	RELOCATED	1	34-34	CURRENT+line_relocated	TM-RA-1
ra:technique:frankenfs/btree/e44e21d6	frankenfs	15c262710e55e46af90f545e61165c3949b3398e	crates/ffs-extent/src/lib.rs	31	448e89f527f68637	RELOCATED	1	32-32	CURRENT+line_relocated	TM-RA-1
ra:technique:frankenfs/btree/e44e21d6	frankenfs	15c262710e55e46af90f545e61165c3949b3398e	crates/ffs-btree/src/lib.rs	8	c3ebc4e366e78f76	CURRENT	1	8-8	CURRENT	TM-RA-1
ra:technique:frankenfs/cache-replacement/9d0999fe	frankenfs	15c262710e55e46af90f545e61165c3949b3398e	crates/ffs-block/src/cache.rs	706	0380ac1dbe207f8d	CURRENT	1	706-706	CURRENT	TM-RA-1
ra:technique:frankenfs/cache-replacement/9d0999fe	frankenfs	15c262710e55e46af90f545e61165c3949b3398e	crates/ffs-fuse/src/per_core.rs	12	6ccd9dae02bccb3f	CURRENT	1	12-12	CURRENT	TM-RA-1
ra:technique:frankenfs/chernoff-bound/861ca03d	frankenfs	15c262710e55e46af90f545e61165c3949b3398e	crates/ffs-core/src/lib.rs	41779	247d2050aa3c9465	CURRENT	1	41779-41779	CURRENT	TM-RA-1
ra:technique:frankenfs/chernoff-bound/861ca03d	frankenfs	15c262710e55e46af90f545e61165c3949b3398e	crates/ffs-core/src/lib.rs	41789	d8c38e39225d77f9	CURRENT	1	41789-41789	CURRENT	TM-RA-1
ra:technique:frankenfs/chernoff-bound/861ca03d	frankenfs	15c262710e55e46af90f545e61165c3949b3398e	crates/ffs-core/src/lib.rs	41678	3e845a8436036538	CURRENT	1	41678-41678	CURRENT	TM-RA-1
ra:technique:frankenfs/deterministic-simulation-testing/3cc6a931	frankenfs	15c262710e55e46af90f545e61165c3949b3398e	crates/ffs-harness/src/chaos_replay_lab.rs	11	80804a291989c4f1	CURRENT	1	11-11	CURRENT	TM-RA-1
ra:technique:frankenfs/deterministic-simulation-testing/3cc6a931	frankenfs	15c262710e55e46af90f545e61165c3949b3398e	crates/ffs-harness/src/chaos_replay_lab.rs	22	ce323c005fc8edd4	RELOCATED	1	21-21	CURRENT+line_relocated	TM-RA-1
ra:technique:frankenfs/dpor-model-checking/6a1da181	frankenfs	15c262710e55e46af90f545e61165c3949b3398e	crates/ffs-btrfs/src/crash_consistency.rs	188	a9ba5877340f5bf0	RELOCATED	1	189-189	CURRENT+line_relocated	TM-RA-1
ra:technique:frankenfs/dpor-model-checking/6a1da181	frankenfs	15c262710e55e46af90f545e61165c3949b3398e	crates/ffs-btrfs/src/crash_consistency.rs	290	d1620c910b952746	CURRENT	1	290-290	CURRENT	TM-RA-1
ra:technique:frankenfs/dpor-model-checking/6a1da181	frankenfs	15c262710e55e46af90f545e61165c3949b3398e	crates/ffs-btrfs/src/crash_consistency.rs	293	583e1d096617311c	CURRENT	1	293-293	CURRENT	TM-RA-1
ra:technique:frankenfs/filesystem-semantics/ac6e24de	frankenfs	15c262710e55e46af90f545e61165c3949b3398e	crates/ffs-fuse/src/lib.rs	7486	a979f9e44549a01e	CURRENT	1	7486-7486	CURRENT	TM-RA-1
ra:technique:frankenfs/filesystem-semantics/ac6e24de	frankenfs	15c262710e55e46af90f545e61165c3949b3398e	crates/ffs-fuse/src/lib.rs	4140	f5c90fb365c0a11d	CURRENT	1	4140-4140	CURRENT	TM-RA-1
ra:technique:frankenfs/filesystem-semantics/ac6e24de	frankenfs	15c262710e55e46af90f545e61165c3949b3398e	crates/ffs-harness/src/writeback_cache_audit.rs	1109	bde0609a549db2f9	CURRENT	1	1109-1109	CURRENT	TM-RA-1
ra:technique:frankenfs/hashing-functions/4992b0a7	frankenfs	15c262710e55e46af90f545e61165c3949b3398e	crates/ffs-ondisk/src/crc_incremental.rs	22	619362f4a74dc881	CURRENT	1	22-22	CURRENT	TM-RA-1
ra:technique:frankenfs/hashing-functions/4992b0a7	frankenfs	15c262710e55e46af90f545e61165c3949b3398e	crates/ffs-ondisk/src/crc_incremental.rs	54	957d042d393dc134	CURRENT	1	54-54	CURRENT	TM-RA-1
ra:technique:frankenfs/hashing-functions/4992b0a7	frankenfs	15c262710e55e46af90f545e61165c3949b3398e	crates/ffs-alloc/src/lib.rs	920	2a2ff96d65ff3b48	CURRENT	1	920-920	CURRENT	TM-RA-1
ra:technique:frankenfs/kl-divergence/5debb9b8	frankenfs	15c262710e55e46af90f545e61165c3949b3398e	crates/ffs-core/src/lib.rs	41789	d8c38e39225d77f9	CURRENT	1	41789-41789	CURRENT	TM-RA-1
ra:technique:frankenfs/local-reconstruction-codes/0f39769a	frankenfs	15c262710e55e46af90f545e61165c3949b3398e	crates/ffs-repair/src/lrc.rs	3	63d8b1fbdf842a28	CURRENT	1	3-3	CURRENT	TM-RA-1
ra:technique:frankenfs/local-reconstruction-codes/0f39769a	frankenfs	15c262710e55e46af90f545e61165c3949b3398e	crates/ffs-repair/src/lrc.rs	23	75e43deb53eb0f7f	CURRENT	1	23-23	CURRENT	TM-RA-1
ra:technique:frankenfs/local-reconstruction-codes/0f39769a	frankenfs	15c262710e55e46af90f545e61165c3949b3398e	crates/ffs-repair/src/lrc.rs	30	6e619a764ee7a266	CURRENT	1	30-30	CURRENT	TM-RA-1
ra:technique:frankenfs/memory-model-atomics/6ff52b89	frankenfs	15c262710e55e46af90f545e61165c3949b3398e	crates/ffs-block/src/cache.rs	156	02141538a7745d7a	CURRENT	1	156-156	CURRENT	TM-RA-1
ra:technique:frankenfs/memory-model-atomics/6ff52b89	frankenfs	15c262710e55e46af90f545e61165c3949b3398e	crates/ffs-block/src/cache.rs	577	363a95a97186b542	CURRENT	1	577-577	CURRENT	TM-RA-1
ra:technique:frankenfs/mvcc/3ff481c4	frankenfs	15c262710e55e46af90f545e61165c3949b3398e	crates/ffs-mvcc/src/lib.rs	1265	100562ef2ffacd11	CURRENT	1	1265-1265	CURRENT	TM-RA-1
ra:technique:frankenfs/mvcc/3ff481c4	frankenfs	15c262710e55e46af90f545e61165c3949b3398e	crates/ffs-mvcc/src/lib.rs	337	5f7f8221105de791	STALE	0	-	STALE	TM-RA-1
ra:technique:frankenfs/mvcc/3ff481c4	frankenfs	15c262710e55e46af90f545e61165c3949b3398e	crates/ffs-mvcc/src/lib.rs	320	4827a0ff711a9851	CURRENT	1	320-320	CURRENT	TM-RA-1
ra:technique:frankenfs/prefix-closed-durability/8db61153	frankenfs	15c262710e55e46af90f545e61165c3949b3398e	crates/ffs-btrfs/src/writeback.rs	15	70ae475525536502	CURRENT	1	15-15	CURRENT	TM-RA-1
ra:technique:frankenfs/prefix-closed-durability/8db61153	frankenfs	15c262710e55e46af90f545e61165c3949b3398e	crates/ffs-btrfs/src/writeback.rs	19	d2f50f743060a739	CURRENT	1	19-19	CURRENT	TM-RA-1
ra:technique:frankenfs/prefix-closed-durability/8db61153	frankenfs	15c262710e55e46af90f545e61165c3949b3398e	crates/ffs-btrfs/src/writeback.rs	399	a6fadc9d59747df8	CURRENT	1	399-399	CURRENT	TM-RA-1
ra:technique:frankenfs/proof-of-retrievability/180020dd	frankenfs	15c262710e55e46af90f545e61165c3949b3398e	crates/ffs-repair/src/por.rs	3	8dc36a3a8b0c87f1	CURRENT	1	3-3	CURRENT	TM-RA-1
ra:technique:frankenfs/proof-of-retrievability/180020dd	frankenfs	15c262710e55e46af90f545e61165c3949b3398e	crates/ffs-repair/src/por.rs	36	382aabecf502f514	RELOCATED	1	38-38	CURRENT+line_relocated	TM-RA-1
ra:technique:frankenfs/raptorq-fountain/14906fc9	frankenfs	15c262710e55e46af90f545e61165c3949b3398e	crates/ffs-repair/src/codec.rs	3	163aaea0bc166468	CURRENT	1	3-3	CURRENT	TM-RA-1
ra:technique:frankenfs/raptorq-fountain/14906fc9	frankenfs	15c262710e55e46af90f545e61165c3949b3398e	crates/ffs-repair/src/codec.rs	24	4595b4da4b29c23e	RELOCATED	1	25-25	CURRENT+line_relocated	TM-RA-1
ra:technique:frankenfs/raptorq-fountain/14906fc9	frankenfs	15c262710e55e46af90f545e61165c3949b3398e	crates/ffs-repair/src/symbol.rs	5	3839d5db235b8b21	CURRENT	1	5-5	CURRENT	TM-RA-1
ra:technique:frankenfs/raptorq-fountain/14906fc9	frankenfs	15c262710e55e46af90f545e61165c3949b3398e	crates/ffs-repair/src/symbol.rs	29	d3d0cb3e71b0076c	RELOCATED	1	28-28	CURRENT+line_relocated	TM-RA-1
ra:technique:frankenfs/reed-solomon-erasure/a2e89b3d	frankenfs	15c262710e55e46af90f545e61165c3949b3398e	crates/ffs-repair/src/lrc.rs	23	75e43deb53eb0f7f	CURRENT	1	23-23	CURRENT	TM-RA-1
ra:technique:frankenfs/rm-concurrency-model-checking/e5cc4882	frankenfs	15c262710e55e46af90f545e61165c3949b3398e	crates/ffs-core/tests/bd_bhh0i_lock_decomposition_model.rs	40	338d8db1727fd3f3	CURRENT	1	40-40	CURRENT	TM-RA-1
ra:technique:frankenfs/rm-concurrency-model-checking/e5cc4882	frankenfs	15c262710e55e46af90f545e61165c3949b3398e	crates/ffs-core/tests/bd_bhh0i_lock_decomposition_model.rs	637	c9feb4824681efac	CURRENT	1	637-637	CURRENT	TM-RA-1
ra:technique:frankenfs/rm-differential-oracle/13be5ca0	frankenfs	15c262710e55e46af90f545e61165c3949b3398e	crates/ffs-harness/src/mounted_differential_oracle.rs	5	ff7ac5a8cea2c22b	CURRENT	1	5-5	CURRENT	TM-RA-1
ra:technique:frankenfs/rm-differential-oracle/13be5ca0	frankenfs	15c262710e55e46af90f545e61165c3949b3398e	crates/ffs-harness/src/mounted_differential_oracle.rs	7	332e9de7cae33379	CURRENT	1	7-7	CURRENT	TM-RA-1
ra:technique:frankenfs/rm-differential-oracle/13be5ca0	frankenfs	15c262710e55e46af90f545e61165c3949b3398e	crates/ffs-alloc/src/lib.rs	115	997e5b07ad637f60	CURRENT	1	115-115	CURRENT	TM-RA-1
ra:technique:frankenfs/rm-differential-oracle/13be5ca0	frankenfs	15c262710e55e46af90f545e61165c3949b3398e	crates/ffs-alloc/src/lib.rs	3154	d51a96b035c3f586	CURRENT	1	3154-3154	CURRENT	TM-RA-1
ra:technique:frankenfs/rm-evidence-receipts/9e060727	frankenfs	15c262710e55e46af90f545e61165c3949b3398e	crates/ffs-repair/src/evidence.rs	10	a29fe9ca97536807	CURRENT	1	10-10	CURRENT	TM-RA-1
ra:technique:frankenfs/rm-evidence-receipts/9e060727	frankenfs	15c262710e55e46af90f545e61165c3949b3398e	crates/ffs-btrfs/src/lib.rs	871	f21afab03e69bfdc	CURRENT	1	871-871	CURRENT	TM-RA-1
ra:technique:frankenfs/rm-fuzzing/264fd9b2	frankenfs	15c262710e55e46af90f545e61165c3949b3398e	crates/ffs-harness/src/crash_promotion.rs	7	16d3266df40fc577	CURRENT	1	7-7	CURRENT	TM-RA-1
ra:technique:frankenfs/rm-unsafe-discipline/47f6fffb	frankenfs	15c262710e55e46af90f545e61165c3949b3398e	crates/ffs-alloc/src/lib.rs	1	d4e6f22e1e076733	CURRENT	1	1-1	CURRENT	TM-RA-1
ra:technique:frankenfs/rm-unsafe-discipline/47f6fffb	frankenfs	15c262710e55e46af90f545e61165c3949b3398e	crates/ffs-journal/src/lib.rs	1	d4e6f22e1e076733	CURRENT	1	1-1	CURRENT	TM-RA-1
ra:technique:frankenfs/roaring-bitmaps/7c91506c	frankenfs	15c262710e55e46af90f545e61165c3949b3398e	crates/ffs-alloc/src/succinct.rs	13	2fbb6f7bfb60fc80	CURRENT	1	13-13	CURRENT	TM-RA-1
ra:technique:frankenfs/roaring-bitmaps/7c91506c	frankenfs	15c262710e55e46af90f545e61165c3949b3398e	crates/ffs-alloc/src/succinct.rs	25	d4af270a10e21988	CURRENT	1	25-25	CURRENT	TM-RA-1
ra:technique:frankenfs/sequential-decision-optimal-stopping/394ca342	frankenfs	15c262710e55e46af90f545e61165c3949b3398e	crates/ffs-repair/src/decision.rs	120	9ab243a4965b6a67	CURRENT	1	120-120	CURRENT	TM-RA-1
ra:technique:frankenfs/sequential-decision-optimal-stopping/394ca342	frankenfs	15c262710e55e46af90f545e61165c3949b3398e	crates/ffs-repair/src/decision.rs	402	8097515242937fe9	CURRENT	1	402-402	CURRENT	TM-RA-1
ra:technique:frankenfs/sequential-decision-optimal-stopping/394ca342	frankenfs	15c262710e55e46af90f545e61165c3949b3398e	crates/ffs-mvcc/src/lib.rs	1705	1f19912d6a2871ef	RELOCATED	1	1704-1704	CURRENT+line_relocated	TM-RA-1
ra:technique:frankenfs/serializability-isolation/af0fb914	frankenfs	15c262710e55e46af90f545e61165c3949b3398e	crates/ffs-mvcc/src/lib.rs	1272	a521b008ee9bcdfe	RELOCATED	1	1273-1273	CURRENT+line_relocated	TM-RA-1
ra:technique:frankenfs/serializability-isolation/af0fb914	frankenfs	15c262710e55e46af90f545e61165c3949b3398e	crates/ffs-core/src/fs_mvcc_store.rs	22	cab07646cb3e60e6	CURRENT	1	22-22	CURRENT	TM-RA-1
ra:technique:frankenfs/special-functions/3bfeec42	frankenfs	15c262710e55e46af90f545e61165c3949b3398e	crates/ffs-core/src/lib.rs	41080	a52f578bf6e97e09	RELOCATED	1	41081-41081	CURRENT+line_relocated	TM-RA-1
ra:technique:frankenfs/special-functions/3bfeec42	frankenfs	15c262710e55e46af90f545e61165c3949b3398e	crates/ffs-core/src/lib.rs	41089	d5ee5de8b895b17d	CURRENT	1	41089-41089	CURRENT	TM-RA-1
ra:technique:frankenfs/special-functions/3bfeec42	frankenfs	15c262710e55e46af90f545e61165c3949b3398e	crates/ffs-core/src/lib.rs	41094	09f0629128b306f6	CURRENT	1	41094-41094	CURRENT	TM-RA-1
ra:technique:frankenfs/structured-concurrency/fd6380ee	frankenfs	15c262710e55e46af90f545e61165c3949b3398e	crates/ffs-block/src/lib.rs	5	07104e7a09736c6b	CURRENT	1	5-5	CURRENT	TM-RA-1
ra:technique:frankenfs/structured-concurrency/fd6380ee	frankenfs	15c262710e55e46af90f545e61165c3949b3398e	crates/ffs-block/src/lib.rs	41	dbf323ae7624f047	CURRENT	1	41-41	CURRENT	TM-RA-1
ra:technique:frankenfs/wal-aries/8010f621	frankenfs	15c262710e55e46af90f545e61165c3949b3398e	crates/ffs-journal/src/lib.rs	2	f6bad4c776418dda	CURRENT	1	2-2	CURRENT	TM-RA-1
ra:technique:frankenfs/wal-aries/8010f621	frankenfs	15c262710e55e46af90f545e61165c3949b3398e	crates/ffs-journal/src/lib.rs	33	a2d7a395bda6e653	RELOCATED	1	34-34	CURRENT+line_relocated	TM-RA-1
ra:technique:frankenfs/wal-aries/8010f621	frankenfs	15c262710e55e46af90f545e61165c3949b3398e	crates/ffs-journal/src/lib.rs	47	f22e3720d4800720	RELOCATED	1	48-48	CURRENT+line_relocated	TM-RA-1
ra:technique:frankengit/beta-bernoulli/90f43d9c	frankengit	04d56ff40a2057c7772fb0539310cea79327fe0a	crates/fgit-statistics/src/expected_loss.rs	1	b5b11d488d12f6fb	CURRENT	1	1-1	CURRENT	TM-RA-1
ra:technique:frankengit/beta-bernoulli/90f43d9c	frankengit	04d56ff40a2057c7772fb0539310cea79327fe0a	crates/fgit-statistics/src/expected_loss.rs	14	2af2eb7862a16067	CURRENT	1	14-14	CURRENT	TM-RA-1
ra:technique:frankengit/beta-bernoulli/90f43d9c	frankengit	04d56ff40a2057c7772fb0539310cea79327fe0a	crates/fgit-statistics/src/beta_bernoulli.rs	9	a3adaf319212bdb4	CURRENT	1	9-9	CURRENT	TM-RA-1
ra:technique:frankengit/bloom-filter/c8993435	frankengit	04d56ff40a2057c7772fb0539310cea79327fe0a	crates/fgit-atp-git/src/lib.rs	12	befbd30793d8c0b3	CURRENT	1	12-12	CURRENT	TM-RA-1
ra:technique:frankengit/bloom-filter/c8993435	frankengit	04d56ff40a2057c7772fb0539310cea79327fe0a	crates/fgit-atp-git/src/lib.rs	424	4544d1c224ac69b5	CURRENT	1	424-424	CURRENT	TM-RA-1
ra:technique:frankengit/brent-root/09abff26	frankengit	04d56ff40a2057c7772fb0539310cea79327fe0a	crates/fgit-forge/src/bisection.rs	7	d070b53b72711cdb	CURRENT	1	7-7	CURRENT	TM-RA-1
ra:technique:frankengit/brent-root/09abff26	frankengit	04d56ff40a2057c7772fb0539310cea79327fe0a	crates/fgit-forge/src/bisection.rs	16	85faeb576b69843c	CURRENT	1	16-16	CURRENT	TM-RA-1
ra:technique:frankengit/calm-theorem/1d740563	frankengit	04d56ff40a2057c7772fb0539310cea79327fe0a	crates/fgit-calm/src/lib.rs	25	034ce8497b2847ba	CURRENT	1	25-25	CURRENT	TM-RA-1
ra:technique:frankengit/calm-theorem/1d740563	frankengit	04d56ff40a2057c7772fb0539310cea79327fe0a	crates/fgit-calm/src/lib.rs	15	67dc13ef67e0cdbf	CURRENT	1	15-15	CURRENT	TM-RA-1
ra:technique:frankengit/capability-security/9641b13c	frankengit	04d56ff40a2057c7772fb0539310cea79327fe0a	crates/fgit-agent/src/capability.rs	11	8ce5ba1c6e1c0c28	CURRENT	1	11-11	CURRENT	TM-RA-1
ra:technique:frankengit/capability-security/9641b13c	frankengit	04d56ff40a2057c7772fb0539310cea79327fe0a	crates/fgit-agent/src/capability.rs	17	2c4db2aa2cab2ab7	CURRENT	1	17-17	CURRENT	TM-RA-1
ra:technique:frankengit/compression-algorithms/3db0ad3b	frankengit	04d56ff40a2057c7772fb0539310cea79327fe0a	crates/fgit-deflate/src/lib.rs	5	fe7e0fbb14072be6	CURRENT	1	5-5	CURRENT	TM-RA-1
ra:technique:frankengit/compression-algorithms/3db0ad3b	frankengit	04d56ff40a2057c7772fb0539310cea79327fe0a	crates/fgit-deflate/src/lib.rs	15	f3dea697b60508f9	CURRENT	1	15-15	CURRENT	TM-RA-1
ra:technique:frankengit/compression-algorithms/3db0ad3b	frankengit	04d56ff40a2057c7772fb0539310cea79327fe0a	crates/fgit-deflate/src/lib.rs	161	c2f4d83a53baeb01	CURRENT	1	161-161	CURRENT	TM-RA-1
ra:technique:frankengit/conformal-prediction/074624fc	frankengit	04d56ff40a2057c7772fb0539310cea79327fe0a	crates/fgit-statistics/src/conformal.rs	11	3def8fd073cdf456	CURRENT	1	11-11	CURRENT	TM-RA-1
ra:technique:frankengit/conformal-prediction/074624fc	frankengit	04d56ff40a2057c7772fb0539310cea79327fe0a	crates/fgit-statistics/src/conformal.rs	15	3032d6ea25f308cb	CURRENT	1	15-15	CURRENT	TM-RA-1
ra:technique:frankengit/cusum/2546fa51	frankengit	04d56ff40a2057c7772fb0539310cea79327fe0a	crates/fgit-statistics/src/controller.rs	13	39c1171a46e5179a	CURRENT	1	13-13	CURRENT	TM-RA-1
ra:technique:frankengit/cusum/2546fa51	frankengit	04d56ff40a2057c7772fb0539310cea79327fe0a	crates/fgit-statistics/src/controller.rs	19	b301b99ceb08b47a	CURRENT	1	19-19	CURRENT	TM-RA-1
ra:technique:frankengit/cusum/2546fa51	frankengit	04d56ff40a2057c7772fb0539310cea79327fe0a	crates/fgit-statistics/src/regime.rs	1	4c43521877dfc3a9	CURRENT	1	1-1	CURRENT	TM-RA-1
ra:technique:frankengit/deterministic-simulation-testing/66da72da	frankengit	04d56ff40a2057c7772fb0539310cea79327fe0a	crates/fgit-lab/src/harness.rs	5	5d9b040b754e68db	CURRENT	1	5-5	CURRENT	TM-RA-1
ra:technique:frankengit/deterministic-simulation-testing/66da72da	frankengit	04d56ff40a2057c7772fb0539310cea79327fe0a	crates/fgit-lab/src/harness.rs	13	4225704920b2d033	CURRENT	1	13-13	CURRENT	TM-RA-1
ra:technique:frankengit/deterministic-simulation-testing/66da72da	frankengit	04d56ff40a2057c7772fb0539310cea79327fe0a	crates/fgit-authority/src/injection.rs	12	0c3ff8d3d822e092	CURRENT	1	12-12	CURRENT	TM-RA-1
ra:technique:frankengit/dpor-model-checking/bd102ea3	frankengit	04d56ff40a2057c7772fb0539310cea79327fe0a	crates/fgit-lab/src/search.rs	5	3eb2db6a09cb92e6	CURRENT	1	5-5	CURRENT	TM-RA-1
ra:technique:frankengit/dpor-model-checking/bd102ea3	frankengit	04d56ff40a2057c7772fb0539310cea79327fe0a	crates/fgit-lab/src/commute.rs	12	4455f2f20e9717e7	CURRENT	1	12-12	CURRENT	TM-RA-1
ra:technique:frankengit/dpor-model-checking/bd102ea3	frankengit	04d56ff40a2057c7772fb0539310cea79327fe0a	crates/fgit-lab/src/clockvec.rs	11	3f27acd9bc656f62	CURRENT	1	11-11	CURRENT	TM-RA-1
ra:technique:frankengit/e-value/39e5c8dc	frankengit	04d56ff40a2057c7772fb0539310cea79327fe0a	crates/fgit-statistics/src/e_process.rs	21	897a766ddb9b1f7c	CURRENT	1	21-21	CURRENT	TM-RA-1
ra:technique:frankengit/e-value/39e5c8dc	frankengit	04d56ff40a2057c7772fb0539310cea79327fe0a	crates/fgit-statistics/src/e_process.rs	29	a79f74742acc2b5d	CURRENT	1	29-29	CURRENT	TM-RA-1
ra:technique:frankengit/e-value/39e5c8dc	frankengit	04d56ff40a2057c7772fb0539310cea79327fe0a	crates/fgit-statistics/src/regime.rs	16	15418c29339ec422	CURRENT	1	16-16	CURRENT	TM-RA-1
ra:technique:frankengit/graph-algorithms-core/5aa971eb	frankengit	04d56ff40a2057c7772fb0539310cea79327fe0a	crates/fgit-graph/src/algorithms.rs	1	6fe8bba753d98f3d	CURRENT	1	1-1	CURRENT	TM-RA-1
ra:technique:frankengit/graph-algorithms-core/5aa971eb	frankengit	04d56ff40a2057c7772fb0539310cea79327fe0a	crates/fgit-graph/src/algorithms.rs	94	3c41f2feb2deddf8	CURRENT	1	94-94	CURRENT	TM-RA-1
ra:technique:frankengit/linearizability/f4f6c030	frankengit	04d56ff40a2057c7772fb0539310cea79327fe0a	crates/fgit-authority/src/lincheck.rs	1	c46a953f31243ce6	CURRENT	1	1-1	CURRENT	TM-RA-1
ra:technique:frankengit/linearizability/f4f6c030	frankengit	04d56ff40a2057c7772fb0539310cea79327fe0a	crates/fgit-authority/src/lincheck.rs	7	bee56a6eb836ad96	CURRENT	1	7-7	CURRENT	TM-RA-1
ra:technique:frankengit/linearizability/f4f6c030	frankengit	04d56ff40a2057c7772fb0539310cea79327fe0a	crates/fgit-authority-fsqlite/src/engine.rs	748	268c454a084ca385	CURRENT	1	748-748	CURRENT	TM-RA-1
ra:technique:frankengit/lyapunov-drift-potential/720ed5d0	frankengit	04d56ff40a2057c7772fb0539310cea79327fe0a	crates/fgit-statistics/src/lyapunov.rs	8	cc05d94fea2dd860	CURRENT	1	8-8	CURRENT	TM-RA-1
ra:technique:frankengit/lyapunov-drift-potential/720ed5d0	frankengit	04d56ff40a2057c7772fb0539310cea79327fe0a	crates/fgit-statistics/src/lyapunov.rs	17	d697d497db5699ef	CURRENT	1	17-17	CURRENT	TM-RA-1
ra:technique:frankengit/merkle-tree/6138e3a2	frankengit	04d56ff40a2057c7772fb0539310cea79327fe0a	crates/fgit-crypto/src/merkle.rs	16	b7b934aa045ba455	CURRENT	1	16-16	CURRENT	TM-RA-1
ra:technique:frankengit/merkle-tree/6138e3a2	frankengit	04d56ff40a2057c7772fb0539310cea79327fe0a	crates/fgit-crypto/src/merkle.rs	20	7cf4162f71cadfbe	CURRENT	1	20-20	CURRENT	TM-RA-1
ra:technique:frankengit/merkle-tree/6138e3a2	frankengit	04d56ff40a2057c7772fb0539310cea79327fe0a	crates/fgit-crypto/src/registry.rs	17	eda3be0c8ecb7376	CURRENT	1	17-17	CURRENT	TM-RA-1
ra:technique:frankengit/merkle-tree/6138e3a2	frankengit	04d56ff40a2057c7772fb0539310cea79327fe0a	crates/fgit-verified-read/src/lib.rs	7	4054abaed9c8bf1e	CURRENT	1	7-7	CURRENT	TM-RA-1
ra:technique:frankengit/off-policy-evaluation-ips-dr/b7ab2a4a	frankengit	04d56ff40a2057c7772fb0539310cea79327fe0a	crates/fgit-statistics/src/off_policy.rs	6	a9ee571365ca1889	CURRENT	1	6-6	CURRENT	TM-RA-1
ra:technique:frankengit/off-policy-evaluation-ips-dr/b7ab2a4a	frankengit	04d56ff40a2057c7772fb0539310cea79327fe0a	crates/fgit-statistics/src/off_policy.rs	14	756e02951e16e2f9	CURRENT	1	14-14	CURRENT	TM-RA-1
ra:technique:frankengit/raptorq-fountain/5c0fd06c	frankengit	04d56ff40a2057c7772fb0539310cea79327fe0a	crates/fgit-raptorq/src/lib.rs	5	e19775cf5c2262c6	CURRENT	1	5-5	CURRENT	TM-RA-1
ra:technique:frankengit/raptorq-fountain/5c0fd06c	frankengit	04d56ff40a2057c7772fb0539310cea79327fe0a	crates/fgit-raptorq/src/lib.rs	6	9f92199795d16803	CURRENT	1	6-6	CURRENT	TM-RA-1
ra:technique:frankengit/rm-deterministic-hashing-ordering/505a3c40	frankengit	04d56ff40a2057c7772fb0539310cea79327fe0a	crates/fgit-codec/src/harness.rs	14	2c0f6ad488811372	CURRENT	1	14-14	CURRENT	TM-RA-1
ra:technique:frankengit/rm-deterministic-hashing-ordering/505a3c40	frankengit	04d56ff40a2057c7772fb0539310cea79327fe0a	crates/fgit-codec/src/harness.rs	17	0c2856207d0b9791	CURRENT	1	17-17	CURRENT	TM-RA-1
ra:technique:frankengit/rm-deterministic-hashing-ordering/505a3c40	frankengit	04d56ff40a2057c7772fb0539310cea79327fe0a	crates/fgit-crypto/src/registry.rs	11	e738776df5531c83	CURRENT	1	11-11	CURRENT	TM-RA-1
ra:technique:frankengit/rm-error-taxonomy/f2849d24	frankengit	04d56ff40a2057c7772fb0539310cea79327fe0a	crates/fgit-statistics/src/fallback.rs	11	fbc8cc2052a51a34	CURRENT	1	11-11	CURRENT	TM-RA-1
ra:technique:frankengit/rm-error-taxonomy/f2849d24	frankengit	04d56ff40a2057c7772fb0539310cea79327fe0a	crates/fgit-statistics/src/fallback.rs	18	c7b9094870c5d510	CURRENT	1	18-18	CURRENT	TM-RA-1
ra:technique:frankengit/rm-evidence-receipts/6248e6d9	frankengit	04d56ff40a2057c7772fb0539310cea79327fe0a	crates/fgit-statistics/src/evidence.rs	9	bed025934fa5407d	CURRENT	1	9-9	CURRENT	TM-RA-1
ra:technique:frankengit/rm-evidence-receipts/6248e6d9	frankengit	04d56ff40a2057c7772fb0539310cea79327fe0a	crates/fgit-statistics/src/evidence.rs	15	af7bec40e1d6c48b	CURRENT	1	15-15	CURRENT	TM-RA-1
ra:technique:frankengit/rm-unsafe-discipline/735fb1e1	frankengit	04d56ff40a2057c7772fb0539310cea79327fe0a	Cargo.toml	88	f0a233f15ff4aa2c	CURRENT	1	88-88	CURRENT	TM-RA-1
ra:technique:frankengit/rm-unsafe-discipline/735fb1e1	frankengit	04d56ff40a2057c7772fb0539310cea79327fe0a	crates/fgit-deflate/src/lib.rs	1	d4e6f22e1e076733	CURRENT	1	1-1	CURRENT	TM-RA-1
ra:technique:frankengit/rng-algorithms/9a9586cc	frankengit	04d56ff40a2057c7772fb0539310cea79327fe0a	crates/fgit-authority/src/injection.rs	5	c0c7849209264f72	CURRENT	1	5-5	CURRENT	TM-RA-1
ra:technique:frankengit/starvation-escalation-floor/dcd73289	frankengit	04d56ff40a2057c7772fb0539310cea79327fe0a	crates/fgit-witness/src/retry.rs	7	dd22753afed2556a	CURRENT	1	7-7	CURRENT	TM-RA-1
ra:technique:frankengit/starvation-escalation-floor/dcd73289	frankengit	04d56ff40a2057c7772fb0539310cea79327fe0a	crates/fgit-witness/src/retry.rs	16	76eba432ba0b283b	CURRENT	1	16-16	CURRENT	TM-RA-1
ra:technique:frankengit/successive-elimination/7301edf8	frankengit	04d56ff40a2057c7772fb0539310cea79327fe0a	crates/fgit-statistics/src/elimination.rs	11	953221b853fc870c	CURRENT	1	11-11	CURRENT	TM-RA-1
ra:technique:frankengit/successive-elimination/7301edf8	frankengit	04d56ff40a2057c7772fb0539310cea79327fe0a	crates/fgit-statistics/src/elimination.rs	15	4bae407c10029874	CURRENT	1	15-15	CURRENT	TM-RA-1
ra:technique:frankengit/two-phase-commit-sagas/704bded6	frankengit	04d56ff40a2057c7772fb0539310cea79327fe0a	crates/fgit-admission/src/lib.rs	14	6c709a783fd961e9	CURRENT	1	14-14	CURRENT	TM-RA-1
ra:technique:frankengit/two-phase-commit-sagas/704bded6	frankengit	04d56ff40a2057c7772fb0539310cea79327fe0a	crates/fgit-admission/src/lib.rs	3263	08f572409eda31ef	CURRENT	1	3263-3263	CURRENT	TM-RA-1
ra:technique:frankengit/type-theory-proof-kernel/986c8299	frankengit	04d56ff40a2057c7772fb0539310cea79327fe0a	proofs/fg041/OrderedResidue.lean	50	784e03c4689fadf4	CURRENT	1	50-50	CURRENT	TM-RA-1
ra:technique:frankengit/type-theory-proof-kernel/986c8299	frankengit	04d56ff40a2057c7772fb0539310cea79327fe0a	proofs/fg041/OrderedResidue.lean	187	80ba0d19791e04c6	CURRENT	1	187-187	CURRENT	TM-RA-1
ra:technique:frankengit/type-theory-proof-kernel/986c8299	frankengit	04d56ff40a2057c7772fb0539310cea79327fe0a	proofs/fg041/check.sh	37	d53d7ce68cad7bae	CURRENT	1	37-37	CURRENT	TM-RA-1
ra:technique:frankengit/type-theory-proof-kernel/986c8299	frankengit	04d56ff40a2057c7772fb0539310cea79327fe0a	proofs/fg041/check.sh	28	538ed617f12c6c32	CURRENT	1	28-28	CURRENT	TM-RA-1
ra:technique:frankengit/vector-clock/7d0af9f5	frankengit	04d56ff40a2057c7772fb0539310cea79327fe0a	crates/fgit-lab/src/clockvec.rs	15	d6c34dc50f18a403	CURRENT	1	15-15	CURRENT	TM-RA-1
ra:technique:frankengraphdb/art-radix-trie/68ab4edb	frankengraphdb	108711001e3ddcf3e8f4f9b49df875209637b78a	crates/fgdb-collections/src/art.rs	3	598d4bf4bc395ba9	CURRENT	1	3-3	CURRENT	TM-RA-1
ra:technique:frankengraphdb/art-radix-trie/68ab4edb	frankengraphdb	108711001e3ddcf3e8f4f9b49df875209637b78a	crates/fgdb-collections/src/art.rs	6	bd6e5427b1f2212e	CURRENT	1	6-6	CURRENT	TM-RA-1
ra:technique:frankengraphdb/bitemporal-data/c7806799	frankengraphdb	108711001e3ddcf3e8f4f9b49df875209637b78a	crates/fgdb-chronicle/src/marker.rs	4	10499e6b1b67e19d	CURRENT	1	4-4	CURRENT	TM-RA-1
ra:technique:frankengraphdb/bitemporal-data/c7806799	frankengraphdb	108711001e3ddcf3e8f4f9b49df875209637b78a	crates/fgdb-chronicle/src/marker.rs	17	8e910e9df124b5c6	CURRENT	1	17-17	CURRENT	TM-RA-1
ra:technique:frankengraphdb/bitemporal-data/c7806799	frankengraphdb	108711001e3ddcf3e8f4f9b49df875209637b78a	crates/fgdb-chronicle/src/marker.rs	39	4e4d101757c18668	CURRENT	1	39-39	CURRENT	TM-RA-1
ra:technique:frankengraphdb/compression-algorithms/7de5a741	frankengraphdb	108711001e3ddcf3e8f4f9b49df875209637b78a	crates/fgdb-codec/src/elias_fano.rs	6	65315ae7b6a1fb10	RELOCATED	1	7-7	CURRENT+line_relocated	TM-RA-1
ra:technique:frankengraphdb/compression-algorithms/7de5a741	frankengraphdb	108711001e3ddcf3e8f4f9b49df875209637b78a	crates/fgdb-codec/src/elias_fano.rs	12	739ef422f28bb6ba	CURRENT	1	12-12	CURRENT	TM-RA-1
ra:technique:frankengraphdb/conformal-prediction/73789021	frankengraphdb	108711001e3ddcf3e8f4f9b49df875209637b78a	crates/fgdb-calibrate/src/conformal.rs	3	2520d2540b9cd5c8	CURRENT	1	3-3	CURRENT	TM-RA-1
ra:technique:frankengraphdb/conformal-prediction/73789021	frankengraphdb	108711001e3ddcf3e8f4f9b49df875209637b78a	crates/fgdb-calibrate/src/conformal.rs	22	8519d593751bd0f8	STALE	0	-	STALE	TM-RA-1
ra:technique:frankengraphdb/count-min-sketch/190ae6d2	frankengraphdb	108711001e3ddcf3e8f4f9b49df875209637b78a	crates/fgdb-sketch/src/count_min.rs	4	2031b4f2691555cd	CURRENT	1	4-4	CURRENT	TM-RA-1
ra:technique:frankengraphdb/count-min-sketch/190ae6d2	frankengraphdb	108711001e3ddcf3e8f4f9b49df875209637b78a	crates/fgdb-sketch/src/count_min.rs	5	4a963015bdcd793f	CURRENT	1	5-5	CURRENT	TM-RA-1
ra:technique:frankengraphdb/cryptographic-primitives/15392095	frankengraphdb	108711001e3ddcf3e8f4f9b49df875209637b78a	crates/fgdb-crypto/src/argon2id.rs	9	bfeab47230fff602	CURRENT	1	9-9	CURRENT	TM-RA-1
ra:technique:frankengraphdb/cryptographic-primitives/15392095	frankengraphdb	108711001e3ddcf3e8f4f9b49df875209637b78a	crates/fgdb-crypto/src/argon2id.rs	16	bafbdef1450f6d80	RELOCATED	1	15-15	CURRENT+line_relocated	TM-RA-1
ra:technique:frankengraphdb/cryptographic-primitives/15392095	frankengraphdb	108711001e3ddcf3e8f4f9b49df875209637b78a	crates/fgdb-crypto/src/argon2id.rs	26	ca4b8a09e678e7be	RELOCATED	1	25-25	CURRENT+line_relocated	TM-RA-1
ra:technique:frankengraphdb/delta-debugging-ddmin/44ababbd	frankengraphdb	108711001e3ddcf3e8f4f9b49df875209637b78a	crates/fgdb-sim/src/shrink.rs	23	3eb95091cc6ad36c	CURRENT	1	23-23	CURRENT	TM-RA-1
ra:technique:frankengraphdb/delta-debugging-ddmin/44ababbd	frankengraphdb	108711001e3ddcf3e8f4f9b49df875209637b78a	crates/fgdb-sim/src/shrink.rs	20	79e6ca48eb010f4c	CURRENT	1	20-20	CURRENT	TM-RA-1
ra:technique:frankengraphdb/deterministic-simulation-testing/84698710	frankengraphdb	108711001e3ddcf3e8f4f9b49df875209637b78a	crates/fgdb-sim/src/dual_run.rs	7	3e1c1013aafb274a	CURRENT	1	7-7	CURRENT	TM-RA-1
ra:technique:frankengraphdb/deterministic-simulation-testing/84698710	frankengraphdb	108711001e3ddcf3e8f4f9b49df875209637b78a	crates/fgdb-sketch/src/distinct.rs	6	890db7b0701589f6	STALE	0	-	STALE	TM-RA-1
ra:technique:frankengraphdb/e-value/66b5ed46	frankengraphdb	108711001e3ddcf3e8f4f9b49df875209637b78a	crates/fgdb-calibrate/src/eprocess.rs	1	7ca07ba89fb812fe	CURRENT	1	1-1	CURRENT	TM-RA-1
ra:technique:frankengraphdb/e-value/66b5ed46	frankengraphdb	108711001e3ddcf3e8f4f9b49df875209637b78a	crates/fgdb-calibrate/src/eprocess.rs	3	6596288654d50518	CURRENT	1	3-3	CURRENT	TM-RA-1
ra:technique:frankengraphdb/e-value/66b5ed46	frankengraphdb	108711001e3ddcf3e8f4f9b49df875209637b78a	crates/fgdb-calibrate/src/eprocess.rs	200	4704cb6a64b3840c	CURRENT	1	200-200	CURRENT	TM-RA-1
ra:technique:frankengraphdb/e-value/0ea71b9b	frankengraphdb	108711001e3ddcf3e8f4f9b49df875209637b78a	crates/fgdb-calibrate/src/sprt.rs	1	3d26f7f307e7d6e2	CURRENT	1	1-1	CURRENT	TM-RA-1
ra:technique:frankengraphdb/e-value/0ea71b9b	frankengraphdb	108711001e3ddcf3e8f4f9b49df875209637b78a	crates/fgdb-calibrate/src/sprt.rs	14	96fc668ce5a99336	CURRENT	1	14-14	CURRENT	TM-RA-1
ra:technique:frankengraphdb/e-value/0ea71b9b	frankengraphdb	108711001e3ddcf3e8f4f9b49df875209637b78a	crates/fgdb-calibrate/src/sprt.rs	4	cacefc2ee6737c51	RELOCATED	1	5-5	CURRENT+line_relocated	TM-RA-1
ra:technique:frankengraphdb/file-locking-leases/921cbfd0	frankengraphdb	108711001e3ddcf3e8f4f9b49df875209637b78a	crates/fgdb-chronicle/src/commit.rs	54	14855df97eeaa796	RELOCATED	1	53-53	CURRENT+line_relocated	TM-RA-1
ra:technique:frankengraphdb/file-locking-leases/921cbfd0	frankengraphdb	108711001e3ddcf3e8f4f9b49df875209637b78a	crates/fgdb-chronicle/src/commit.rs	55	2d8dcbcc4b8fbe39	RELOCATED	1	54-54	CURRENT+line_relocated	TM-RA-1
ra:technique:frankengraphdb/filesystem-semantics/d3cb7190	frankengraphdb	108711001e3ddcf3e8f4f9b49df875209637b78a	crates/fgdb-chronicle/src/store.rs	46	2e32c28672c3e1c4	CURRENT	1	46-46	CURRENT	TM-RA-1
ra:technique:frankengraphdb/filesystem-semantics/d3cb7190	frankengraphdb	108711001e3ddcf3e8f4f9b49df875209637b78a	crates/fgdb-chronicle/src/store.rs	47	3ad44ed018aaf7d2	STALE	0	-	STALE	TM-RA-1
ra:technique:frankengraphdb/filesystem-semantics/d3cb7190	frankengraphdb	108711001e3ddcf3e8f4f9b49df875209637b78a	crates/fgdb-chronicle/src/commit.rs	836	eb143c82f0042a60	CURRENT	1	836-836	CURRENT	TM-RA-1
ra:technique:frankengraphdb/fixed-point-arithmetic/8e14c82d	frankengraphdb	108711001e3ddcf3e8f4f9b49df875209637b78a	crates/fgdb-bigint/src/lib.rs	3	4518dcadd06c1fee	CURRENT	1	3-3	CURRENT	TM-RA-1
ra:technique:frankengraphdb/fixed-point-arithmetic/8e14c82d	frankengraphdb	108711001e3ddcf3e8f4f9b49df875209637b78a	crates/fgdb-bigint/src/lib.rs	331	21b4f3580044073f	CURRENT	1	331-331	CURRENT	TM-RA-1
ra:technique:frankengraphdb/hyperloglog/43379ea6	frankengraphdb	108711001e3ddcf3e8f4f9b49df875209637b78a	crates/fgdb-sketch/src/distinct.rs	3	2cca94d447b84ea1	CURRENT	1	3-3	CURRENT	TM-RA-1
ra:technique:frankengraphdb/hyperloglog/43379ea6	frankengraphdb	108711001e3ddcf3e8f4f9b49df875209637b78a	crates/fgdb-sketch/src/distinct.rs	6	39510a08df9af1ed	STALE	0	-	STALE	TM-RA-1
ra:technique:frankengraphdb/lineage-driven-fault-injection/03f22a69	frankengraphdb	108711001e3ddcf3e8f4f9b49df875209637b78a	crates/fgdb-sim/src/ldfi.rs	29	cad3cdb6ccb7cc62	CURRENT	1	29-29	CURRENT	TM-RA-1
ra:technique:frankengraphdb/lineage-driven-fault-injection/03f22a69	frankengraphdb	108711001e3ddcf3e8f4f9b49df875209637b78a	crates/fgdb-sim/src/ldfi.rs	30	3f5ddaa64e1fbb5d	CURRENT	1	30-30	CURRENT	TM-RA-1
ra:technique:frankengraphdb/lineage-driven-fault-injection/03f22a69	frankengraphdb	108711001e3ddcf3e8f4f9b49df875209637b78a	crates/fgdb-sim/src/ldfi.rs	17	2c1b6db6bb8e3e69	CURRENT	1	17-17	CURRENT	TM-RA-1
ra:technique:frankengraphdb/lsm-tree/31bcea7e	frankengraphdb	108711001e3ddcf3e8f4f9b49df875209637b78a	crates/fgdb-strata/src/lib.rs	30	42f13ddbed849421	CURRENT	1	30-30	CURRENT	TM-RA-1
ra:technique:frankengraphdb/lsm-tree/31bcea7e	frankengraphdb	108711001e3ddcf3e8f4f9b49df875209637b78a	crates/fgdb-strata/src/lib.rs	31	d9e6d2383cd650cf	CURRENT	1	31-31	CURRENT	TM-RA-1
ra:technique:frankengraphdb/lsm-tree/31bcea7e	frankengraphdb	108711001e3ddcf3e8f4f9b49df875209637b78a	crates/fgdb-strata/src/lib.rs	18	bda8f04d04665728	RELOCATED	1	17-17	CURRENT+line_relocated	TM-RA-1
ra:technique:frankengraphdb/lyapunov-drift-potential/3a4e5d4a	frankengraphdb	108711001e3ddcf3e8f4f9b49df875209637b78a	crates/fgdb-calibrate/src/lyapunov.rs	7	05ab7a869abe580f	RELOCATED	1	6-6	CURRENT+line_relocated	TM-RA-1
ra:technique:frankengraphdb/lyapunov-drift-potential/3a4e5d4a	frankengraphdb	108711001e3ddcf3e8f4f9b49df875209637b78a	crates/fgdb-calibrate/src/lyapunov.rs	8	daa075e53b6aef2c	RELOCATED	1	7-7	CURRENT+line_relocated	TM-RA-1
ra:technique:frankengraphdb/merkle-tree/f63b9f3c	frankengraphdb	108711001e3ddcf3e8f4f9b49df875209637b78a	crates/fgdb-chronicle/src/identity.rs	19	58cd04177bc1871d	CURRENT	1	19-19	CURRENT	TM-RA-1
ra:technique:frankengraphdb/merkle-tree/f63b9f3c	frankengraphdb	108711001e3ddcf3e8f4f9b49df875209637b78a	crates/fgdb-chronicle/src/commit.rs	143	1d176b9c693ead9d	CURRENT	1	143-143	CURRENT	TM-RA-1
ra:technique:frankengraphdb/minhash-lsh/b30bc196	frankengraphdb	108711001e3ddcf3e8f4f9b49df875209637b78a	crates/fgdb-sketch/src/bottom_k.rs	3	5ad2a9aed839ce72	CURRENT	1	3-3	CURRENT	TM-RA-1
ra:technique:frankengraphdb/minhash-lsh/b30bc196	frankengraphdb	108711001e3ddcf3e8f4f9b49df875209637b78a	crates/fgdb-sketch/src/bottom_k.rs	11	8baeeacffb5f6a10	CURRENT	1	11-11	CURRENT	TM-RA-1
ra:technique:frankengraphdb/mvcc/08015bc6	frankengraphdb	108711001e3ddcf3e8f4f9b49df875209637b78a	crates/fgdb-reference/src/lib.rs	1885	6a194a4e3154897d	CURRENT	1	1885-1885	CURRENT	TM-RA-1
ra:technique:frankengraphdb/mvcc/08015bc6	frankengraphdb	108711001e3ddcf3e8f4f9b49df875209637b78a	crates/fgdb-chronicle/src/marker.rs	4	10499e6b1b67e19d	CURRENT	1	4-4	CURRENT	TM-RA-1
ra:technique:frankengraphdb/raptorq-fountain/344d00f4	frankengraphdb	108711001e3ddcf3e8f4f9b49df875209637b78a	crates/fgdb-chronicle/src/capsule.rs	5	8be11b99eab2f005	CURRENT	1	5-5	CURRENT	TM-RA-1
ra:technique:frankengraphdb/raptorq-fountain/344d00f4	frankengraphdb	108711001e3ddcf3e8f4f9b49df875209637b78a	crates/fgdb-chronicle/src/capsule.rs	27	d5934118f277c5f1	CURRENT	1	27-27	CURRENT	TM-RA-1
ra:technique:frankengraphdb/raptorq-fountain/344d00f4	frankengraphdb	108711001e3ddcf3e8f4f9b49df875209637b78a	crates/fgdb-chronicle/src/capsule.rs	30	beeb66991a8da080	CURRENT	1	30-30	CURRENT	TM-RA-1
ra:technique:frankengraphdb/raptorq-fountain/344d00f4	frankengraphdb	108711001e3ddcf3e8f4f9b49df875209637b78a	crates/fgdb-chronicle/src/capsule.rs	20	df0efd0e825e1a3e	RELOCATED	1	19-19	CURRENT+line_relocated	TM-RA-1
ra:technique:frankengraphdb/rm-differential-oracle/be9fbbc3	frankengraphdb	108711001e3ddcf3e8f4f9b49df875209637b78a	crates/fgdb-reference/src/lib.rs	6	c96f5dc98243ccd3	CURRENT	1	6-6	CURRENT	TM-RA-1
ra:technique:frankengraphdb/rm-differential-oracle/be9fbbc3	frankengraphdb	108711001e3ddcf3e8f4f9b49df875209637b78a	crates/fgdb-reference/src/lib.rs	16	0170aafad4f25a67	CURRENT	1	16-16	CURRENT	TM-RA-1
ra:technique:frankengraphdb/rm-differential-oracle/be9fbbc3	frankengraphdb	108711001e3ddcf3e8f4f9b49df875209637b78a	crates/fgdb-reference/src/lib.rs	27	6092ec6b95d23ac5	CURRENT	1	27-27	CURRENT	TM-RA-1
ra:technique:frankengraphdb/rm-spec-first/50dc7959	frankengraphdb	108711001e3ddcf3e8f4f9b49df875209637b78a	registries/claims_lint.toml	17	64a6b5db5879589c	CURRENT	1	17-17	CURRENT	TM-RA-1
ra:technique:frankengraphdb/rm-spec-first/50dc7959	frankengraphdb	108711001e3ddcf3e8f4f9b49df875209637b78a	registries/proof_lanes.toml	141	2afbd643d06cd6c4	CURRENT	1	141-141	CURRENT	TM-RA-1
ra:technique:frankengraphdb/rm-spec-first/50dc7959	frankengraphdb	108711001e3ddcf3e8f4f9b49df875209637b78a	registries/constitution.toml	43	ee90afe7ac6d1a93	CURRENT	1	43-43	CURRENT	TM-RA-1
ra:technique:frankengraphdb/rm-type-driven-design/8bc4240c	frankengraphdb	108711001e3ddcf3e8f4f9b49df875209637b78a	crates/fgdb-sim/src/campaign.rs	17	f58b8cf9f9935b2f	CURRENT	1	17-17	CURRENT	TM-RA-1
ra:technique:frankengraphdb/rm-type-driven-design/8bc4240c	frankengraphdb	108711001e3ddcf3e8f4f9b49df875209637b78a	crates/fgdb-sim/src/campaign.rs	18	bb1d5b8e633f605d	CURRENT	1	18-18	CURRENT	TM-RA-1
ra:technique:frankengraphdb/rm-type-driven-design/8bc4240c	frankengraphdb	108711001e3ddcf3e8f4f9b49df875209637b78a	crates/fgdb-sim/src/campaign.rs	3	58066933957688b9	CURRENT	1	3-3	CURRENT	TM-RA-1
ra:technique:frankengraphdb/rm-unsafe-discipline/52dd65e2	frankengraphdb	108711001e3ddcf3e8f4f9b49df875209637b78a	registries/unsafe_boundary_ledger.toml	8	5a1f53de8a152b37	CURRENT	1	8-8	CURRENT	TM-RA-1
ra:technique:frankengraphdb/rm-unsafe-discipline/52dd65e2	frankengraphdb	108711001e3ddcf3e8f4f9b49df875209637b78a	registries/unsafe_boundary_ledger.toml	21	13fc1c782a489f11	RELOCATED	1	20-20	CURRENT+line_relocated	TM-RA-1
ra:technique:frankengraphdb/rm-unsafe-discipline/52dd65e2	frankengraphdb	108711001e3ddcf3e8f4f9b49df875209637b78a	registries/unsafe_boundary_ledger.toml	142	5e5f195d5b93f189	CURRENT	1	142-142	CURRENT	TM-RA-1
ra:technique:frankengraphdb/rm-unsafe-discipline/52dd65e2	frankengraphdb	108711001e3ddcf3e8f4f9b49df875209637b78a	registries/unsafe_boundary_ledger.toml	145	d8dfd1cf40b772a8	CURRENT	1	145-145	CURRENT	TM-RA-1
ra:technique:frankengraphdb/roaring-bitmaps/4640d9c4	frankengraphdb	108711001e3ddcf3e8f4f9b49df875209637b78a	crates/fgdb-codec/src/kernel.rs	382	430bc14049f15e58	CURRENT	1	382-382	CURRENT	TM-RA-1
ra:technique:frankengraphdb/roaring-bitmaps/4640d9c4	frankengraphdb	108711001e3ddcf3e8f4f9b49df875209637b78a	crates/fgdb-codec/src/block.rs	4	d625de743b4db652	CURRENT	1	4-4	CURRENT	TM-RA-1
ra:technique:frankengraphdb/serializability-isolation/208d2ad5	frankengraphdb	108711001e3ddcf3e8f4f9b49df875209637b78a	crates/fgdb-reference/src/ssi.rs	11	20b991056717ebbf	CURRENT	1	11-11	CURRENT	TM-RA-1
ra:technique:frankengraphdb/serializability-isolation/208d2ad5	frankengraphdb	108711001e3ddcf3e8f4f9b49df875209637b78a	crates/fgdb-reference/src/ssi.rs	26	cc31d96174c10e73	CURRENT	1	26-26	CURRENT	TM-RA-1
ra:technique:frankengraphdb/serializability-isolation/208d2ad5	frankengraphdb	108711001e3ddcf3e8f4f9b49df875209637b78a	crates/fgdb-reference/src/ssi.rs	22	03b499b842173b1e	RELOCATED	1	24-24	CURRENT+line_relocated	TM-RA-1
ra:technique:frankengraphdb/string-search-automata/f0563594	frankengraphdb	108711001e3ddcf3e8f4f9b49df875209637b78a	crates/fgdb-collections/src/levenshtein.rs	5	7ffa9c94c64d41d1	CURRENT	1	5-5	CURRENT	TM-RA-1
ra:technique:frankengraphdb/string-search-automata/f0563594	frankengraphdb	108711001e3ddcf3e8f4f9b49df875209637b78a	crates/fgdb-collections/src/levenshtein.rs	7	111e503414f90386	CURRENT	1	7-7	CURRENT	TM-RA-1
ra:technique:frankengraphdb/type-theory-proof-kernel/dcf5c992	frankengraphdb	108711001e3ddcf3e8f4f9b49df875209637b78a	formal/lean/VersionChain.lean	9	dc8ae2bdb6d5488d	CURRENT	1	9-9	CURRENT	TM-RA-1
ra:technique:frankengraphdb/type-theory-proof-kernel/dcf5c992	frankengraphdb	108711001e3ddcf3e8f4f9b49df875209637b78a	formal/lean/VersionChain.lean	63	1bf2064abbf2e4e3	CURRENT	1	63-63	CURRENT	TM-RA-1
ra:technique:frankengraphdb/type-theory-proof-kernel/dcf5c992	frankengraphdb	108711001e3ddcf3e8f4f9b49df875209637b78a	formal/lean/VersionChain.lean	22	ab4f73e29ce586fb	RELOCATED	1	23-23	CURRENT+line_relocated	TM-RA-1
ra:technique:frankengraphdb/wal-aries/6585790b	frankengraphdb	108711001e3ddcf3e8f4f9b49df875209637b78a	crates/fgdb-chronicle/src/commit.rs	14	8c8c569fd90a8f8f	CURRENT	1	14-14	CURRENT	TM-RA-1
ra:technique:frankengraphdb/wal-aries/6585790b	frankengraphdb	108711001e3ddcf3e8f4f9b49df875209637b78a	crates/fgdb-chronicle/src/commit.rs	24	97bfc3ecf2312de1	CURRENT	1	24-24	CURRENT	TM-RA-1
ra:technique:frankengraphdb/wal-aries/6585790b	frankengraphdb	108711001e3ddcf3e8f4f9b49df875209637b78a	crates/fgdb-chronicle/src/commit.rs	611	7e0470e7ba0b48b0	CURRENT	1	611-611	CURRENT	TM-RA-1
ra:technique:frankenjax/automatic-differentiation/b562fb81	frankenjax	ec74b7b24a7935683f06fbd88129ce3a7cf9c7fc	crates/fj-ad/src/lib.rs	3481	645049a4f4e06d3c	CURRENT	1	3481-3481	CURRENT	TM-RA-1
ra:technique:frankenjax/automatic-differentiation/b562fb81	frankenjax	ec74b7b24a7935683f06fbd88129ce3a7cf9c7fc	crates/fj-conformance/tests/ad_numerical_verification.rs	4	3c4f4dedb882e2f9	CURRENT	1	4-4	CURRENT	TM-RA-1
ra:technique:frankenjax/automatic-differentiation/b562fb81	frankenjax	ec74b7b24a7935683f06fbd88129ce3a7cf9c7fc	crates/fj-ad/src/lib.rs	3496	41de7e04b54f4f78	CURRENT	1	3496-3496	CURRENT	TM-RA-1
ra:technique:frankenjax/bayes-theorem/e78bce19	frankenjax	ec74b7b24a7935683f06fbd88129ce3a7cf9c7fc	crates/fj-ledger/src/lib.rs	271	1c0f6577829d2cce	CURRENT	1	271-271	CURRENT	TM-RA-1
ra:technique:frankenjax/bayes-theorem/e78bce19	frankenjax	ec74b7b24a7935683f06fbd88129ce3a7cf9c7fc	crates/fj-ledger/src/lib.rs	34	8dcb7c1cdadece4b	CURRENT	1	34-34	CURRENT	TM-RA-1
ra:technique:frankenjax/compiler-ir-ssa/399ac536	frankenjax	ec74b7b24a7935683f06fbd88129ce3a7cf9c7fc	crates/fj-core/src/lib.rs	4614	b9152dc69dd00f00	CURRENT	1	4614-4614	CURRENT	TM-RA-1
ra:technique:frankenjax/compiler-ir-ssa/399ac536	frankenjax	ec74b7b24a7935683f06fbd88129ce3a7cf9c7fc	crates/fj-core/src/lib.rs	4616	e551cc2f94a5261b	CURRENT	1	4616-4616	CURRENT	TM-RA-1
ra:technique:frankenjax/compiler-ir-ssa/399ac536	frankenjax	ec74b7b24a7935683f06fbd88129ce3a7cf9c7fc	crates/fj-core/src/lib.rs	4522	ed8e52bdb8ba3d92	CURRENT	1	4522-4522	CURRENT	TM-RA-1
ra:technique:frankenjax/compiler-ir-ssa/4c6c4e6f	frankenjax	ec74b7b24a7935683f06fbd88129ce3a7cf9c7fc	crates/fj-egraph/src/lib.rs	462	a6ca8500f594faad	CURRENT	1	462-462	CURRENT	TM-RA-1
ra:technique:frankenjax/compiler-ir-ssa/4c6c4e6f	frankenjax	ec74b7b24a7935683f06fbd88129ce3a7cf9c7fc	crates/fj-egraph/src/lib.rs	459	9e4931fe38c5d80c	CURRENT	1	459-459	CURRENT	TM-RA-1
ra:technique:frankenjax/compiler-ir-ssa/4c6c4e6f	frankenjax	ec74b7b24a7935683f06fbd88129ce3a7cf9c7fc	crates/fj-egraph/src/lib.rs	3216	f817635657faf63d	CURRENT	1	3216-3216	CURRENT	TM-RA-1
ra:technique:frankenjax/cryptographic-primitives/90aa0a42	frankenjax	ec74b7b24a7935683f06fbd88129ce3a7cf9c7fc	crates/fj-cache/src/legacy_parity.rs	167	4b4defdaf9390789	CURRENT	1	167-167	CURRENT	TM-RA-1
ra:technique:frankenjax/cryptographic-primitives/90aa0a42	frankenjax	ec74b7b24a7935683f06fbd88129ce3a7cf9c7fc	crates/fj-cache/src/legacy_parity.rs	185	c1f123d0463e0b5b	CURRENT	1	185-185	CURRENT	TM-RA-1
ra:technique:frankenjax/jax-transform-semantics/f4d17c01	frankenjax	ec74b7b24a7935683f06fbd88129ce3a7cf9c7fc	crates/fj-api/src/transforms.rs	203	9c6b2f9c97d4d87f	CURRENT	1	203-203	CURRENT	TM-RA-1
ra:technique:frankenjax/jax-transform-semantics/f4d17c01	frankenjax	ec74b7b24a7935683f06fbd88129ce3a7cf9c7fc	crates/fj-dispatch/src/batching.rs	5	efd5dd66d4a8dd4c	CURRENT	1	5-5	CURRENT	TM-RA-1
ra:technique:frankenjax/jax-transform-semantics/f4d17c01	frankenjax	ec74b7b24a7935683f06fbd88129ce3a7cf9c7fc	crates/fj-conformance/src/ttl_semantic.rs	28	19ee91a8d277d81b	CURRENT	1	28-28	CURRENT	TM-RA-1
ra:technique:frankenjax/libm-implementation/277b5477	frankenjax	ec74b7b24a7935683f06fbd88129ce3a7cf9c7fc	crates/fj-lax/src/arithmetic.rs	6709	ec52eb7b2762f957	CURRENT	1	6709-6709	CURRENT	TM-RA-1
ra:technique:frankenjax/libm-implementation/277b5477	frankenjax	ec74b7b24a7935683f06fbd88129ce3a7cf9c7fc	crates/fj-lax/src/arithmetic.rs	6736	d62561a45e776fb3	CURRENT	1	6736-6736	CURRENT	TM-RA-1
ra:technique:frankenjax/libm-implementation/277b5477	frankenjax	ec74b7b24a7935683f06fbd88129ce3a7cf9c7fc	crates/fj-lax/src/simd_exp.rs	49	01fed9bb9fd5d934	CURRENT	1	49-49	CURRENT	TM-RA-1
ra:technique:frankenjax/raptorq-fountain/1fb06d15	frankenjax	ec74b7b24a7935683f06fbd88129ce3a7cf9c7fc	crates/fj-conformance/src/memory_performance.rs	702	4d480426d99dfe83	CURRENT	1	702-702	CURRENT	TM-RA-1
ra:technique:frankenjax/raptorq-fountain/1fb06d15	frankenjax	ec74b7b24a7935683f06fbd88129ce3a7cf9c7fc	crates/fj-conformance/src/durability.rs	451	5d7963b036743e63	CURRENT	1	451-451	CURRENT	TM-RA-1
ra:technique:frankenjax/rm-differential-oracle/0cc4d520	frankenjax	ec74b7b24a7935683f06fbd88129ce3a7cf9c7fc	crates/fj-conformance/scripts/capture_legacy_fixtures.py	24	d09f30cfcc6448bf	CURRENT	1	24-24	CURRENT	TM-RA-1
ra:technique:frankenjax/rm-differential-oracle/0cc4d520	frankenjax	ec74b7b24a7935683f06fbd88129ce3a7cf9c7fc	crates/fj-conformance/scripts/capture_linalg_fft_oracle.py	41	e93542e3d7c079bc	CURRENT	1	41-41	CURRENT	TM-RA-1
ra:technique:frankenjax/rm-differential-oracle/0cc4d520	frankenjax	ec74b7b24a7935683f06fbd88129ce3a7cf9c7fc	crates/fj-conformance/src/lib.rs	1662	9e4c8ed8cbea3cee	CURRENT	1	1662-1662	CURRENT	TM-RA-1
ra:technique:frankenjax/rm-error-taxonomy/f77026ac	frankenjax	ec74b7b24a7935683f06fbd88129ce3a7cf9c7fc	crates/fj-ad/src/lib.rs	6102	efba78757aaf73b2	CURRENT	1	6102-6102	CURRENT	TM-RA-1
ra:technique:frankenjax/rm-error-taxonomy/f77026ac	frankenjax	ec74b7b24a7935683f06fbd88129ce3a7cf9c7fc	crates/fj-ad/src/lib.rs	6104	d08b1889b7c8a4a6	CURRENT	1	6104-6104	CURRENT	TM-RA-1
ra:technique:frankenjax/rm-error-taxonomy/f77026ac	frankenjax	ec74b7b24a7935683f06fbd88129ce3a7cf9c7fc	crates/fj-conformance/src/transform_control_flow.rs	1403	8c481fdde774f06b	CURRENT	1	1403-1403	CURRENT	TM-RA-1
ra:technique:frankenjax/rm-evidence-receipts/09bcc2a7	frankenjax	ec74b7b24a7935683f06fbd88129ce3a7cf9c7fc	crates/fj-core/src/lib.rs	5965	f8b0e0dfcef754b4	CURRENT	1	5965-5965	CURRENT	TM-RA-1
ra:technique:frankenjax/rm-evidence-receipts/09bcc2a7	frankenjax	ec74b7b24a7935683f06fbd88129ce3a7cf9c7fc	crates/fj-conformance/src/ttl_semantic.rs	31	1e013d03ff6f10a5	CURRENT	1	31-31	CURRENT	TM-RA-1
ra:technique:frankenjax/rm-fuzzing/052ceb7f	frankenjax	ec74b7b24a7935683f06fbd88129ce3a7cf9c7fc	crates/fj-conformance/src/security_adversarial.rs	271	c93a24e934d139c1	CURRENT	1	271-271	CURRENT	TM-RA-1
ra:technique:frankenjax/rm-invariant-assertions/306c0737	frankenjax	ec74b7b24a7935683f06fbd88129ce3a7cf9c7fc	crates/fj-interpreters/src/lib.rs	2161	70dbee0c8192519d	CURRENT	1	2161-2161	CURRENT	TM-RA-1
ra:technique:frankenjax/rm-invariant-assertions/306c0737	frankenjax	ec74b7b24a7935683f06fbd88129ce3a7cf9c7fc	crates/fj-interpreters/src/lib.rs	1895	c1eee7457ed35843	CURRENT	1	1895-1895	CURRENT	TM-RA-1
ra:technique:frankenjax/rm-property-testing/461915b8	frankenjax	ec74b7b24a7935683f06fbd88129ce3a7cf9c7fc	crates/fj-core/src/proptest_strategies.rs	2	d5b56029f44d379a	CURRENT	1	2-2	CURRENT	TM-RA-1
ra:technique:frankenjax/rm-snapshot-golden/6c85addd	frankenjax	ec74b7b24a7935683f06fbd88129ce3a7cf9c7fc	crates/fj-conformance/tests/error_message_snapshots.rs	17	865fa78e0e9eadab	CURRENT	1	17-17	CURRENT	TM-RA-1
ra:technique:frankenjax/rm-unsafe-discipline/f0424ef8	frankenjax	ec74b7b24a7935683f06fbd88129ce3a7cf9c7fc	crates/fj-egraph/src/lib.rs	1	d4e6f22e1e076733	CURRENT	1	1-1	CURRENT	TM-RA-1
ra:technique:frankenjax/rng-algorithms/99cea5bf	frankenjax	ec74b7b24a7935683f06fbd88129ce3a7cf9c7fc	crates/fj-lax/src/threefry.rs	3	99e823bcdee874d4	CURRENT	1	3-3	CURRENT	TM-RA-1
ra:technique:frankenjax/rng-algorithms/99cea5bf	frankenjax	ec74b7b24a7935683f06fbd88129ce3a7cf9c7fc	crates/fj-lax/src/threefry.rs	8	91559cc618a2901f	CURRENT	1	8-8	CURRENT	TM-RA-1
ra:technique:frankenjax/svd/80e616a0	frankenjax	ec74b7b24a7935683f06fbd88129ce3a7cf9c7fc	crates/fj-ad/src/lib.rs	6107	f786f701c08c20e6	CURRENT	1	6107-6107	CURRENT	TM-RA-1
ra:technique:frankenjax/svd/80e616a0	frankenjax	ec74b7b24a7935683f06fbd88129ce3a7cf9c7fc	crates/fj-lax/src/linalg.rs	1511	ed7a61913c07e5d0	CURRENT	1	1511-1511	CURRENT	TM-RA-1
ra:technique:frankenjax/twosum-fma/86069bf3	frankenjax	ec74b7b24a7935683f06fbd88129ce3a7cf9c7fc	.cargo/config.toml	12	367eb51442f89838	CURRENT	1	12-12	CURRENT	TM-RA-1
ra:technique:frankenjax/twosum-fma/86069bf3	frankenjax	ec74b7b24a7935683f06fbd88129ce3a7cf9c7fc	.cargo/config.toml	20	1527cff649a8d79f	CURRENT	1	20-20	CURRENT	TM-RA-1
ra:technique:frankenjax/twosum-fma/86069bf3	frankenjax	ec74b7b24a7935683f06fbd88129ce3a7cf9c7fc	crates/fj-interpreters/src/lib.rs	12158	400dd727a33b4901	CURRENT	1	12158-12158	CURRENT	TM-RA-1
ra:technique:frankenjax/ulp-float-semantics/c7e44829	frankenjax	ec74b7b24a7935683f06fbd88129ce3a7cf9c7fc	crates/fj-conformance/src/lib.rs	908	485dc5c405724357	CURRENT	1	908-908	CURRENT	TM-RA-1
ra:technique:frankenjax/ulp-float-semantics/c7e44829	frankenjax	ec74b7b24a7935683f06fbd88129ce3a7cf9c7fc	crates/fj-conformance/src/numerical_stability.rs	178	6e0f22011b9a9f9a	CURRENT	1	178-178	CURRENT	TM-RA-1
ra:technique:frankenlibc/barrier-certificate/94b7efbf	frankenlibc	cc10caf68b9651f858912b3ca4cddb5483ac866c	crates/frankenlibc-membrane/src/runtime_math/sos_barrier.rs	4	a27fdbb9ce2e2ac7	CURRENT	1	4-4	CURRENT	TM-RA-1
ra:technique:frankenlibc/barrier-certificate/94b7efbf	frankenlibc	cc10caf68b9651f858912b3ca4cddb5483ac866c	crates/frankenlibc-membrane/src/runtime_math/mod.rs	2170	74424a831e85844d	CURRENT	1	2170-2170	CURRENT	TM-RA-1
ra:technique:frankenlibc/barrier-certificate/94b7efbf	frankenlibc	cc10caf68b9651f858912b3ca4cddb5483ac866c	crates/frankenlibc-membrane/src/runtime_math/mod.rs	2189	0d770cc8f8be9525	CURRENT	1	2189-2189	CURRENT	TM-RA-1
ra:technique:frankenlibc/barrier-certificate/94b7efbf	frankenlibc	cc10caf68b9651f858912b3ca4cddb5483ac866c	crates/frankenlibc-membrane/src/hji_reachability.rs	3	458e65f3ef32f7b1	CURRENT	1	3-3	CURRENT	TM-RA-1
ra:technique:frankenlibc/compiler-ir-ssa/1122b8d6	frankenlibc	cc10caf68b9651f858912b3ca4cddb5483ac866c	crates/frankenlibc-membrane/src/galois.rs	1	073b60af5ffa1b23	CURRENT	1	1-1	CURRENT	TM-RA-1
ra:technique:frankenlibc/compiler-ir-ssa/1122b8d6	frankenlibc	cc10caf68b9651f858912b3ca4cddb5483ac866c	crates/frankenlibc-membrane/src/galois.rs	7	d64314928e616563	CURRENT	1	7-7	CURRENT	TM-RA-1
ra:technique:frankenlibc/compiler-ir-ssa/1122b8d6	frankenlibc	cc10caf68b9651f858912b3ca4cddb5483ac866c	crates/frankenlibc-membrane/src/lattice.rs	4	22d49b2504c75a9b	CURRENT	1	4-4	CURRENT	TM-RA-1
ra:technique:frankenlibc/compiler-ir-ssa/1122b8d6	frankenlibc	cc10caf68b9651f858912b3ca4cddb5483ac866c	crates/frankenlibc-membrane/src/lattice.rs	21	67b46301632eebd9	CURRENT	1	21-21	CURRENT	TM-RA-1
ra:technique:frankenlibc/conformal-prediction/e6b76158	frankenlibc	cc10caf68b9651f858912b3ca4cddb5483ac866c	crates/frankenlibc-membrane/src/risk_engine.rs	18	5d715bfdc5ce2222	CURRENT	1	18-18	CURRENT	TM-RA-1
ra:technique:frankenlibc/conformal-prediction/e6b76158	frankenlibc	cc10caf68b9651f858912b3ca4cddb5483ac866c	crates/frankenlibc-membrane/src/risk_engine.rs	20	e3f68fe31215a67c	CURRENT	1	20-20	CURRENT	TM-RA-1
ra:technique:frankenlibc/generational-arena-quarantine/7635c4fb	frankenlibc	cc10caf68b9651f858912b3ca4cddb5483ac866c	crates/frankenlibc-membrane/src/arena.rs	5	b85bd1cce37a3392	CURRENT	1	5-5	CURRENT	TM-RA-1
ra:technique:frankenlibc/generational-arena-quarantine/7635c4fb	frankenlibc	cc10caf68b9651f858912b3ca4cddb5483ac866c	crates/frankenlibc-membrane/src/arena.rs	6	deed6fee3e0d72f4	CURRENT	1	6-6	CURRENT	TM-RA-1
ra:technique:frankenlibc/generational-arena-quarantine/7635c4fb	frankenlibc	cc10caf68b9651f858912b3ca4cddb5483ac866c	crates/frankenlibc-membrane/src/arena.rs	26	8ac76b3054b3065d	CURRENT	1	26-26	CURRENT	TM-RA-1
ra:technique:frankenlibc/hashing-functions/5f82f64e	frankenlibc	cc10caf68b9651f858912b3ca4cddb5483ac866c	crates/frankenlibc-membrane/src/fingerprint.rs	1	933cf90536b41f00	CURRENT	1	1-1	CURRENT	TM-RA-1
ra:technique:frankenlibc/hashing-functions/5f82f64e	frankenlibc	cc10caf68b9651f858912b3ca4cddb5483ac866c	crates/frankenlibc-membrane/src/fingerprint.rs	5	72827702f33ae6ed	CURRENT	1	5-5	CURRENT	TM-RA-1
ra:technique:frankenlibc/hashing-functions/5f82f64e	frankenlibc	cc10caf68b9651f858912b3ca4cddb5483ac866c	crates/frankenlibc-membrane/src/fingerprint.rs	25	589f86b5433c573e	CURRENT	1	25-25	CURRENT	TM-RA-1
ra:technique:frankenlibc/hoare-separation-logic/b4bc92c0	frankenlibc	cc10caf68b9651f858912b3ca4cddb5483ac866c	crates/frankenlibc-core/src/malloc/size_class.rs	18	c56feb843bd3dfee	CURRENT	1	18-18	CURRENT	TM-RA-1
ra:technique:frankenlibc/hoare-separation-logic/b4bc92c0	frankenlibc	cc10caf68b9651f858912b3ca4cddb5483ac866c	crates/frankenlibc-core/src/malloc/size_class.rs	20	bf49e6eadc1fe00f	CURRENT	1	20-20	CURRENT	TM-RA-1
ra:technique:frankenlibc/hoare-separation-logic/b4bc92c0	frankenlibc	cc10caf68b9651f858912b3ca4cddb5483ac866c	crates/frankenlibc-core/src/malloc/size_class.rs	48	8142a1de1b0665df	CURRENT	1	48-48	CURRENT	TM-RA-1
ra:technique:frankenlibc/kl-divergence/f4bc7fbd	frankenlibc	cc10caf68b9651f858912b3ca4cddb5483ac866c	crates/frankenlibc-membrane/src/large_deviations.rs	25	3e42d5fa938138ff	CURRENT	1	25-25	CURRENT	TM-RA-1
ra:technique:frankenlibc/kl-divergence/f4bc7fbd	frankenlibc	cc10caf68b9651f858912b3ca4cddb5483ac866c	crates/frankenlibc-membrane/src/large_deviations.rs	30	b3a4e328cc67f99b	CURRENT	1	30-30	CURRENT	TM-RA-1
ra:technique:frankenlibc/kl-divergence/f4bc7fbd	frankenlibc	cc10caf68b9651f858912b3ca4cddb5483ac866c	crates/frankenlibc-membrane/src/large_deviations.rs	35	0dcb27ab52194379	CURRENT	1	35-35	CURRENT	TM-RA-1
ra:technique:frankenlibc/kl-divergence/f4bc7fbd	frankenlibc	cc10caf68b9651f858912b3ca4cddb5483ac866c	crates/frankenlibc-harness/src/runtime_math_determinism_proofs.rs	13	53e4334939a01620	CURRENT	1	13-13	CURRENT	TM-RA-1
ra:technique:frankenlibc/magic-number-division/c83086d9	frankenlibc	cc10caf68b9651f858912b3ca4cddb5483ac866c	crates/frankenlibc-core/src/malloc/size_class.rs	124	57b29442485757c7	CURRENT	1	124-124	CURRENT	TM-RA-1
ra:technique:frankenlibc/magic-number-division/c83086d9	frankenlibc	cc10caf68b9651f858912b3ca4cddb5483ac866c	crates/frankenlibc-core/src/malloc/size_class.rs	127	bf813595bca7daf5	CURRENT	1	127-127	CURRENT	TM-RA-1
ra:technique:frankenlibc/magic-number-division/c83086d9	frankenlibc	cc10caf68b9651f858912b3ca4cddb5483ac866c	crates/frankenlibc-core/src/malloc/size_class.rs	145	533668136f2dbed3	CURRENT	1	145-145	CURRENT	TM-RA-1
ra:technique:frankenlibc/magic-number-division/c83086d9	frankenlibc	cc10caf68b9651f858912b3ca4cddb5483ac866c	crates/frankenlibc-core/src/malloc/size_class.rs	259	25e5d9a6b8d87620	CURRENT	1	259-259	CURRENT	TM-RA-1
ra:technique:frankenlibc/magic-number-division/c83086d9	frankenlibc	cc10caf68b9651f858912b3ca4cddb5483ac866c	crates/frankenlibc-core/src/malloc/size_class.rs	116	28e4751cc3e104e3	CURRENT	1	116-116	CURRENT	TM-RA-1
ra:technique:frankenlibc/memory-reclamation/4c2aa02c	frankenlibc	cc10caf68b9651f858912b3ca4cddb5483ac866c	crates/frankenlibc-membrane/src/bravo.rs	1	74d0e1e89bea432b	CURRENT	1	1-1	CURRENT	TM-RA-1
ra:technique:frankenlibc/memory-reclamation/4c2aa02c	frankenlibc	cc10caf68b9651f858912b3ca4cddb5483ac866c	crates/frankenlibc-membrane/src/bravo.rs	3	9322499a759cdfc1	CURRENT	1	3-3	CURRENT	TM-RA-1
ra:technique:frankenlibc/memory-reclamation/4c2aa02c	frankenlibc	cc10caf68b9651f858912b3ca4cddb5483ac866c	crates/frankenlibc-core/src/pthread/tls.rs	96	24b4e362430406e3	CURRENT	1	96-96	CURRENT	TM-RA-1
ra:technique:frankenlibc/rm-differential-oracle/a689cbc5	frankenlibc	cc10caf68b9651f858912b3ca4cddb5483ac866c	crates/frankenlibc_conformance/src/lib.rs	1	9f43a6aac11bef57	CURRENT	1	1-1	CURRENT	TM-RA-1
ra:technique:frankenlibc/rm-differential-oracle/a689cbc5	frankenlibc	cc10caf68b9651f858912b3ca4cddb5483ac866c	crates/frankenlibc_conformance/src/lib.rs	24974	f829aecb9bb2f865	CURRENT	1	24974-24974	CURRENT	TM-RA-1
ra:technique:frankenlibc/rm-differential-oracle/a689cbc5	frankenlibc	cc10caf68b9651f858912b3ca4cddb5483ac866c	crates/frankenlibc_conformance/src/lib.rs	27511	a9787e633a8c2ea2	CURRENT	1	27511-27511	CURRENT	TM-RA-1
ra:technique:frankenlibc/rm-differential-oracle/a689cbc5	frankenlibc	cc10caf68b9651f858912b3ca4cddb5483ac866c	crates/frankenlibc_conformance/src/lib.rs	27536	edb6131d18049b86	CURRENT	1	27536-27536	CURRENT	TM-RA-1
ra:technique:frankenlibc/rm-evidence-receipts/267e39da	frankenlibc	cc10caf68b9651f858912b3ca4cddb5483ac866c	crates/frankenlibc-membrane/src/runtime_math/mod.rs	323	9691cd88bb64a2fe	CURRENT	1	323-323	CURRENT	TM-RA-1
ra:technique:frankenlibc/rm-evidence-receipts/267e39da	frankenlibc	cc10caf68b9651f858912b3ca4cddb5483ac866c	crates/frankenlibc-membrane/src/ptr_validator.rs	39	fbfe807d293fa083	CURRENT	1	39-39	CURRENT	TM-RA-1
ra:technique:frankenlibc/rm-fuzzing/52fd5527	frankenlibc	cc10caf68b9651f858912b3ca4cddb5483ac866c	crates/frankenlibc-fuzz/fuzz_targets/fuzz_runtime_math.rs	57	1eccd5b3327ad411	CURRENT	1	57-57	CURRENT	TM-RA-1
ra:technique:frankenlibc/rm-fuzzing/52fd5527	frankenlibc	cc10caf68b9651f858912b3ca4cddb5483ac866c	crates/frankenlibc-fuzz/fuzz_targets/fuzz_runtime_math.rs	58	a178f9da195da17a	CURRENT	1	58-58	CURRENT	TM-RA-1
ra:technique:frankenlibc/rm-unsafe-discipline/210cd6df	frankenlibc	cc10caf68b9651f858912b3ca4cddb5483ac866c	crates/frankenlibc-core/src/lib.rs	8	9055b8120cf74101	CURRENT	1	8-8	CURRENT	TM-RA-1
ra:technique:frankenlibc/rm-unsafe-discipline/210cd6df	frankenlibc	cc10caf68b9651f858912b3ca4cddb5483ac866c	crates/frankenlibc-core/src/lib.rs	6	ba7e370eee778103	CURRENT	1	6-6	CURRENT	TM-RA-1
ra:technique:frankenlibc/rm-unsafe-discipline/210cd6df	frankenlibc	cc10caf68b9651f858912b3ca4cddb5483ac866c	crates/frankenlibc-membrane/src/lib.rs	23	9055b8120cf74101	CURRENT	1	23-23	CURRENT	TM-RA-1
ra:technique:frankenlibc/rm-unsafe-discipline/210cd6df	frankenlibc	cc10caf68b9651f858912b3ca4cddb5483ac866c	crates/frankenlibc-abi/src/lib.rs	9	31d46f785193b957	CURRENT	1	9-9	CURRENT	TM-RA-1
ra:technique:frankenlibc/string-search-automata/783bd8d1	frankenlibc	cc10caf68b9651f858912b3ca4cddb5483ac866c	crates/frankenlibc-core/src/string/mem.rs	735	d05040348bde5e64	CURRENT	1	735-735	CURRENT	TM-RA-1
ra:technique:frankenlibc/string-search-automata/783bd8d1	frankenlibc	cc10caf68b9651f858912b3ca4cddb5483ac866c	crates/frankenlibc-core/src/string/mem.rs	737	7fbe534147719b40	CURRENT	1	737-737	CURRENT	TM-RA-1
ra:technique:frankenlibc/string-search-automata/783bd8d1	frankenlibc	cc10caf68b9651f858912b3ca4cddb5483ac866c	crates/frankenlibc-core/src/string/mem.rs	6	138417094bdfa66f	CURRENT	1	6-6	CURRENT	TM-RA-1
ra:technique:frankenlibc/thompson-sampling/09d180a0	frankenlibc	cc10caf68b9651f858912b3ca4cddb5483ac866c	crates/frankenlibc-membrane/src/check_oracle.rs	11	d945653d68ba1dc0	CURRENT	1	11-11	CURRENT	TM-RA-1
ra:technique:frankenlibc/thompson-sampling/09d180a0	frankenlibc	cc10caf68b9651f858912b3ca4cddb5483ac866c	crates/frankenlibc-membrane/src/check_oracle.rs	18	afdeabbd56b60fa0	CURRENT	1	18-18	CURRENT	TM-RA-1
ra:technique:frankenlibc/thompson-sampling/09d180a0	frankenlibc	cc10caf68b9651f858912b3ca4cddb5483ac866c	crates/frankenlibc-membrane/src/check_oracle.rs	20	a9765f17c04155d9	CURRENT	1	20-20	CURRENT	TM-RA-1
ra:technique:frankenlibc/thompson-sampling/09d180a0	frankenlibc	cc10caf68b9651f858912b3ca4cddb5483ac866c	crates/frankenlibc-membrane/src/ptr_validator.rs	40	fb7f2239a20feeaa	CURRENT	1	40-40	CURRENT	TM-RA-1
ra:technique:frankenlibc/tla-plus-refinement/e7b8fd73	frankenlibc	cc10caf68b9651f858912b3ca4cddb5483ac866c	crates/frankenlibc-membrane/src/runtime_math/mod.rs	2179	86a23ef5fc505482	CURRENT	1	2179-2179	CURRENT	TM-RA-1
ra:technique:frankenlibc/tla-plus-refinement/e7b8fd73	frankenlibc	cc10caf68b9651f858912b3ca4cddb5483ac866c	crates/frankenlibc-membrane/src/runtime_math/mod.rs	2180	2ac3181a59649b67	CURRENT	1	2180-2180	CURRENT	TM-RA-1
ra:technique:frankenlibc/ulp-float-semantics/c14771bc	frankenlibc	cc10caf68b9651f858912b3ca4cddb5483ac866c	crates/frankenlibc-core/src/math/exp.rs	323	fe4d8a672ce1fa76	CURRENT	1	323-323	CURRENT	TM-RA-1
ra:technique:frankenlibc/ulp-float-semantics/c14771bc	frankenlibc	cc10caf68b9651f858912b3ca4cddb5483ac866c	crates/frankenlibc-core/src/math/exp.rs	325	d1f691c8ee704446	CURRENT	1	325-325	CURRENT	TM-RA-1
ra:technique:frankenlibc/ulp-float-semantics/c14771bc	frankenlibc	cc10caf68b9651f858912b3ca4cddb5483ac866c	crates/frankenlibc-core/src/math/exp.rs	2254	2ad4d27ba7cddbb9	CURRENT	1	2254-2254	CURRENT	TM-RA-1
ra:technique:frankenlibc/ulp-float-semantics/c14771bc	frankenlibc	cc10caf68b9651f858912b3ca4cddb5483ac866c	crates/frankenlibc-abi/src/math_abi.rs	16	13445b408c03f158	CURRENT	1	16-16	CURRENT	TM-RA-1
ra:technique:frankenlibc/ville-inequality/b03d4258	frankenlibc	cc10caf68b9651f858912b3ca4cddb5483ac866c	crates/frankenlibc-membrane/src/risk_engine.rs	24	438e7fbbaef9c67a	CURRENT	1	24-24	CURRENT	TM-RA-1
ra:technique:frankenlibc/ville-inequality/b03d4258	frankenlibc	cc10caf68b9651f858912b3ca4cddb5483ac866c	crates/frankenlibc-membrane/src/risk_engine.rs	27	2685b5bf2fbf41bb	CURRENT	1	27-27	CURRENT	TM-RA-1
ra:technique:frankenlibc/ville-inequality/b03d4258	frankenlibc	cc10caf68b9651f858912b3ca4cddb5483ac866c	crates/frankenlibc-harness/src/evidence_freshness.rs	1	22f66e8ff64a7d49	CURRENT	1	1-1	CURRENT	TM-RA-1
ra:technique:frankenmermaid/art-radix-trie/ed8c8a70	frankenmermaid	2e83e4177ea4fb02fbc344ad00e76cc0129067d9	crates/fm-core/src/art.rs	15	1ca6aa242f90042d	CURRENT	1	15-15	CURRENT	TM-RA-1
ra:technique:frankenmermaid/bezier-curves/7aa66964	frankenmermaid	2e83e4177ea4fb02fbc344ad00e76cc0129067d9	crates/fm-render-svg/src/path.rs	302	6f8e337448f34008	CURRENT	1	302-302	CURRENT	TM-RA-1
ra:technique:frankenmermaid/bezier-curves/7aa66964	frankenmermaid	2e83e4177ea4fb02fbc344ad00e76cc0129067d9	crates/fm-render-svg/src/path.rs	386	ef402fdb8ae84c08	CURRENT	1	386-386	CURRENT	TM-RA-1
ra:technique:frankenmermaid/bezier-curves/7aa66964	frankenmermaid	2e83e4177ea4fb02fbc344ad00e76cc0129067d9	crates/fm-render-svg/src/path.rs	406	5d42145fe3ac8df1	CURRENT	1	406-406	CURRENT	TM-RA-1
ra:technique:frankenmermaid/bloom-filter/ae10ab32	frankenmermaid	2e83e4177ea4fb02fbc344ad00e76cc0129067d9	crates/fm-core/src/quotient_filter.rs	10	d029fee3ec5228ab	CURRENT	1	10-10	CURRENT	TM-RA-1
ra:technique:frankenmermaid/bloom-filter/ae10ab32	frankenmermaid	2e83e4177ea4fb02fbc344ad00e76cc0129067d9	crates/fm-core/src/quotient_filter.rs	98	1c77eb5db0316dfe	CURRENT	1	98-98	CURRENT	TM-RA-1
ra:technique:frankenmermaid/btree/efac96cf	frankenmermaid	2e83e4177ea4fb02fbc344ad00e76cc0129067d9	crates/fm-layout/src/cache_oblivious.rs	9	20ac956024d1352c	CURRENT	1	9-9	CURRENT	TM-RA-1
ra:technique:frankenmermaid/btree/efac96cf	frankenmermaid	2e83e4177ea4fb02fbc344ad00e76cc0129067d9	crates/fm-layout/src/cache_oblivious.rs	21	fa251a3124eee81e	CURRENT	1	21-21	CURRENT	TM-RA-1
ra:technique:frankenmermaid/centrality-measures/d36f45bb	frankenmermaid	2e83e4177ea4fb02fbc344ad00e76cc0129067d9	crates/fm-layout/src/fnx_cycle_scorer.rs	33	b139ac016fa1d7c2	CURRENT	1	33-33	CURRENT	TM-RA-1
ra:technique:frankenmermaid/centrality-measures/d36f45bb	frankenmermaid	2e83e4177ea4fb02fbc344ad00e76cc0129067d9	crates/fm-layout/src/fnx_diagnostics.rs	8	890197f86389bed0	CURRENT	1	8-8	CURRENT	TM-RA-1
ra:technique:frankenmermaid/compiler-ir-ssa/bcb5f0f5	frankenmermaid	2e83e4177ea4fb02fbc344ad00e76cc0129067d9	crates/fm-layout/src/egraph_crossing.rs	1	4659fb9bc87038f5	CURRENT	1	1-1	CURRENT	TM-RA-1
ra:technique:frankenmermaid/compiler-ir-ssa/bcb5f0f5	frankenmermaid	2e83e4177ea4fb02fbc344ad00e76cc0129067d9	crates/fm-layout/src/egraph_crossing.rs	477	a1c662fcd3e2d9b9	CURRENT	1	477-477	CURRENT	TM-RA-1
ra:technique:frankenmermaid/delta-debugging-ddmin/65f1ba1b	frankenmermaid	2e83e4177ea4fb02fbc344ad00e76cc0129067d9	crates/fm-layout/src/delta_debug.rs	4	0e8a54ec514266f0	CURRENT	1	4-4	CURRENT	TM-RA-1
ra:technique:frankenmermaid/delta-debugging-ddmin/65f1ba1b	frankenmermaid	2e83e4177ea4fb02fbc344ad00e76cc0129067d9	crates/fm-layout/src/invariants.rs	4	10d5c373d13a4d37	CURRENT	1	4-4	CURRENT	TM-RA-1
ra:technique:frankenmermaid/delta-debugging-ddmin/65f1ba1b	frankenmermaid	2e83e4177ea4fb02fbc344ad00e76cc0129067d9	fuzz/fuzz_targets/fuzz_pipeline.rs	24	d79498c0bfebaa67	CURRENT	1	24-24	CURRENT	TM-RA-1
ra:technique:frankenmermaid/diff-algorithms/f9dee81f	frankenmermaid	2e83e4177ea4fb02fbc344ad00e76cc0129067d9	crates/fm-parser/src/lib.rs	1921	29283ec9d60bcba0	CURRENT	1	1921-1921	CURRENT	TM-RA-1
ra:technique:frankenmermaid/diff-algorithms/f9dee81f	frankenmermaid	2e83e4177ea4fb02fbc344ad00e76cc0129067d9	crates/fm-parser/src/lib.rs	1269	251c2c363ca00caf	CURRENT	1	1269-1269	CURRENT	TM-RA-1
ra:technique:frankenmermaid/fenwick-inversion-count/26c20be6	frankenmermaid	2e83e4177ea4fb02fbc344ad00e76cc0129067d9	crates/fm-layout/src/egraph_ordering.rs	24	419e27a65fa1cbf2	CURRENT	1	24-24	CURRENT	TM-RA-1
ra:technique:frankenmermaid/fenwick-inversion-count/26c20be6	frankenmermaid	2e83e4177ea4fb02fbc344ad00e76cc0129067d9	crates/fm-layout/src/egraph_ordering.rs	310	53fddc77fb74db75	CURRENT	1	310-310	CURRENT	TM-RA-1
ra:technique:frankenmermaid/fenwick-inversion-count/26c20be6	frankenmermaid	2e83e4177ea4fb02fbc344ad00e76cc0129067d9	crates/fm-layout/src/egraph_ordering.rs	634	395dfe963de69cd5	CURRENT	1	634-634	CURRENT	TM-RA-1
ra:technique:frankenmermaid/geometric-algebra-clifford/74a18bd1	frankenmermaid	2e83e4177ea4fb02fbc344ad00e76cc0129067d9	crates/fm-core/src/cga.rs	1	af810c97ec1bee78	CURRENT	1	1-1	CURRENT	TM-RA-1
ra:technique:frankenmermaid/geometric-algebra-clifford/74a18bd1	frankenmermaid	2e83e4177ea4fb02fbc344ad00e76cc0129067d9	crates/fm-core/src/cga.rs	3	172f059413130336	CURRENT	1	3-3	CURRENT	TM-RA-1
ra:technique:frankenmermaid/geometric-algebra-clifford/74a18bd1	frankenmermaid	2e83e4177ea4fb02fbc344ad00e76cc0129067d9	crates/fm-core/src/cga.rs	386	cfe20a9d382b0236	CURRENT	1	386-386	CURRENT	TM-RA-1
ra:technique:frankenmermaid/geometric-algebra-clifford/74a18bd1	frankenmermaid	2e83e4177ea4fb02fbc344ad00e76cc0129067d9	crates/fm-core/src/cga.rs	408	767fb2e9ae63c85e	CURRENT	1	408-408	CURRENT	TM-RA-1
ra:technique:frankenmermaid/graph-algorithms-core/52038d2e	frankenmermaid	2e83e4177ea4fb02fbc344ad00e76cc0129067d9	crates/fm-layout/src/lib.rs	12851	459e9ee49425423c	CURRENT	1	12851-12851	CURRENT	TM-RA-1
ra:technique:frankenmermaid/graph-algorithms-core/52038d2e	frankenmermaid	2e83e4177ea4fb02fbc344ad00e76cc0129067d9	crates/fm-layout/src/lib.rs	1019	0c5f2acce50fa4b2	CURRENT	1	1019-1019	CURRENT	TM-RA-1
ra:technique:frankenmermaid/leapfrog-triejoin/c222cc5d	frankenmermaid	2e83e4177ea4fb02fbc344ad00e76cc0129067d9	crates/fm-core/src/leapfrog.rs	1	54483a4cf54788e4	CURRENT	1	1-1	CURRENT	TM-RA-1
ra:technique:frankenmermaid/leapfrog-triejoin/c222cc5d	frankenmermaid	2e83e4177ea4fb02fbc344ad00e76cc0129067d9	crates/fm-core/src/leapfrog.rs	16	5cbcb74a94cf523a	CURRENT	1	16-16	CURRENT	TM-RA-1
ra:technique:frankenmermaid/linear-programming/276f8daf	frankenmermaid	2e83e4177ea4fb02fbc344ad00e76cc0129067d9	crates/fm-layout/src/lib.rs	13256	4727a64659b51586	CURRENT	1	13256-13256	CURRENT	TM-RA-1
ra:technique:frankenmermaid/linear-programming/276f8daf	frankenmermaid	2e83e4177ea4fb02fbc344ad00e76cc0129067d9	crates/fm-layout/src/lib.rs	14994	d3689e0ad012e5f2	CURRENT	1	14994-14994	CURRENT	TM-RA-1
ra:technique:frankenmermaid/linear-programming/276f8daf	frankenmermaid	2e83e4177ea4fb02fbc344ad00e76cc0129067d9	crates/fm-layout/src/lib.rs	14995	33a1c85fbb030409	CURRENT	1	14995-14995	CURRENT	TM-RA-1
ra:technique:frankenmermaid/minhash-lsh/9ee3886c	frankenmermaid	2e83e4177ea4fb02fbc344ad00e76cc0129067d9	crates/fm-layout/src/spatial.rs	10	126f9112d65e745f	CURRENT	1	10-10	CURRENT	TM-RA-1
ra:technique:frankenmermaid/minhash-lsh/9ee3886c	frankenmermaid	2e83e4177ea4fb02fbc344ad00e76cc0129067d9	crates/fm-layout/src/spatial.rs	31	2c246c792ad793ec	CURRENT	1	31-31	CURRENT	TM-RA-1
ra:technique:frankenmermaid/parsing-theory/5d43fb17	frankenmermaid	2e83e4177ea4fb02fbc344ad00e76cc0129067d9	crates/fm-parser/src/mermaid_parser.rs	937	b1b843b2c22b8674	CURRENT	1	937-937	CURRENT	TM-RA-1
ra:technique:frankenmermaid/parsing-theory/5d43fb17	frankenmermaid	2e83e4177ea4fb02fbc344ad00e76cc0129067d9	fuzz/fuzz_targets/fuzz_pipeline.rs	13	7586d4553feb3f6b	CURRENT	1	13-13	CURRENT	TM-RA-1
ra:technique:frankenmermaid/persistent-homology/a7fc50bb	frankenmermaid	2e83e4177ea4fb02fbc344ad00e76cc0129067d9	crates/fm-layout/src/persistence.rs	19	509a2635a2892b62	CURRENT	1	19-19	CURRENT	TM-RA-1
ra:technique:frankenmermaid/persistent-homology/a7fc50bb	frankenmermaid	2e83e4177ea4fb02fbc344ad00e76cc0129067d9	crates/fm-layout/src/persistence.rs	24	82af888fb296acdc	CURRENT	1	24-24	CURRENT	TM-RA-1
ra:technique:frankenmermaid/persistent-homology/a7fc50bb	frankenmermaid	2e83e4177ea4fb02fbc344ad00e76cc0129067d9	crates/fm-layout/src/persistence.rs	540	bffb90aa33f0e9af	CURRENT	1	540-540	CURRENT	TM-RA-1
ra:technique:frankenmermaid/rm-deterministic-hashing-ordering/6dd53898	frankenmermaid	2e83e4177ea4fb02fbc344ad00e76cc0129067d9	crates/fm-cli/src/support_matrix.rs	12	822c6075b78cb649	CURRENT	1	12-12	CURRENT	TM-RA-1
ra:technique:frankenmermaid/rm-deterministic-hashing-ordering/6dd53898	frankenmermaid	2e83e4177ea4fb02fbc344ad00e76cc0129067d9	crates/fm-cli/src/main.rs	4894	1adc152465fad6b5	CURRENT	1	4894-4894	CURRENT	TM-RA-1
ra:technique:frankenmermaid/rm-differential-oracle/430ccc01	frankenmermaid	2e83e4177ea4fb02fbc344ad00e76cc0129067d9	crates/fm-cli/src/support_matrix.rs	15	f11e64a947e9afee	CURRENT	1	15-15	CURRENT	TM-RA-1
ra:technique:frankenmermaid/rm-differential-oracle/430ccc01	frankenmermaid	2e83e4177ea4fb02fbc344ad00e76cc0129067d9	crates/fm-parser/src/mermaid_parser.rs	17739	74926d16dc2b691d	CURRENT	1	17739-17739	CURRENT	TM-RA-1
ra:technique:frankenmermaid/rm-evidence-receipts/c59ce622	frankenmermaid	2e83e4177ea4fb02fbc344ad00e76cc0129067d9	crates/fm-cli/src/main.rs	542	676beb7ec24173a0	CURRENT	1	542-542	CURRENT	TM-RA-1
ra:technique:frankenmermaid/rm-evidence-receipts/c59ce622	frankenmermaid	2e83e4177ea4fb02fbc344ad00e76cc0129067d9	crates/fm-core/src/evidence.rs	26	e19066dc065c6403	CURRENT	1	26-26	CURRENT	TM-RA-1
ra:technique:frankenmermaid/rm-invariant-assertions/e6b8fdef	frankenmermaid	2e83e4177ea4fb02fbc344ad00e76cc0129067d9	crates/fm-layout/src/invariants.rs	155	9d0b78209be99ea6	CURRENT	1	155-155	CURRENT	TM-RA-1
ra:technique:frankenmermaid/rm-invariant-assertions/e6b8fdef	frankenmermaid	2e83e4177ea4fb02fbc344ad00e76cc0129067d9	crates/fm-layout/src/invariants.rs	21	b1b1aafa66bf88e2	CURRENT	1	21-21	CURRENT	TM-RA-1
ra:technique:frankenmermaid/rm-lint-discipline/bcc0b0ad	frankenmermaid	2e83e4177ea4fb02fbc344ad00e76cc0129067d9	crates/fm-cli/src/main.rs	3	39ea8376fa56d8aa	CURRENT	1	3-3	CURRENT	TM-RA-1
ra:technique:frankenmermaid/rm-property-testing/4808f5fc	frankenmermaid	2e83e4177ea4fb02fbc344ad00e76cc0129067d9	crates/fm-layout/src/lib.rs	21094	468ca405f1142a71	CURRENT	1	21094-21094	CURRENT	TM-RA-1
ra:technique:frankenmermaid/rm-property-testing/4808f5fc	frankenmermaid	2e83e4177ea4fb02fbc344ad00e76cc0129067d9	crates/fm-layout/src/lib.rs	21148	0ede9a597a61beda	CURRENT	1	21148-21148	CURRENT	TM-RA-1
ra:technique:frankenmermaid/rm-unsafe-discipline/300d3f5c	frankenmermaid	2e83e4177ea4fb02fbc344ad00e76cc0129067d9	crates/fm-cli/src/main.rs	1	d4e6f22e1e076733	CURRENT	1	1-1	CURRENT	TM-RA-1
ra:technique:frankenmermaid/rm-unsafe-discipline/300d3f5c	frankenmermaid	2e83e4177ea4fb02fbc344ad00e76cc0129067d9	crates/fm-cli/src/main.rs	25	b60086a2a0d70406	CURRENT	1	25-25	CURRENT	TM-RA-1
ra:technique:frankenmermaid/self-adjusting-computation/bbb07d00	frankenmermaid	2e83e4177ea4fb02fbc344ad00e76cc0129067d9	crates/fm-layout/src/adapton.rs	1	066c66da63bbb17e	CURRENT	1	1-1	CURRENT	TM-RA-1
ra:technique:frankenmermaid/self-adjusting-computation/bbb07d00	frankenmermaid	2e83e4177ea4fb02fbc344ad00e76cc0129067d9	crates/fm-layout/src/adapton.rs	8	24f9a05983e43b8f	CURRENT	1	8-8	CURRENT	TM-RA-1
ra:technique:frankenmermaid/self-adjusting-computation/bbb07d00	frankenmermaid	2e83e4177ea4fb02fbc344ad00e76cc0129067d9	crates/fm-layout/src/lib.rs	21148	0ede9a597a61beda	CURRENT	1	21148-21148	CURRENT	TM-RA-1
ra:technique:frankenmermaid/sparse-matrix-formats/92744718	frankenmermaid	2e83e4177ea4fb02fbc344ad00e76cc0129067d9	crates/fm-core/src/succinct.rs	3	50b522713cb22616	CURRENT	1	3-3	CURRENT	TM-RA-1
ra:technique:frankenmermaid/sparse-matrix-formats/92744718	frankenmermaid	2e83e4177ea4fb02fbc344ad00e76cc0129067d9	crates/fm-layout/src/egraph_ordering.rs	351	42bb7fd6be187a43	CURRENT	1	351-351	CURRENT	TM-RA-1
ra:technique:frankenmermaid/spectral-graph-theory/4fe26a3f	frankenmermaid	2e83e4177ea4fb02fbc344ad00e76cc0129067d9	crates/fm-layout/src/spectral.rs	3	75e9e395a291b252	CURRENT	1	3-3	CURRENT	TM-RA-1
ra:technique:frankenmermaid/spectral-graph-theory/4fe26a3f	frankenmermaid	2e83e4177ea4fb02fbc344ad00e76cc0129067d9	crates/fm-layout/src/spectral.rs	4	20961da3dad486d3	CURRENT	1	4-4	CURRENT	TM-RA-1
ra:technique:frankenmermaid/spectral-graph-theory/4fe26a3f	frankenmermaid	2e83e4177ea4fb02fbc344ad00e76cc0129067d9	crates/fm-layout/src/spectral.rs	16	6f0f75ea9d1bcff8	CURRENT	1	16-16	CURRENT	TM-RA-1
ra:technique:frankenmermaid/sugiyama-layered-layout/cb7de0e5	frankenmermaid	2e83e4177ea4fb02fbc344ad00e76cc0129067d9	crates/fm-layout/src/lib.rs	13947	e4720f772705f779	CURRENT	1	13947-13947	CURRENT	TM-RA-1
ra:technique:frankenmermaid/sugiyama-layered-layout/cb7de0e5	frankenmermaid	2e83e4177ea4fb02fbc344ad00e76cc0129067d9	crates/fm-layout/src/lib.rs	16099	14828cfc418031de	CURRENT	1	16099-16099	CURRENT	TM-RA-1
ra:technique:frankenmermaid/sugiyama-layered-layout/cb7de0e5	frankenmermaid	2e83e4177ea4fb02fbc344ad00e76cc0129067d9	crates/fm-layout/src/lib.rs	16412	3e0f0e474f2011de	CURRENT	1	16412-16412	CURRENT	TM-RA-1
ra:technique:frankenmermaid/sugiyama-layered-layout/40138780	frankenmermaid	2e83e4177ea4fb02fbc344ad00e76cc0129067d9	crates/fm-layout/src/lib.rs	14440	d59d722430204dc9	CURRENT	1	14440-14440	CURRENT	TM-RA-1
ra:technique:frankenmermaid/sugiyama-layered-layout/40138780	frankenmermaid	2e83e4177ea4fb02fbc344ad00e76cc0129067d9	crates/fm-layout/src/lib.rs	14441	1f967e79664ad362	CURRENT	1	14441-14441	CURRENT	TM-RA-1
ra:technique:frankenmermaid/sugiyama-layered-layout/40138780	frankenmermaid	2e83e4177ea4fb02fbc344ad00e76cc0129067d9	crates/fm-layout/src/lib.rs	14181	67c88c13b8edb4a9	CURRENT	1	14181-14181	CURRENT	TM-RA-1
ra:technique:frankenmermaid/terminal-protocol-state-machine/c07b4543	frankenmermaid	2e83e4177ea4fb02fbc344ad00e76cc0129067d9	crates/fm-core/src/font_metrics.rs	34	26e71096868bfda9	CURRENT	1	34-34	CURRENT	TM-RA-1
ra:technique:frankenmermaid/terminal-protocol-state-machine/c07b4543	frankenmermaid	2e83e4177ea4fb02fbc344ad00e76cc0129067d9	crates/fm-core/src/font_metrics.rs	76	5d58c53c91c96b39	CURRENT	1	76-76	CURRENT	TM-RA-1
ra:technique:frankenmermaid/twosum-fma/4fada9e3	frankenmermaid	2e83e4177ea4fb02fbc344ad00e76cc0129067d9	crates/fm-core/src/cga.rs	581	6d55d9d74d2b5595	CURRENT	1	581-581	CURRENT	TM-RA-1
ra:technique:frankenmermaid/twosum-fma/4fada9e3	frankenmermaid	2e83e4177ea4fb02fbc344ad00e76cc0129067d9	crates/fm-cli/src/main.rs	3191	29235050fa87db55	CURRENT	1	3191-3191	CURRENT	TM-RA-1
ra:technique:frankenmermaid/ulp-float-semantics/a47fde9b	frankenmermaid	2e83e4177ea4fb02fbc344ad00e76cc0129067d9	crates/fm-render-svg/src/attributes.rs	496	5c328c7140798404	CURRENT	1	496-496	CURRENT	TM-RA-1
ra:technique:frankenmermaid/ulp-float-semantics/a47fde9b	frankenmermaid	2e83e4177ea4fb02fbc344ad00e76cc0129067d9	crates/fm-layout/src/shapes.rs	22	e37c8e234d502b32	CURRENT	1	22-22	CURRENT	TM-RA-1
ra:technique:frankenmermaid/ulp-float-semantics/a47fde9b	frankenmermaid	2e83e4177ea4fb02fbc344ad00e76cc0129067d9	crates/fm-layout/src/shapes.rs	29	20c6c398d51a4800	CURRENT	1	29-29	CURRENT	TM-RA-1
ra:technique:frankenmermaid/ulp-float-semantics/a47fde9b	frankenmermaid	2e83e4177ea4fb02fbc344ad00e76cc0129067d9	crates/fm-cli/src/main.rs	3188	5025a317a68b8eba	CURRENT	1	3188-3188	CURRENT	TM-RA-1
ra:technique:frankenpandas/amdahl-gustafson-roofline/74864acc	frankenpandas	38a4b26fe652d7a7783d7f8f5a0961cf19c9c1a0	crates/fp-columnar/src/lib.rs	1966	b4d89f3b6b5649d8	CURRENT	1	1966-1966	CURRENT	TM-RA-1
ra:technique:frankenpandas/amdahl-gustafson-roofline/74864acc	frankenpandas	38a4b26fe652d7a7783d7f8f5a0961cf19c9c1a0	crates/fp-columnar/src/parallel_pool.rs	15	d6cd41fae893001f	CURRENT	1	15-15	CURRENT	TM-RA-1
ra:technique:frankenpandas/bessel-correction/77b0feac	frankenpandas	38a4b26fe652d7a7783d7f8f5a0961cf19c9c1a0	crates/fp-groupby/src/lib.rs	1520	e035c15454e7c203	CURRENT	1	1520-1520	CURRENT	TM-RA-1
ra:technique:frankenpandas/bessel-correction/77b0feac	frankenpandas	38a4b26fe652d7a7783d7f8f5a0961cf19c9c1a0	crates/fp-frame/src/lib.rs	1345	d7ada12daceeb57f	CURRENT	1	1345-1345	CURRENT	TM-RA-1
ra:technique:frankenpandas/comparability-identity/1eeb351d	frankenpandas	38a4b26fe652d7a7783d7f8f5a0961cf19c9c1a0	scripts/assemble_standing_locks.py	14	03a1fa5c9334eebc	CURRENT	1	14-14	CURRENT	TM-RA-1
ra:technique:frankenpandas/comparability-identity/1eeb351d	frankenpandas	38a4b26fe652d7a7783d7f8f5a0961cf19c9c1a0	scripts/assemble_standing_locks.py	30	dd3c8cbc3ef45831	CURRENT	1	30-30	CURRENT	TM-RA-1
ra:technique:frankenpandas/comparability-identity/1eeb351d	frankenpandas	38a4b26fe652d7a7783d7f8f5a0961cf19c9c1a0	scripts/perf_ratchet.py	20	19697585a34b5255	CURRENT	1	20-20	CURRENT	TM-RA-1
ra:technique:frankenpandas/conformal-prediction/305bd03c	frankenpandas	38a4b26fe652d7a7783d7f8f5a0961cf19c9c1a0	crates/fp-runtime/src/lib.rs	713	fcc082cf61ec29a2	CURRENT	1	713-713	CURRENT	TM-RA-1
ra:technique:frankenpandas/conformal-prediction/305bd03c	frankenpandas	38a4b26fe652d7a7783d7f8f5a0961cf19c9c1a0	crates/fp-runtime/src/lib.rs	693	b23c66341c709b9d	CURRENT	1	693-693	CURRENT	TM-RA-1
ra:technique:frankenpandas/conformal-prediction/305bd03c	frankenpandas	38a4b26fe652d7a7783d7f8f5a0961cf19c9c1a0	crates/fp-runtime/src/lib.rs	733	01aef00da454b5e1	CURRENT	1	733-733	CURRENT	TM-RA-1
ra:technique:frankenpandas/error-origin-attribution/9c352dec	frankenpandas	38a4b26fe652d7a7783d7f8f5a0961cf19c9c1a0	crates/fp-conformance/oracle/pandas_oracle.py	120	61c7272333a8ad10	CURRENT	1	120-120	CURRENT	TM-RA-1
ra:technique:frankenpandas/error-origin-attribution/9c352dec	frankenpandas	38a4b26fe652d7a7783d7f8f5a0961cf19c9c1a0	crates/fp-conformance/oracle/pandas_oracle.py	110	ce2cf1c1173cc2c9	CURRENT	1	110-110	CURRENT	TM-RA-1
ra:technique:frankenpandas/error-origin-attribution/9c352dec	frankenpandas	38a4b26fe652d7a7783d7f8f5a0961cf19c9c1a0	crates/fp-conformance/oracle/fixture_differ.py	383	89079219d0f12cb3	CURRENT	1	383-383	CURRENT	TM-RA-1
ra:technique:frankenpandas/ewma/4ff06980	frankenpandas	38a4b26fe652d7a7783d7f8f5a0961cf19c9c1a0	crates/fp-frame/src/lib.rs	25158	ecebb51f0c9c024a	CURRENT	1	25158-25158	CURRENT	TM-RA-1
ra:technique:frankenpandas/hoare-separation-logic/933d4e62	frankenpandas	38a4b26fe652d7a7783d7f8f5a0961cf19c9c1a0	crates/fp-index/src/lib.rs	4801	bc01b78887c25e67	CURRENT	1	4801-4801	CURRENT	TM-RA-1
ra:technique:frankenpandas/hoare-separation-logic/933d4e62	frankenpandas	38a4b26fe652d7a7783d7f8f5a0961cf19c9c1a0	crates/fp-index/src/lib.rs	4805	54e7608fe55f2023	CURRENT	1	4805-4805	CURRENT	TM-RA-1
ra:technique:frankenpandas/index-alignment-join-keys/ace4a675	frankenpandas	38a4b26fe652d7a7783d7f8f5a0961cf19c9c1a0	crates/fp-join/src/lib.rs	1067	5b4274a17ec7bb48	CURRENT	1	1067-1067	CURRENT	TM-RA-1
ra:technique:frankenpandas/index-alignment-join-keys/ace4a675	frankenpandas	38a4b26fe652d7a7783d7f8f5a0961cf19c9c1a0	crates/fp-join/src/lib.rs	1056	62da1e6e9faae2d5	CURRENT	1	1056-1056	CURRENT	TM-RA-1
ra:technique:frankenpandas/index-alignment-join-keys/ace4a675	frankenpandas	38a4b26fe652d7a7783d7f8f5a0961cf19c9c1a0	crates/fp-join/src/lib.rs	923	fc5b6e56ec9a3654	CURRENT	1	923-923	CURRENT	TM-RA-1
ra:technique:frankenpandas/index-alignment-join-keys/ace4a675	frankenpandas	38a4b26fe652d7a7783d7f8f5a0961cf19c9c1a0	crates/fp-join/src/lib.rs	14283	986a68b8f4b65a36	CURRENT	1	14283-14283	CURRENT	TM-RA-1
ra:technique:frankenpandas/index-alignment-join-keys/a913ffa4	frankenpandas	38a4b26fe652d7a7783d7f8f5a0961cf19c9c1a0	crates/fp-index/src/lib.rs	16129	2577adccd7274dde	CURRENT	1	16129-16129	CURRENT	TM-RA-1
ra:technique:frankenpandas/index-alignment-join-keys/a913ffa4	frankenpandas	38a4b26fe652d7a7783d7f8f5a0961cf19c9c1a0	crates/fp-conformance/tests/proptest_properties.rs	1966	84deea8d10dd0026	CURRENT	1	1966-1966	CURRENT	TM-RA-1
ra:technique:frankenpandas/local.alignment-induced-dtype-widening-rule/d63bf99e	frankenpandas	38a4b26fe652d7a7783d7f8f5a0961cf19c9c1a0	crates/fp-groupby/src/lib.rs	151	858b7ae09875d5a1	CURRENT	1	151-151	CURRENT	TM-RA-1
ra:technique:frankenpandas/local.alignment-induced-dtype-widening-rule/d63bf99e	frankenpandas	38a4b26fe652d7a7783d7f8f5a0961cf19c9c1a0	crates/fp-groupby/src/lib.rs	144	9675bb6d8c4ae7d6	CURRENT	1	144-144	CURRENT	TM-RA-1
ra:technique:frankenpandas/local.alignment-induced-dtype-widening-rule/d63bf99e	frankenpandas	38a4b26fe652d7a7783d7f8f5a0961cf19c9c1a0	crates/fp-groupby/src/lib.rs	155	32229cd0d0d641fc	CURRENT	1	155-155	CURRENT	TM-RA-1
ra:technique:frankenpandas/missing-value-taxonomy/eba4f674	frankenpandas	38a4b26fe652d7a7783d7f8f5a0961cf19c9c1a0	crates/fp-types/src/lib.rs	95	b4742fb0b15a0bae	CURRENT	1	95-95	CURRENT	TM-RA-1
ra:technique:frankenpandas/missing-value-taxonomy/eba4f674	frankenpandas	38a4b26fe652d7a7783d7f8f5a0961cf19c9c1a0	crates/fp-types/src/lib.rs	735	38aca74c3e43ca1e	CURRENT	1	735-735	CURRENT	TM-RA-1
ra:technique:frankenpandas/missing-value-taxonomy/eba4f674	frankenpandas	38a4b26fe652d7a7783d7f8f5a0961cf19c9c1a0	crates/fp-types/src/lib.rs	733	00a748feeb433f0a	CURRENT	1	733-733	CURRENT	TM-RA-1
ra:technique:frankenpandas/missing-value-taxonomy/eba4f674	frankenpandas	38a4b26fe652d7a7783d7f8f5a0961cf19c9c1a0	crates/fp-conformance/tests/proptest_properties.rs	41	8a3122f2bda7a7e2	CURRENT	1	41-41	CURRENT	TM-RA-1
ra:technique:frankenpandas/query-optimization/86af46fa	frankenpandas	38a4b26fe652d7a7783d7f8f5a0961cf19c9c1a0	crates/fp-join/src/lib.rs	2259	e9d072597d824fc5	CURRENT	1	2259-2259	CURRENT	TM-RA-1
ra:technique:frankenpandas/query-optimization/86af46fa	frankenpandas	38a4b26fe652d7a7783d7f8f5a0961cf19c9c1a0	crates/fp-join/src/lib.rs	7772	dd60cf1844da6517	CURRENT	1	7772-7772	CURRENT	TM-RA-1
ra:technique:frankenpandas/query-optimization/86af46fa	frankenpandas	38a4b26fe652d7a7783d7f8f5a0961cf19c9c1a0	crates/fp-join/src/lib.rs	7774	9caecaf5db27ff57	CURRENT	1	7774-7774	CURRENT	TM-RA-1
ra:technique:frankenpandas/query-optimization/86af46fa	frankenpandas	38a4b26fe652d7a7783d7f8f5a0961cf19c9c1a0	crates/fp-conformance/tests/proptest_properties.rs	2716	5d9e49860a2ede5b	CURRENT	1	2716-2716	CURRENT	TM-RA-1
ra:technique:frankenpandas/raptorq-fountain/a680edd2	frankenpandas	38a4b26fe652d7a7783d7f8f5a0961cf19c9c1a0	crates/fp-conformance/src/lib.rs	126	bf1cca79459a7e9a	CURRENT	1	126-126	CURRENT	TM-RA-1
ra:technique:frankenpandas/rm-checked-arithmetic/b6ae81a0	frankenpandas	38a4b26fe652d7a7783d7f8f5a0961cf19c9c1a0	crates/fp-bench/src/main.rs	251	1bfa2b52d6ad4f13	CURRENT	1	251-251	CURRENT	TM-RA-1
ra:technique:frankenpandas/rm-deterministic-hashing-ordering/33a6ad54	frankenpandas	38a4b26fe652d7a7783d7f8f5a0961cf19c9c1a0	crates/fp-groupby/src/lib.rs	75	3247e9ef126d6aed	CURRENT	1	75-75	CURRENT	TM-RA-1
ra:technique:frankenpandas/rm-deterministic-hashing-ordering/33a6ad54	frankenpandas	38a4b26fe652d7a7783d7f8f5a0961cf19c9c1a0	crates/fp-groupby/src/lib.rs	76	cfe0a9315c7dd2dc	CURRENT	1	76-76	CURRENT	TM-RA-1
ra:technique:frankenpandas/rm-differential-oracle/b22fd9c4	frankenpandas	38a4b26fe652d7a7783d7f8f5a0961cf19c9c1a0	crates/fp-conformance/oracle/pandas_oracle.py	7	a7460fd0efe20425	CURRENT	1	7-7	CURRENT	TM-RA-1
ra:technique:frankenpandas/rm-differential-oracle/b22fd9c4	frankenpandas	38a4b26fe652d7a7783d7f8f5a0961cf19c9c1a0	crates/fp-conformance/src/lib.rs	6067	e7b67bc00bd221fc	CURRENT	1	6067-6067	CURRENT	TM-RA-1
ra:technique:frankenpandas/rm-evidence-receipts/6947047e	frankenpandas	38a4b26fe652d7a7783d7f8f5a0961cf19c9c1a0	crates/fp-bench/src/main.rs	110	3242a14953b5384b	CURRENT	1	110-110	CURRENT	TM-RA-1
ra:technique:frankenpandas/rm-evidence-receipts/6947047e	frankenpandas	38a4b26fe652d7a7783d7f8f5a0961cf19c9c1a0	crates/fp-bench/src/main.rs	220	9258c72b46aaea3d	CURRENT	1	220-220	CURRENT	TM-RA-1
ra:technique:frankenpandas/rm-evidence-receipts/6947047e	frankenpandas	38a4b26fe652d7a7783d7f8f5a0961cf19c9c1a0	crates/fp-bench/src/main.rs	85	54f2a08d6c07f341	CURRENT	1	85-85	CURRENT	TM-RA-1
ra:technique:frankenpandas/rm-fuzzing/ee22a437	frankenpandas	38a4b26fe652d7a7783d7f8f5a0961cf19c9c1a0	crates/fp-conformance/src/fuzz.rs	109	6d383fbfe4e80ed5	CURRENT	1	109-109	CURRENT	TM-RA-1
ra:technique:frankenpandas/rm-fuzzing/ee22a437	frankenpandas	38a4b26fe652d7a7783d7f8f5a0961cf19c9c1a0	crates/fp-conformance/src/lib.rs	5808	a95cbb66bc7681e5	CURRENT	1	5808-5808	CURRENT	TM-RA-1
ra:technique:frankenpandas/rm-invariant-assertions/81cc9093	frankenpandas	38a4b26fe652d7a7783d7f8f5a0961cf19c9c1a0	crates/fp-columnar/src/lib.rs	425	ec32cbd9e00dbcbd	CURRENT	1	425-425	CURRENT	TM-RA-1
ra:technique:frankenpandas/rm-property-testing/fcfe3968	frankenpandas	38a4b26fe652d7a7783d7f8f5a0961cf19c9c1a0	crates/fp-conformance/tests/proptest_properties.rs	5	e45c2ad2a4772631	CURRENT	1	5-5	CURRENT	TM-RA-1
ra:technique:frankenpandas/rm-property-testing/fcfe3968	frankenpandas	38a4b26fe652d7a7783d7f8f5a0961cf19c9c1a0	crates/fp-conformance/tests/proptest_properties.rs	2220	711377c677aa44f9	CURRENT	1	2220-2220	CURRENT	TM-RA-1
ra:technique:frankenpandas/rm-spec-first/b107f918	frankenpandas	38a4b26fe652d7a7783d7f8f5a0961cf19c9c1a0	crates/fp-conformance/src/lib.rs	71	992d2ce3242eeaa9	CURRENT	1	71-71	CURRENT	TM-RA-1
ra:technique:frankenpandas/rm-unsafe-discipline/7f9f6baa	frankenpandas	38a4b26fe652d7a7783d7f8f5a0961cf19c9c1a0	crates/fp-columnar/src/lib.rs	1	d4e6f22e1e076733	CURRENT	1	1-1	CURRENT	TM-RA-1
ra:technique:frankenpandas/rm-unsafe-discipline/7f9f6baa	frankenpandas	38a4b26fe652d7a7783d7f8f5a0961cf19c9c1a0	crates/fp-columnar/src/parallel_pool.rs	62	f6015f338476793c	CURRENT	1	62-62	CURRENT	TM-RA-1
ra:technique:frankenpandas/rm-unsafe-discipline/7f9f6baa	frankenpandas	38a4b26fe652d7a7783d7f8f5a0961cf19c9c1a0	crates/fp-dot-kernel/src/lib.rs	17	3d983ade80af79c8	CURRENT	1	17-17	CURRENT	TM-RA-1
ra:technique:frankenpandas/sequential-decision-optimal-stopping/e315f837	frankenpandas	38a4b26fe652d7a7783d7f8f5a0961cf19c9c1a0	crates/fp-runtime/src/lib.rs	300	ba9fcc62927312da	CURRENT	1	300-300	CURRENT	TM-RA-1
ra:technique:frankenpandas/sparse-matrix-formats/9ec48ddd	frankenpandas	38a4b26fe652d7a7783d7f8f5a0961cf19c9c1a0	crates/fp-groupby/src/lib.rs	1635	7f32ed1072142443	CURRENT	1	1635-1635	CURRENT	TM-RA-1
ra:technique:frankenpandas/target-feature-isolation-guard/545dee69	frankenpandas	38a4b26fe652d7a7783d7f8f5a0961cf19c9c1a0	crates/fp-dot-kernel/src/lib.rs	25	c4617d13a7eae938	CURRENT	1	25-25	CURRENT	TM-RA-1
ra:technique:frankenpandas/target-feature-isolation-guard/545dee69	frankenpandas	38a4b26fe652d7a7783d7f8f5a0961cf19c9c1a0	crates/fp-dot-kernel/src/lib.rs	30	75c91a0d0f92cabe	CURRENT	1	30-30	CURRENT	TM-RA-1
ra:technique:frankenpandas/target-feature-isolation-guard/545dee69	frankenpandas	38a4b26fe652d7a7783d7f8f5a0961cf19c9c1a0	crates/fp-dot-kernel/src/lib.rs	55	41397c48f316275b	CURRENT	1	55-55	CURRENT	TM-RA-1
ra:technique:frankenpandas/target-feature-isolation-guard/545dee69	frankenpandas	38a4b26fe652d7a7783d7f8f5a0961cf19c9c1a0	crates/fp-columnar/src/lib.rs	2116	07ebba119db50104	CURRENT	1	2116-2116	CURRENT	TM-RA-1
ra:technique:frankenpandas/twosum-fma/660ebd7c	frankenpandas	38a4b26fe652d7a7783d7f8f5a0961cf19c9c1a0	crates/fp-columnar/src/lib.rs	2297	19a5d845476efcf1	CURRENT	1	2297-2297	CURRENT	TM-RA-1
ra:technique:frankenpandas/twosum-fma/660ebd7c	frankenpandas	38a4b26fe652d7a7783d7f8f5a0961cf19c9c1a0	crates/fp-dot-kernel/src/lib.rs	50	60ded495e32a3f55	CURRENT	1	50-50	CURRENT	TM-RA-1
ra:technique:frankenredis/cache-replacement/bee9c157	frankenredis	70aeb457d898e68c4360185574349b765b909abb	crates/fr-store/src/lib.rs	5341	84216446c15863ac	CURRENT	1	5341-5341	CURRENT	TM-RA-1
ra:technique:frankenredis/cache-replacement/bee9c157	frankenredis	70aeb457d898e68c4360185574349b765b909abb	crates/fr-store/src/lib.rs	5367	9eaad9728c652b2b	CURRENT	1	5367-5367	CURRENT	TM-RA-1
ra:technique:frankenredis/cache-replacement/bee9c157	frankenredis	70aeb457d898e68c4360185574349b765b909abb	crates/fr-store/src/lib.rs	5188	cf360a54ded64210	CURRENT	1	5188-5188	CURRENT	TM-RA-1
ra:technique:frankenredis/cache-replacement/bee9c157	frankenredis	70aeb457d898e68c4360185574349b765b909abb	crates/fr-store/src/lib.rs	5336	67fd9413fdfd07c2	CURRENT	1	5336-5336	CURRENT	TM-RA-1
ra:technique:frankenredis/compression-algorithms/3b9a6a32	frankenredis	70aeb457d898e68c4360185574349b765b909abb	crates/fr-persist/src/lib.rs	1734	a5541a8c76dfb5dc	CURRENT	1	1734-1734	CURRENT	TM-RA-1
ra:technique:frankenredis/compression-algorithms/3b9a6a32	frankenredis	70aeb457d898e68c4360185574349b765b909abb	crates/fr-persist/src/lib.rs	1739	3f95104e35295901	CURRENT	1	1739-1739	CURRENT	TM-RA-1
ra:technique:frankenredis/compression-algorithms/3b9a6a32	frankenredis	70aeb457d898e68c4360185574349b765b909abb	crates/fr-persist/src/listpack.rs	764	83e8f902d04edb52	CURRENT	1	764-764	CURRENT	TM-RA-1
ra:technique:frankenredis/consensus-raft-paxos/56dbda7d	frankenredis	70aeb457d898e68c4360185574349b765b909abb	crates/fr-sentinel/src/consensus.rs	31	48c7c4fdddd3b34d	CURRENT	1	31-31	CURRENT	TM-RA-1
ra:technique:frankenredis/consensus-raft-paxos/56dbda7d	frankenredis	70aeb457d898e68c4360185574349b765b909abb	crates/fr-command/src/lib.rs	2558	60e9bf6ed8a3d3f9	CURRENT	1	2558-2558	CURRENT	TM-RA-1
ra:technique:frankenredis/crc64-jones/50ebbaac	frankenredis	70aeb457d898e68c4360185574349b765b909abb	crates/fr-persist/src/lib.rs	1218	4b027cf241a131bf	CURRENT	1	1218-1218	CURRENT	TM-RA-1
ra:technique:frankenredis/crc64-jones/50ebbaac	frankenredis	70aeb457d898e68c4360185574349b765b909abb	crates/fr-persist/src/lib.rs	1819	7bb0183446def722	CURRENT	1	1819-1819	CURRENT	TM-RA-1
ra:technique:frankenredis/crlf-injection-sanitization/3a0b5d03	frankenredis	70aeb457d898e68c4360185574349b765b909abb	crates/fr-protocol/src/lib.rs	48	b3802688e0938e73	CURRENT	1	48-48	CURRENT	TM-RA-1
ra:technique:frankenredis/crlf-injection-sanitization/3a0b5d03	frankenredis	70aeb457d898e68c4360185574349b765b909abb	crates/fr-protocol/src/lib.rs	51	7b8931319d3285c5	CURRENT	1	51-51	CURRENT	TM-RA-1
ra:technique:frankenredis/diff-algorithms/ef0cea95	frankenredis	70aeb457d898e68c4360185574349b765b909abb	crates/fr-command/src/lib.rs	17329	96f7346d27ac3e90	CURRENT	1	17329-17329	CURRENT	TM-RA-1
ra:technique:frankenredis/diff-algorithms/ef0cea95	frankenredis	70aeb457d898e68c4360185574349b765b909abb	crates/fr-command/src/lib.rs	17353	a6088336ac297e09	CURRENT	1	17353-17353	CURRENT	TM-RA-1
ra:technique:frankenredis/filesystem-semantics/db7cd16c	frankenredis	70aeb457d898e68c4360185574349b765b909abb	crates/fr-persist/src/lib.rs	363	6978580dae5487aa	CURRENT	1	363-363	CURRENT	TM-RA-1
ra:technique:frankenredis/filesystem-semantics/db7cd16c	frankenredis	70aeb457d898e68c4360185574349b765b909abb	crates/fr-persist/src/lib.rs	6003	dd52d3d21909c1fb	CURRENT	1	6003-6003	CURRENT	TM-RA-1
ra:technique:frankenredis/fixed-point-arithmetic/be7c12ec	frankenredis	70aeb457d898e68c4360185574349b765b909abb	crates/fr-store/src/lib.rs	41618	feb1bbd0bde1f4d6	CURRENT	1	41618-41618	CURRENT	TM-RA-1
ra:technique:frankenredis/fixed-point-arithmetic/be7c12ec	frankenredis	70aeb457d898e68c4360185574349b765b909abb	crates/fr-command/src/lib.rs	6247	50a9b00719dc49da	CURRENT	1	6247-6247	CURRENT	TM-RA-1
ra:technique:frankenredis/hashing-functions/b044fc79	frankenredis	70aeb457d898e68c4360185574349b765b909abb	crates/fr-command/src/lua_eval.rs	16	d09f906bb486fbf5	CURRENT	1	16-16	CURRENT	TM-RA-1
ra:technique:frankenredis/hashing-functions/b044fc79	frankenredis	70aeb457d898e68c4360185574349b765b909abb	crates/fr-store/src/lib.rs	3447	1d32fa9f0051ee9b	CURRENT	1	3447-3447	CURRENT	TM-RA-1
ra:technique:frankenredis/hyperloglog/ecfc6801	frankenredis	70aeb457d898e68c4360185574349b765b909abb	crates/fr-store/src/lib.rs	42287	f137fcf84a845091	CURRENT	1	42287-42287	CURRENT	TM-RA-1
ra:technique:frankenredis/hyperloglog/ecfc6801	frankenredis	70aeb457d898e68c4360185574349b765b909abb	crates/fr-store/src/lib.rs	42292	7b645574329f0742	CURRENT	1	42292-42292	CURRENT	TM-RA-1
ra:technique:frankenredis/hyperloglog/ecfc6801	frankenredis	70aeb457d898e68c4360185574349b765b909abb	crates/fr-store/src/lib.rs	43053	bb7ba3c76327d737	CURRENT	1	43053-43053	CURRENT	TM-RA-1
ra:technique:frankenredis/hyperloglog/ecfc6801	frankenredis	70aeb457d898e68c4360185574349b765b909abb	crates/fr-store/src/lib.rs	42975	79128e4e61bb9dff	CURRENT	1	42975-42975	CURRENT	TM-RA-1
ra:technique:frankenredis/io-uring-epoll-reactor/252a5f2c	frankenredis	70aeb457d898e68c4360185574349b765b909abb	crates/fr-eventloop/src/lib.rs	502	e8b07d3e2fd9272d	CURRENT	1	502-502	CURRENT	TM-RA-1
ra:technique:frankenredis/io-uring-epoll-reactor/252a5f2c	frankenredis	70aeb457d898e68c4360185574349b765b909abb	crates/fr-eventloop/src/lib.rs	15	5faa4c6f91b9251b	CURRENT	1	15-15	CURRENT	TM-RA-1
ra:technique:frankenredis/monotonic-time/d8be289c	frankenredis	70aeb457d898e68c4360185574349b765b909abb	crates/fr-expire/src/lib.rs	28	3703da613ec3a32e	CURRENT	1	28-28	CURRENT	TM-RA-1
ra:technique:frankenredis/monotonic-time/d8be289c	frankenredis	70aeb457d898e68c4360185574349b765b909abb	crates/fr-expire/src/lib.rs	21	6cc6be4d6bce4e27	CURRENT	1	21-21	CURRENT	TM-RA-1
ra:technique:frankenredis/morton-zorder-geohash/7e8a3e32	frankenredis	70aeb457d898e68c4360185574349b765b909abb	crates/fr-command/src/lib.rs	6020	028203a82493560c	CURRENT	1	6020-6020	CURRENT	TM-RA-1
ra:technique:frankenredis/morton-zorder-geohash/7e8a3e32	frankenredis	70aeb457d898e68c4360185574349b765b909abb	crates/fr-command/src/lib.rs	6013	c9776a788514ba38	CURRENT	1	6013-6013	CURRENT	TM-RA-1
ra:technique:frankenredis/morton-zorder-geohash/7e8a3e32	frankenredis	70aeb457d898e68c4360185574349b765b909abb	crates/fr-command/src/lib.rs	6471	04e66ab10ab6c68b	CURRENT	1	6471-6471	CURRENT	TM-RA-1
ra:technique:frankenredis/parsing-theory/63218196	frankenredis	70aeb457d898e68c4360185574349b765b909abb	crates/fr-protocol/src/lib.rs	1838	b5472f6a8a15a874	CURRENT	1	1838-1838	CURRENT	TM-RA-1
ra:technique:frankenredis/parsing-theory/63218196	frankenredis	70aeb457d898e68c4360185574349b765b909abb	crates/fr-protocol/src/lib.rs	2333	b8908d55b83f948f	CURRENT	1	2333-2333	CURRENT	TM-RA-1
ra:technique:frankenredis/parsing-theory/63218196	frankenredis	70aeb457d898e68c4360185574349b765b909abb	crates/fr-protocol/src/lib.rs	1786	039b9448d0100903	CURRENT	1	1786-1786	CURRENT	TM-RA-1
ra:technique:frankenredis/probabilistic-expiration-sampling/5e582dd2	frankenredis	70aeb457d898e68c4360185574349b765b909abb	crates/fr-eventloop/src/lib.rs	541	748083ff5409c7d5	CURRENT	1	541-541	CURRENT	TM-RA-1
ra:technique:frankenredis/probabilistic-expiration-sampling/5e582dd2	frankenredis	70aeb457d898e68c4360185574349b765b909abb	crates/fr-eventloop/src/lib.rs	578	7eecdec0b42e98a4	CURRENT	1	578-578	CURRENT	TM-RA-1
ra:technique:frankenredis/probabilistic-expiration-sampling/5e582dd2	frankenredis	70aeb457d898e68c4360185574349b765b909abb	crates/fr-runtime/src/lib.rs	4358	80b054b29957a4de	CURRENT	1	4358-4358	CURRENT	TM-RA-1
ra:technique:frankenredis/rm-benchmark-regression/408a9cf8	frankenredis	70aeb457d898e68c4360185574349b765b909abb	crates/fr-bench/src/main.rs	326	fe562072f214a89e	CURRENT	1	326-326	CURRENT	TM-RA-1
ra:technique:frankenredis/rm-benchmark-regression/408a9cf8	frankenredis	70aeb457d898e68c4360185574349b765b909abb	crates/fr-expire/src/lib.rs	49	6944cec2da0b073b	CURRENT	1	49-49	CURRENT	TM-RA-1
ra:technique:frankenredis/rm-benchmark-regression/408a9cf8	frankenredis	70aeb457d898e68c4360185574349b765b909abb	crates/fr-bench/src/main.rs	621	5eb9ccae9593398d	CURRENT	1	621-621	CURRENT	TM-RA-1
ra:technique:frankenredis/rm-differential-oracle/18973d8c	frankenredis	70aeb457d898e68c4360185574349b765b909abb	crates/fr-conformance/src/lib.rs	2168	a78cc0ce030b682f	CURRENT	1	2168-2168	CURRENT	TM-RA-1
ra:technique:frankenredis/rm-differential-oracle/18973d8c	frankenredis	70aeb457d898e68c4360185574349b765b909abb	crates/fr-conformance/src/lib.rs	39	da8f8d7ad84146fd	CURRENT	1	39-39	CURRENT	TM-RA-1
ra:technique:frankenredis/rm-differential-oracle/18973d8c	frankenredis	70aeb457d898e68c4360185574349b765b909abb	crates/fr-conformance/src/lib.rs	54	3310834814a589dd	CURRENT	1	54-54	CURRENT	TM-RA-1
ra:technique:frankenredis/rm-evidence-receipts/51024a39	frankenredis	70aeb457d898e68c4360185574349b765b909abb	crates/fr-persist/src/lib.rs	4269	4c2bd1104c794272	CURRENT	1	4269-4269	CURRENT	TM-RA-1
ra:technique:frankenredis/rm-evidence-receipts/51024a39	frankenredis	70aeb457d898e68c4360185574349b765b909abb	crates/fr-store/src/keyspace_dict.rs	402	7c683486364325e6	CURRENT	1	402-402	CURRENT	TM-RA-1
ra:technique:frankenredis/rm-evidence-receipts/51024a39	frankenredis	70aeb457d898e68c4360185574349b765b909abb	crates/fr-conformance/src/phase2c_schema.rs	928	3ad31b10331dd20b	CURRENT	1	928-928	CURRENT	TM-RA-1
ra:technique:frankenredis/rm-fuzzing/4c131a8a	frankenredis	70aeb457d898e68c4360185574349b765b909abb	fuzz/fuzz_targets/fuzz_differential_runtime.rs	1	18d99bb258a30fa5	CURRENT	1	1-1	CURRENT	TM-RA-1
ra:technique:frankenredis/rm-fuzzing/4c131a8a	frankenredis	70aeb457d898e68c4360185574349b765b909abb	fuzz/fuzz_targets/fuzz_differential_runtime.rs	3	e48e4770dfa5dc32	CURRENT	1	3-3	CURRENT	TM-RA-1
ra:technique:frankenredis/rm-type-driven-design/c52c6774	frankenredis	70aeb457d898e68c4360185574349b765b909abb	crates/fr-persist/src/listpack.rs	88	429d6d0d3252f001	CURRENT	1	88-88	CURRENT	TM-RA-1
ra:technique:frankenredis/rm-type-driven-design/c52c6774	frankenredis	70aeb457d898e68c4360185574349b765b909abb	crates/fr-store/src/keyspace_dict.rs	339	536a2ef174d2fae7	CURRENT	1	339-339	CURRENT	TM-RA-1
ra:technique:frankenredis/rm-unsafe-discipline/5c918bdc	frankenredis	70aeb457d898e68c4360185574349b765b909abb	crates/fr-protocol/src/lib.rs	1	d4e6f22e1e076733	CURRENT	1	1-1	CURRENT	TM-RA-1
ra:technique:frankenredis/rm-unsafe-discipline/5c918bdc	frankenredis	70aeb457d898e68c4360185574349b765b909abb	crates/fr-simd/src/lib.rs	39	435cf5f35129cb63	CURRENT	1	39-39	CURRENT	TM-RA-1
ra:technique:frankenredis/simd-bit-tricks/e1dafed5	frankenredis	70aeb457d898e68c4360185574349b765b909abb	crates/fr-simd/src/lib.rs	35	6e8ab117b3bee9a2	CURRENT	1	35-35	CURRENT	TM-RA-1
ra:technique:frankenredis/simd-bit-tricks/e1dafed5	frankenredis	70aeb457d898e68c4360185574349b765b909abb	crates/fr-simd/src/lib.rs	53	820ef34bed0c1a21	CURRENT	1	53-53	CURRENT	TM-RA-1
ra:technique:frankenredis/skiplist-treap-balanced-trees/4f6d342c	frankenredis	70aeb457d898e68c4360185574349b765b909abb	crates/fr-store/src/lib.rs	3443	f41a6713ae5268a1	CURRENT	1	3443-3443	CURRENT	TM-RA-1
ra:technique:frankenredis/skiplist-treap-balanced-trees/4f6d342c	frankenredis	70aeb457d898e68c4360185574349b765b909abb	crates/fr-store/src/lib.rs	3445	32084595d659295c	CURRENT	1	3445-3445	CURRENT	TM-RA-1
ra:technique:frankenredis/skiplist-treap-balanced-trees/4f6d342c	frankenredis	70aeb457d898e68c4360185574349b765b909abb	crates/fr-store/src/lib.rs	963	e6a4905916c8c7bc	CURRENT	1	963-963	CURRENT	TM-RA-1
ra:technique:frankenredis/sticky-encoding-promotion/1cfc726a	frankenredis	70aeb457d898e68c4360185574349b765b909abb	crates/fr-store/src/lib.rs	9190	534145298f997b99	CURRENT	1	9190-9190	CURRENT	TM-RA-1
ra:technique:frankenredis/sticky-encoding-promotion/1cfc726a	frankenredis	70aeb457d898e68c4360185574349b765b909abb	crates/fr-store/src/lib.rs	9203	61173bd190c1d5de	CURRENT	1	9203-9203	CURRENT	TM-RA-1
ra:technique:frankenredis/sticky-encoding-promotion/1cfc726a	frankenredis	70aeb457d898e68c4360185574349b765b909abb	crates/fr-store/src/lib.rs	38569	72d8e1be237273d4	CURRENT	1	38569-38569	CURRENT	TM-RA-1
ra:technique:frankenredis/ulp-float-semantics/82ca37f1	frankenredis	70aeb457d898e68c4360185574349b765b909abb	crates/fr-command/src/lib.rs	6259	2bde3b58da23038e	CURRENT	1	6259-6259	CURRENT	TM-RA-1
ra:technique:frankenredis/ulp-float-semantics/82ca37f1	frankenredis	70aeb457d898e68c4360185574349b765b909abb	crates/fr-store/src/lib.rs	1260	31ceb6eb0ce958ef	CURRENT	1	1260-1260	CURRENT	TM-RA-1
ra:technique:frankenredis/wal-aries/b62c0e21	frankenredis	70aeb457d898e68c4360185574349b765b909abb	crates/fr-runtime/src/lib.rs	48142	93499a00ad6455dd	CURRENT	1	48142-48142	CURRENT	TM-RA-1
ra:technique:frankenredis/wal-aries/b62c0e21	frankenredis	70aeb457d898e68c4360185574349b765b909abb	crates/fr-runtime/src/lib.rs	48145	a882846a787227e7	CURRENT	1	48145-48145	CURRENT	TM-RA-1
ra:technique:frankenredis/wal-aries/b62c0e21	frankenredis	70aeb457d898e68c4360185574349b765b909abb	crates/fr-runtime/src/lib.rs	48195	1a9a775b3808ff97	CURRENT	1	48195-48195	CURRENT	TM-RA-1
ra:technique:frankenscipy/backward-error-analysis/0cf48bd4	frankenscipy	a75ad6ed2e9f72e72b8d393fd92805909958630b	crates/fsci-linalg/src/lib.rs	1656	7bda56fb52879ae0	CURRENT	1	1656-1656	CURRENT	TM-RA-1
ra:technique:frankenscipy/backward-error-analysis/0cf48bd4	frankenscipy	a75ad6ed2e9f72e72b8d393fd92805909958630b	crates/fsci-linalg/src/lib.rs	1651	abecf43fbb969add	CURRENT	1	1651-1651	CURRENT	TM-RA-1
ra:technique:frankenscipy/bayes-risk-loss-matrix/92ed5eb8	frankenscipy	a75ad6ed2e9f72e72b8d393fd92805909958630b	crates/fsci-runtime/src/lib.rs	158	3adc1d5edd911422	CURRENT	1	158-158	CURRENT	TM-RA-1
ra:technique:frankenscipy/bayes-risk-loss-matrix/92ed5eb8	frankenscipy	a75ad6ed2e9f72e72b8d393fd92805909958630b	crates/fsci-runtime/src/lib.rs	134	6273cb8d60cf6fcc	CURRENT	1	134-134	CURRENT	TM-RA-1
ra:technique:frankenscipy/bayes-risk-loss-matrix/92ed5eb8	frankenscipy	a75ad6ed2e9f72e72b8d393fd92805909958630b	crates/fsci-runtime/src/lib.rs	293	c442557fa944675f	CURRENT	1	293-293	CURRENT	TM-RA-1
ra:technique:frankenscipy/bayes-theorem/537b6e57	frankenscipy	a75ad6ed2e9f72e72b8d393fd92805909958630b	crates/fsci-runtime/src/policy.rs	201	2fd2202b6c1682dc	CURRENT	1	201-201	CURRENT	TM-RA-1
ra:technique:frankenscipy/bayes-theorem/537b6e57	frankenscipy	a75ad6ed2e9f72e72b8d393fd92805909958630b	crates/fsci-runtime/src/policy.rs	181	b02f2bb6d950f0a5	CURRENT	1	181-181	CURRENT	TM-RA-1
ra:technique:frankenscipy/brent-root/b897e525	frankenscipy	a75ad6ed2e9f72e72b8d393fd92805909958630b	crates/fsci-opt/src/root.rs	802	21f64bad83f886de	CURRENT	1	802-802	CURRENT	TM-RA-1
ra:technique:frankenscipy/brent-root/b897e525	frankenscipy	a75ad6ed2e9f72e72b8d393fd92805909958630b	crates/fsci-integrate/src/api.rs	333	e5cdb2179bf3c4f7	CURRENT	1	333-333	CURRENT	TM-RA-1
ra:technique:frankenscipy/cholesky/dd0b9e6e	frankenscipy	a75ad6ed2e9f72e72b8d393fd92805909958630b	crates/fsci-cluster/src/lib.rs	3376	9dc9caedcb3497cc	CURRENT	1	3376-3376	CURRENT	TM-RA-1
ra:technique:frankenscipy/cholesky/dd0b9e6e	frankenscipy	a75ad6ed2e9f72e72b8d393fd92805909958630b	crates/fsci-linalg/src/cholesky_tiled.rs	190	1dfd44fa4eac4aa1	CURRENT	1	190-190	CURRENT	TM-RA-1
ra:technique:frankenscipy/condition-number/1750ba33	frankenscipy	a75ad6ed2e9f72e72b8d393fd92805909958630b	crates/fsci-linalg/src/lib.rs	1307	7ab80b4bac196b82	CURRENT	1	1307-1307	CURRENT	TM-RA-1
ra:technique:frankenscipy/condition-number/1750ba33	frankenscipy	a75ad6ed2e9f72e72b8d393fd92805909958630b	crates/fsci-linalg/src/lib.rs	1324	13eac367d338bd8e	CURRENT	1	1324-1324	CURRENT	TM-RA-1
ra:technique:frankenscipy/condition-number/1750ba33	frankenscipy	a75ad6ed2e9f72e72b8d393fd92805909958630b	crates/fsci-linalg/src/lib.rs	1673	ced5087867ba81e3	CURRENT	1	1673-1673	CURRENT	TM-RA-1
ra:technique:frankenscipy/conformal-prediction/92814b2a	frankenscipy	a75ad6ed2e9f72e72b8d393fd92805909958630b	crates/fsci-runtime/src/lib.rs	376	f1d2fcea97b81072	CURRENT	1	376-376	CURRENT	TM-RA-1
ra:technique:frankenscipy/conformal-prediction/92814b2a	frankenscipy	a75ad6ed2e9f72e72b8d393fd92805909958630b	crates/fsci-runtime/src/lib.rs	178	006dfa7a53c9ae0f	CURRENT	1	178-178	CURRENT	TM-RA-1
ra:technique:frankenscipy/eigen-schur-hessenberg/aff684b1	frankenscipy	a75ad6ed2e9f72e72b8d393fd92805909958630b	crates/fsci-linalg/src/hessenberg_qr.rs	22	df0d21cb20dc933d	CURRENT	1	22-22	CURRENT	TM-RA-1
ra:technique:frankenscipy/eigen-schur-hessenberg/aff684b1	frankenscipy	a75ad6ed2e9f72e72b8d393fd92805909958630b	crates/fsci-linalg/src/lib.rs	6617	bf7274cea6261c3a	CURRENT	1	6617-6617	CURRENT	TM-RA-1
ra:technique:frankenscipy/eigen-schur-hessenberg/aff684b1	frankenscipy	a75ad6ed2e9f72e72b8d393fd92805909958630b	crates/fsci-linalg/src/lib.rs	6638	646dafbf25ea05b0	CURRENT	1	6638-6638	CURRENT	TM-RA-1
ra:technique:frankenscipy/fft/c2dfe094	frankenscipy	a75ad6ed2e9f72e72b8d393fd92805909958630b	crates/fsci-fft/src/transforms.rs	120	c5a26cc8a073cb44	CURRENT	1	120-120	CURRENT	TM-RA-1
ra:technique:frankenscipy/fft/c2dfe094	frankenscipy	a75ad6ed2e9f72e72b8d393fd92805909958630b	crates/fsci-fft/src/plan.rs	54	fff8ff1fb8ff5056	CURRENT	1	54-54	CURRENT	TM-RA-1
ra:technique:frankenscipy/gradient-descent-family/36cb888a	frankenscipy	a75ad6ed2e9f72e72b8d393fd92805909958630b	crates/fsci-opt/src/minimize.rs	93	4a8e0874409f5fd8	CURRENT	1	93-93	CURRENT	TM-RA-1
ra:technique:frankenscipy/gradient-descent-family/36cb888a	frankenscipy	a75ad6ed2e9f72e72b8d393fd92805909958630b	crates/fsci-opt/src/minimize.rs	2025	b98299d3682d6c7b	CURRENT	1	2025-2025	CURRENT	TM-RA-1
ra:technique:frankenscipy/interpolation-splines/78ba4cbc	frankenscipy	a75ad6ed2e9f72e72b8d393fd92805909958630b	crates/fsci-interpolate/src/lib.rs	1652	e766bc91caecc267	CURRENT	1	1652-1652	CURRENT	TM-RA-1
ra:technique:frankenscipy/interpolation-splines/78ba4cbc	frankenscipy	a75ad6ed2e9f72e72b8d393fd92805909958630b	crates/fsci-interpolate/python/diff_ndinterp_scipy.py	3	fe6f6e5456aa0a2f	CURRENT	1	3-3	CURRENT	TM-RA-1
ra:technique:frankenscipy/krylov-methods/629e90ae	frankenscipy	a75ad6ed2e9f72e72b8d393fd92805909958630b	crates/fsci-sparse/src/linalg.rs	9694	c240a977d3861143	CURRENT	1	9694-9694	CURRENT	TM-RA-1
ra:technique:frankenscipy/krylov-methods/629e90ae	frankenscipy	a75ad6ed2e9f72e72b8d393fd92805909958630b	crates/fsci-sparse/src/linalg.rs	9791	4f0c00ee023618db	CURRENT	1	9791-9791	CURRENT	TM-RA-1
ra:technique:frankenscipy/lu-decomposition/c2cb12c0	frankenscipy	a75ad6ed2e9f72e72b8d393fd92805909958630b	crates/fsci-integrate/src/bvp.rs	365	feda0fe0b458029b	CURRENT	1	365-365	CURRENT	TM-RA-1
ra:technique:frankenscipy/lu-decomposition/c2cb12c0	frankenscipy	a75ad6ed2e9f72e72b8d393fd92805909958630b	crates/fsci-runtime/src/lib.rs	160	ae67b5a8bf4c6c7e	CURRENT	1	160-160	CURRENT	TM-RA-1
ra:technique:frankenscipy/mann-whitney/ffead30c	frankenscipy	a75ad6ed2e9f72e72b8d393fd92805909958630b	crates/fsci-stats/src/lib.rs	30822	f224eeb413b14df6	CURRENT	1	30822-30822	CURRENT	TM-RA-1
ra:technique:frankenscipy/memory-model-atomics/9f40bf26	frankenscipy	a75ad6ed2e9f72e72b8d393fd92805909958630b	crates/fsci-fft/src/transforms.rs	500	fa917c8bf75eb879	CURRENT	1	500-500	CURRENT	TM-RA-1
ra:technique:frankenscipy/named-distributions/084259cb	frankenscipy	a75ad6ed2e9f72e72b8d393fd92805909958630b	crates/fsci-stats/src/lib.rs	1726	1be4673d3f025f31	CURRENT	1	1726-1726	CURRENT	TM-RA-1
ra:technique:frankenscipy/named-distributions/084259cb	frankenscipy	a75ad6ed2e9f72e72b8d393fd92805909958630b	crates/fsci-stats/src/lib.rs	12851	d7368fbda0741727	CURRENT	1	12851-12851	CURRENT	TM-RA-1
ra:technique:frankenscipy/p-golub-van-loan/ef5360cc	frankenscipy	a75ad6ed2e9f72e72b8d393fd92805909958630b	crates/fsci-sparse/src/linalg.rs	8889	bfb2dcd111cfc1a6	CURRENT	1	8889-8889	CURRENT	TM-RA-1
ra:technique:frankenscipy/p-hairer-wanner/25d2606e	frankenscipy	a75ad6ed2e9f72e72b8d393fd92805909958630b	crates/fsci-integrate/src/step_size.rs	29	1d7b573086eba062	CURRENT	1	29-29	CURRENT	TM-RA-1
ra:technique:frankenscipy/p-higham/b8efb2af	frankenscipy	a75ad6ed2e9f72e72b8d393fd92805909958630b	crates/fsci-linalg/src/lib.rs	1307	7ab80b4bac196b82	CURRENT	1	1307-1307	CURRENT	TM-RA-1
ra:technique:frankenscipy/p-press-nr/4e2fc479	frankenscipy	a75ad6ed2e9f72e72b8d393fd92805909958630b	crates/fsci-special/src/elliptic.rs	501	e67539b8d07cf287	CURRENT	1	501-501	CURRENT	TM-RA-1
ra:technique:frankenscipy/p-virtanen-scipy/48453710	frankenscipy	a75ad6ed2e9f72e72b8d393fd92805909958630b	crates/fsci-integrate/src/bdf.rs	6	42b428793a7287ea	CURRENT	1	6-6	CURRENT	TM-RA-1
ra:technique:frankenscipy/pade-continued-fraction/bb78e023	frankenscipy	a75ad6ed2e9f72e72b8d393fd92805909958630b	crates/fsci-special/src/hyper.rs	918	592fddb9bdbda1c2	CURRENT	1	918-918	CURRENT	TM-RA-1
ra:technique:frankenscipy/pade-continued-fraction/bb78e023	frankenscipy	a75ad6ed2e9f72e72b8d393fd92805909958630b	crates/fsci-special/src/hyper.rs	190	0d8c112499af2cb4	CURRENT	1	190-190	CURRENT	TM-RA-1
ra:technique:frankenscipy/qr-householder-givens/444e3f2f	frankenscipy	a75ad6ed2e9f72e72b8d393fd92805909958630b	crates/fsci-runtime/src/lib.rs	161	86a8a65a209d061f	CURRENT	1	161-161	CURRENT	TM-RA-1
ra:technique:frankenscipy/quadrature/22993338	frankenscipy	a75ad6ed2e9f72e72b8d393fd92805909958630b	crates/fsci-integrate/src/quad.rs	485	cc62de2312015328	CURRENT	1	485-485	CURRENT	TM-RA-1
ra:technique:frankenscipy/quadrature/22993338	frankenscipy	a75ad6ed2e9f72e72b8d393fd92805909958630b	crates/fsci-integrate/src/quad.rs	409	e694739647ce684e	CURRENT	1	409-409	CURRENT	TM-RA-1
ra:technique:frankenscipy/raptorq-fountain/61ec0dc1	frankenscipy	a75ad6ed2e9f72e72b8d393fd92805909958630b	crates/fsci-conformance/src/lib.rs	56	571a408c295d975b	CURRENT	1	56-56	CURRENT	TM-RA-1
ra:technique:frankenscipy/raptorq-fountain/61ec0dc1	frankenscipy	a75ad6ed2e9f72e72b8d393fd92805909958630b	crates/fsci-conformance/src/ci_gates.rs	28	b6f4649e4eb1d621	CURRENT	1	28-28	CURRENT	TM-RA-1
ra:technique:frankenscipy/rm-benchmark-regression/2da48349	frankenscipy	a75ad6ed2e9f72e72b8d393fd92805909958630b	crates/fsci-integrate/src/bin/perf_bdf_diag_newton.rs	11	34b0dd93a2f93d38	CURRENT	1	11-11	CURRENT	TM-RA-1
ra:technique:frankenscipy/rm-benchmark-regression/2da48349	frankenscipy	a75ad6ed2e9f72e72b8d393fd92805909958630b	crates/fsci-integrate/src/bin/perf_bdf_diag_newton.rs	16	62d250559c63c024	CURRENT	1	16-16	CURRENT	TM-RA-1
ra:technique:frankenscipy/rm-deterministic-hashing-ordering/dc35c793	frankenscipy	a75ad6ed2e9f72e72b8d393fd92805909958630b	crates/fsci-cluster/src/lib.rs	4766	96202237e5ac5b67	CURRENT	1	4766-4766	CURRENT	TM-RA-1
ra:technique:frankenscipy/rm-differential-oracle/082128a4	frankenscipy	a75ad6ed2e9f72e72b8d393fd92805909958630b	crates/fsci-conformance/src/lib.rs	12	1f2fdf68c842315c	CURRENT	1	12-12	CURRENT	TM-RA-1
ra:technique:frankenscipy/rm-differential-oracle/082128a4	frankenscipy	a75ad6ed2e9f72e72b8d393fd92805909958630b	crates/fsci-conformance/src/lib.rs	30	91b6cd6bafc7f33f	CURRENT	1	30-30	CURRENT	TM-RA-1
ra:technique:frankenscipy/rm-differential-oracle/082128a4	frankenscipy	a75ad6ed2e9f72e72b8d393fd92805909958630b	crates/fsci-conformance/src/lib.rs	45	4d9e4603453e239e	CURRENT	1	45-45	CURRENT	TM-RA-1
ra:technique:frankenscipy/rm-error-taxonomy/513721d5	frankenscipy	a75ad6ed2e9f72e72b8d393fd92805909958630b	crates/fsci-runtime/src/mode.rs	12	70846f1f88aad99e	CURRENT	1	12-12	CURRENT	TM-RA-1
ra:technique:frankenscipy/rm-error-taxonomy/513721d5	frankenscipy	a75ad6ed2e9f72e72b8d393fd92805909958630b	crates/fsci-arrayapi/src/integration.rs	29	69d9889c3010f64e	CURRENT	1	29-29	CURRENT	TM-RA-1
ra:technique:frankenscipy/rm-evidence-receipts/b83221ed	frankenscipy	a75ad6ed2e9f72e72b8d393fd92805909958630b	crates/fsci-runtime/src/lib.rs	244	086ac2d90a4c1880	CURRENT	1	244-244	CURRENT	TM-RA-1
ra:technique:frankenscipy/rm-evidence-receipts/b83221ed	frankenscipy	a75ad6ed2e9f72e72b8d393fd92805909958630b	crates/fsci-runtime/src/scipy_incumbent.rs	28	c192b345d4946bd3	CURRENT	1	28-28	CURRENT	TM-RA-1
ra:technique:frankenscipy/rm-evidence-receipts/b83221ed	frankenscipy	a75ad6ed2e9f72e72b8d393fd92805909958630b	crates/fsci-runtime/src/evidence.rs	273	59f33afd1e55a941	CURRENT	1	273-273	CURRENT	TM-RA-1
ra:technique:frankenscipy/rm-fuzzing/76b83255	frankenscipy	a75ad6ed2e9f72e72b8d393fd92805909958630b	fuzz/fuzz_targets/p2c006_special_erf_identities.rs	5	5c91c8bbcf54fb43	CURRENT	1	5-5	CURRENT	TM-RA-1
ra:technique:frankenscipy/rm-fuzzing/76b83255	frankenscipy	a75ad6ed2e9f72e72b8d393fd92805909958630b	fuzz/fuzz_targets/p2c006_special_erf_identities.rs	31	58ecb6443d21c9c5	CURRENT	1	31-31	CURRENT	TM-RA-1
ra:technique:frankenscipy/rm-property-testing/58d42ad7	frankenscipy	a75ad6ed2e9f72e72b8d393fd92805909958630b	crates/fsci-conformance/src/metamorphic.rs	3	f4d7ca396cb74e23	CURRENT	1	3-3	CURRENT	TM-RA-1
ra:technique:frankenscipy/rm-spec-first/78d64fd8	frankenscipy	a75ad6ed2e9f72e72b8d393fd92805909958630b	crates/fsci-integrate/python/scipy_bdf_arm.py	90	e768887ebf1e4e2e	CURRENT	1	90-90	CURRENT	TM-RA-1
ra:technique:frankenscipy/rm-unsafe-discipline/b01f8697	frankenscipy	a75ad6ed2e9f72e72b8d393fd92805909958630b	crates/fsci-arrayapi/src/lib.rs	1	d4e6f22e1e076733	CURRENT	1	1-1	CURRENT	TM-RA-1
ra:technique:frankenscipy/rm-unsafe-discipline/b01f8697	frankenscipy	a75ad6ed2e9f72e72b8d393fd92805909958630b	crates/fsci-linalg/src/lib.rs	44492	deefa5d62c01ae84	CURRENT	1	44492-44492	CURRENT	TM-RA-1
ra:technique:frankenscipy/runge-kutta/955c51d6	frankenscipy	a75ad6ed2e9f72e72b8d393fd92805909958630b	crates/fsci-integrate/src/rk.rs	22	849c1e4809e9d345	CURRENT	1	22-22	CURRENT	TM-RA-1
ra:technique:frankenscipy/runge-kutta/955c51d6	frankenscipy	a75ad6ed2e9f72e72b8d393fd92805909958630b	crates/fsci-integrate/src/step_size.rs	28	a7556078b6760d27	CURRENT	1	28-28	CURRENT	TM-RA-1
ra:technique:frankenscipy/simd-bit-tricks/f882a69a	frankenscipy	a75ad6ed2e9f72e72b8d393fd92805909958630b	crates/fsci-cluster/src/lib.rs	1	18c5acd0a1f8e6aa	CURRENT	1	1-1	CURRENT	TM-RA-1
ra:technique:frankenscipy/simd-bit-tricks/f882a69a	frankenscipy	a75ad6ed2e9f72e72b8d393fd92805909958630b	crates/fsci-cluster/src/lib.rs	6609	8b9a9af599d877b2	CURRENT	1	6609-6609	CURRENT	TM-RA-1
ra:technique:frankenscipy/softmax-logsumexp/7353731d	frankenscipy	a75ad6ed2e9f72e72b8d393fd92805909958630b	crates/fsci-runtime/src/policy.rs	190	27859d8d35e6d235	CURRENT	1	190-190	CURRENT	TM-RA-1
ra:technique:frankenscipy/sparse-matrix-formats/48e54d82	frankenscipy	a75ad6ed2e9f72e72b8d393fd92805909958630b	crates/fsci-conformance/python_oracle/scipy_sparse_oracle.py	283	b56d10c134c06117	CURRENT	1	283-283	CURRENT	TM-RA-1
ra:technique:frankenscipy/special-functions/6e499617	frankenscipy	a75ad6ed2e9f72e72b8d393fd92805909958630b	crates/fsci-special/src/gamma.rs	1661	c81bf37ab65cc5f8	CURRENT	1	1661-1661	CURRENT	TM-RA-1
ra:technique:frankenscipy/special-functions/6e499617	frankenscipy	a75ad6ed2e9f72e72b8d393fd92805909958630b	crates/fsci-special/src/gamma.rs	1637	6a25216b4b716265	CURRENT	1	1637-1637	CURRENT	TM-RA-1
ra:technique:frankenscipy/special-functions/6e499617	frankenscipy	a75ad6ed2e9f72e72b8d393fd92805909958630b	crates/fsci-special/src/error.rs	285	c77508007ec8dda2	CURRENT	1	285-285	CURRENT	TM-RA-1
ra:technique:frankenscipy/special-functions/9f53cdde	frankenscipy	a75ad6ed2e9f72e72b8d393fd92805909958630b	crates/fsci-special/src/elliptic.rs	589	66cccb724e5e50fa	CURRENT	1	589-589	CURRENT	TM-RA-1
ra:technique:frankenscipy/special-functions/9f53cdde	frankenscipy	a75ad6ed2e9f72e72b8d393fd92805909958630b	crates/fsci-special/src/elliptic.rs	1614	fc906a722c86aadf	CURRENT	1	1614-1614	CURRENT	TM-RA-1
ra:technique:frankenscipy/stiff-ode-bdf/16e39f1b	frankenscipy	a75ad6ed2e9f72e72b8d393fd92805909958630b	crates/fsci-integrate/src/bdf.rs	52	54cf79ca9827e5a8	CURRENT	1	52-52	CURRENT	TM-RA-1
ra:technique:frankenscipy/stiff-ode-bdf/16e39f1b	frankenscipy	a75ad6ed2e9f72e72b8d393fd92805909958630b	crates/fsci-integrate/src/bin/perf_bdf_diag_newton.rs	26	a017c442578e9a6c	CURRENT	1	26-26	CURRENT	TM-RA-1
ra:technique:frankenscipy/stiff-ode-bdf/16e39f1b	frankenscipy	a75ad6ed2e9f72e72b8d393fd92805909958630b	crates/fsci-integrate/src/radau.rs	7	2e4005062b7f589b	CURRENT	1	7-7	CURRENT	TM-RA-1
ra:technique:frankenscipy/svd/fb78f4a1	frankenscipy	a75ad6ed2e9f72e72b8d393fd92805909958630b	crates/fsci-linalg/src/lib.rs	30240	1fd1af48a93e577c	CURRENT	1	30240-30240	CURRENT	TM-RA-1
ra:technique:frankenscipy/svd/fb78f4a1	frankenscipy	a75ad6ed2e9f72e72b8d393fd92805909958630b	crates/fsci-runtime/src/lib.rs	162	303ce06f238df329	CURRENT	1	162-162	CURRENT	TM-RA-1
ra:technique:frankenscipy/ulp-float-semantics/a5245111	frankenscipy	a75ad6ed2e9f72e72b8d393fd92805909958630b	crates/fsci-runtime/src/lib.rs	528	61ecf7829a1a917d	CURRENT	1	528-528	CURRENT	TM-RA-1
ra:technique:frankenscipy/ulp-float-semantics/a5245111	frankenscipy	a75ad6ed2e9f72e72b8d393fd92805909958630b	crates/fsci-runtime/src/lib.rs	534	42e59f0408c975e6	CURRENT	1	534-534	CURRENT	TM-RA-1
ra:technique:frankenscipy/ulp-float-semantics/a5245111	frankenscipy	a75ad6ed2e9f72e72b8d393fd92805909958630b	crates/fsci-integrate/src/bdf.rs	147	b0d80afb07b4a190	CURRENT	1	147-147	CURRENT	TM-RA-1
ra:technique:frankensearch/beta-bernoulli/fb6ab142	frankensearch	d02302e29e91a6ab02059f3a1536c23dd9dd12f1	crates/frankensearch-fusion/src/adaptive.rs	9	417d05a1d5926562	CURRENT	1	9-9	CURRENT	TM-RA-1
ra:technique:frankensearch/beta-bernoulli/fb6ab142	frankensearch	d02302e29e91a6ab02059f3a1536c23dd9dd12f1	crates/frankensearch-fusion/src/adaptive.rs	12	ee1cc29a1c3fd4d0	CURRENT	1	12-12	CURRENT	TM-RA-1
ra:technique:frankensearch/block-max-wand/2ddae726	frankensearch	d02302e29e91a6ab02059f3a1536c23dd9dd12f1	crates/frankensearch-quill/src/argus.rs	3	e34742b51860820a	CURRENT	1	3-3	CURRENT	TM-RA-1
ra:technique:frankensearch/block-max-wand/2ddae726	frankensearch	d02302e29e91a6ab02059f3a1536c23dd9dd12f1	crates/frankensearch-quill/src/argus.rs	34	827e779146bbcd74	CURRENT	1	34-34	CURRENT	TM-RA-1
ra:technique:frankensearch/block-max-wand/2ddae726	frankensearch	d02302e29e91a6ab02059f3a1536c23dd9dd12f1	crates/frankensearch-quill/src/argus.rs	1050	3698b5d3e35a7714	CURRENT	1	1050-1050	CURRENT	TM-RA-1
ra:technique:frankensearch/block-max-wand/2ddae726	frankensearch	d02302e29e91a6ab02059f3a1536c23dd9dd12f1	crates/frankensearch-quill/src/quiver.rs	15540	67bcfcfdfa6609a7	CURRENT	1	15540-15540	CURRENT	TM-RA-1
ra:technique:frankensearch/cache-replacement/62aa6427	frankensearch	d02302e29e91a6ab02059f3a1536c23dd9dd12f1	crates/frankensearch-core/src/cache.rs	1	fea88bf39c87fe3a	CURRENT	1	1-1	CURRENT	TM-RA-1
ra:technique:frankensearch/cache-replacement/62aa6427	frankensearch	d02302e29e91a6ab02059f3a1536c23dd9dd12f1	crates/frankensearch-core/src/cache.rs	226	faefc4520a4e727e	CURRENT	1	226-226	CURRENT	TM-RA-1
ra:technique:frankensearch/conformal-prediction/1afe45b3	frankensearch	d02302e29e91a6ab02059f3a1536c23dd9dd12f1	crates/frankensearch-index/src/recall_certificate.rs	37	bd112e65d8c946bd	CURRENT	1	37-37	CURRENT	TM-RA-1
ra:technique:frankensearch/conformal-prediction/1afe45b3	frankensearch	d02302e29e91a6ab02059f3a1536c23dd9dd12f1	crates/frankensearch-index/src/recall_certificate.rs	59	2c93f3327cd9afef	CURRENT	1	59-59	CURRENT	TM-RA-1
ra:technique:frankensearch/conformal-prediction/1afe45b3	frankensearch	d02302e29e91a6ab02059f3a1536c23dd9dd12f1	crates/frankensearch-index/src/recall_certificate.rs	4	394a2a3ae0c52080	CURRENT	1	4-4	CURRENT	TM-RA-1
ra:technique:frankensearch/filesystem-semantics/f1172266	frankensearch	d02302e29e91a6ab02059f3a1536c23dd9dd12f1	crates/frankensearch-core/src/generation.rs	812	3f07259a8ae13adc	CURRENT	1	812-812	CURRENT	TM-RA-1
ra:technique:frankensearch/filesystem-semantics/f1172266	frankensearch	d02302e29e91a6ab02059f3a1536c23dd9dd12f1	crates/frankensearch-core/src/generation.rs	815	36a39324dc01afc2	CURRENT	1	815-815	CURRENT	TM-RA-1
ra:technique:frankensearch/filesystem-semantics/f1172266	frankensearch	d02302e29e91a6ab02059f3a1536c23dd9dd12f1	crates/frankensearch-core/src/generation.rs	821	6b67871e3711f571	CURRENT	1	821-821	CURRENT	TM-RA-1
ra:technique:frankensearch/hoeffding-inequality/ed192b07	frankensearch	d02302e29e91a6ab02059f3a1536c23dd9dd12f1	crates/frankensearch-index/src/recall_certificate.rs	100	e75de992485ffe07	CURRENT	1	100-100	CURRENT	TM-RA-1
ra:technique:frankensearch/hoeffding-inequality/ed192b07	frankensearch	d02302e29e91a6ab02059f3a1536c23dd9dd12f1	crates/frankensearch-index/src/recall_certificate.rs	104	cc3044b0f5547a36	CURRENT	1	104-104	CURRENT	TM-RA-1
ra:technique:frankensearch/hubness-correction-csls/a6b12663	frankensearch	d02302e29e91a6ab02059f3a1536c23dd9dd12f1	crates/frankensearch-fusion/src/hubness.rs	9	f443b7702b95aa40	CURRENT	1	9-9	CURRENT	TM-RA-1
ra:technique:frankensearch/hubness-correction-csls/a6b12663	frankensearch	d02302e29e91a6ab02059f3a1536c23dd9dd12f1	crates/frankensearch-fusion/src/hubness.rs	15	2507e160db09875b	CURRENT	1	15-15	CURRENT	TM-RA-1
ra:technique:frankensearch/information-retrieval-ranking/c2a747f0	frankensearch	d02302e29e91a6ab02059f3a1536c23dd9dd12f1	crates/frankensearch-quill/src/contract.rs	10	90420f7f1d2450d9	CURRENT	1	10-10	CURRENT	TM-RA-1
ra:technique:frankensearch/information-retrieval-ranking/c2a747f0	frankensearch	d02302e29e91a6ab02059f3a1536c23dd9dd12f1	crates/frankensearch-quill/src/contract.rs	378	2116ffb1d5b48e66	CURRENT	1	378-378	CURRENT	TM-RA-1
ra:technique:frankensearch/information-retrieval-ranking/c2a747f0	frankensearch	d02302e29e91a6ab02059f3a1536c23dd9dd12f1	crates/frankensearch-quill/src/contract.rs	389	4438bb0e3a0f10b8	CURRENT	1	389-389	CURRENT	TM-RA-1
ra:technique:frankensearch/information-retrieval-ranking/c2a747f0	frankensearch	d02302e29e91a6ab02059f3a1536c23dd9dd12f1	crates/frankensearch-quill/src/argus.rs	2660	3d7c7d4a81fcac63	CURRENT	1	2660-2660	CURRENT	TM-RA-1
ra:technique:frankensearch/information-retrieval-ranking/c2a747f0	frankensearch	d02302e29e91a6ab02059f3a1536c23dd9dd12f1	crates/frankensearch-quill/src/contract.rs	6	cbc4082634536a92	CURRENT	1	6-6	CURRENT	TM-RA-1
ra:technique:frankensearch/information-retrieval-ranking/7eb00c28	frankensearch	d02302e29e91a6ab02059f3a1536c23dd9dd12f1	crates/frankensearch-fusion/src/rrf.rs	9	2a7ffd0a8703e076	CURRENT	1	9-9	CURRENT	TM-RA-1
ra:technique:frankensearch/information-retrieval-ranking/7eb00c28	frankensearch	d02302e29e91a6ab02059f3a1536c23dd9dd12f1	crates/frankensearch-fusion/src/rrf.rs	24	41817eed1bc4b9d1	CURRENT	1	24-24	CURRENT	TM-RA-1
ra:technique:frankensearch/information-retrieval-ranking/7eb00c28	frankensearch	d02302e29e91a6ab02059f3a1536c23dd9dd12f1	crates/frankensearch-fusion/src/rrf.rs	120	42df8ae6ce22f975	CURRENT	1	120-120	CURRENT	TM-RA-1
ra:technique:frankensearch/information-retrieval-ranking/7eb00c28	frankensearch	d02302e29e91a6ab02059f3a1536c23dd9dd12f1	crates/frankensearch-fusion/src/rrf.rs	55	7fc510499cc1bf1e	CURRENT	1	55-55	CURRENT	TM-RA-1
ra:technique:frankensearch/isolation-forest-anomaly/5de7f757	frankensearch	d02302e29e91a6ab02059f3a1536c23dd9dd12f1	crates/frankensearch-fusion/src/normalize.rs	14	0709547f2fe59862	CURRENT	1	14-14	CURRENT	TM-RA-1
ra:technique:frankensearch/maximal-marginal-relevance/054e2442	frankensearch	d02302e29e91a6ab02059f3a1536c23dd9dd12f1	crates/frankensearch-fusion/src/mmr.rs	10	ec9844a60636ebe1	CURRENT	1	10-10	CURRENT	TM-RA-1
ra:technique:frankensearch/maximal-marginal-relevance/054e2442	frankensearch	d02302e29e91a6ab02059f3a1536c23dd9dd12f1	crates/frankensearch-fusion/src/mmr.rs	296	8502ab117c4c585f	CURRENT	1	296-296	CURRENT	TM-RA-1
ra:technique:frankensearch/off-policy-evaluation-ips-dr/460f8bfc	frankensearch	d02302e29e91a6ab02059f3a1536c23dd9dd12f1	crates/frankensearch-fusion/src/ope.rs	4	c3368b83ccce7f3d	CURRENT	1	4-4	CURRENT	TM-RA-1
ra:technique:frankensearch/off-policy-evaluation-ips-dr/460f8bfc	frankensearch	d02302e29e91a6ab02059f3a1536c23dd9dd12f1	crates/frankensearch-fusion/src/ope.rs	45	3c4555072b77ce98	CURRENT	1	45-45	CURRENT	TM-RA-1
ra:technique:frankensearch/pagination-completeness-certificate/91edac26	frankensearch	d02302e29e91a6ab02059f3a1536c23dd9dd12f1	crates/frankensearch-quill-gauntlet/src/cutoff_certificate.rs	8	c60c24b74d1e9d92	CURRENT	1	8-8	CURRENT	TM-RA-1
ra:technique:frankensearch/pagination-completeness-certificate/91edac26	frankensearch	d02302e29e91a6ab02059f3a1536c23dd9dd12f1	crates/frankensearch-quill-gauntlet/src/cutoff_certificate.rs	19	0cefdb9159b043e9	CURRENT	1	19-19	CURRENT	TM-RA-1
ra:technique:frankensearch/pagination-completeness-certificate/91edac26	frankensearch	d02302e29e91a6ab02059f3a1536c23dd9dd12f1	crates/frankensearch-quill-gauntlet/src/cutoff_certificate.rs	36	d51c6842f9e5e35d	CURRENT	1	36-36	CURRENT	TM-RA-1
ra:technique:frankensearch/platt-isotonic-calibration/650542fe	frankensearch	d02302e29e91a6ab02059f3a1536c23dd9dd12f1	crates/frankensearch-fusion/src/calibration.rs	36	a3d90057dccdf555	CURRENT	1	36-36	CURRENT	TM-RA-1
ra:technique:frankensearch/platt-isotonic-calibration/650542fe	frankensearch	d02302e29e91a6ab02059f3a1536c23dd9dd12f1	crates/frankensearch-fusion/src/calibration.rs	18	eb2a288b4f6d294d	CURRENT	1	18-18	CURRENT	TM-RA-1
ra:technique:frankensearch/platt-isotonic-calibration/650542fe	frankensearch	d02302e29e91a6ab02059f3a1536c23dd9dd12f1	crates/frankensearch-fusion/src/calibration.rs	24	c032f42e74a768ac	CURRENT	1	24-24	CURRENT	TM-RA-1
ra:technique:frankensearch/quantization-int8/03144d27	frankensearch	d02302e29e91a6ab02059f3a1536c23dd9dd12f1	crates/frankensearch-index/src/quantization.rs	13	99529d0363e137e6	CURRENT	1	13-13	CURRENT	TM-RA-1
ra:technique:frankensearch/quantization-int8/03144d27	frankensearch	d02302e29e91a6ab02059f3a1536c23dd9dd12f1	crates/frankensearch-index/src/quantization.rs	52	562952b4b9d40717	CURRENT	1	52-52	CURRENT	TM-RA-1
ra:technique:frankensearch/quantization-int8/03144d27	frankensearch	d02302e29e91a6ab02059f3a1536c23dd9dd12f1	crates/frankensearch-index/src/search.rs	560	2348b76e84e39f3c	CURRENT	1	560-560	CURRENT	TM-RA-1
ra:technique:frankensearch/raptorq-fountain/15ab40d3	frankensearch	d02302e29e91a6ab02059f3a1536c23dd9dd12f1	crates/frankensearch-durability/Cargo.toml	23	9a978babd005b5d8	CURRENT	1	23-23	CURRENT	TM-RA-1
ra:technique:frankensearch/raptorq-fountain/15ab40d3	frankensearch	d02302e29e91a6ab02059f3a1536c23dd9dd12f1	crates/frankensearch-durability/src/codec.rs	48	320e201acc47c20f	CURRENT	1	48-48	CURRENT	TM-RA-1
ra:technique:frankensearch/raptorq-fountain/15ab40d3	frankensearch	d02302e29e91a6ab02059f3a1536c23dd9dd12f1	crates/frankensearch-durability/src/codec.rs	43	be193796a5d17eb2	CURRENT	1	43-43	CURRENT	TM-RA-1
ra:technique:frankensearch/rm-benchmark-regression/a0b14989	frankensearch	d02302e29e91a6ab02059f3a1536c23dd9dd12f1	crates/frankensearch-quill-gauntlet/src/perf_ratchet.rs	5	2e74f403f5e2ffff	CURRENT	1	5-5	CURRENT	TM-RA-1
ra:technique:frankensearch/rm-benchmark-regression/a0b14989	frankensearch	d02302e29e91a6ab02059f3a1536c23dd9dd12f1	crates/frankensearch-core/src/bench_support.rs	25	bbf1361ade778173	CURRENT	1	25-25	CURRENT	TM-RA-1
ra:technique:frankensearch/rm-benchmark-regression/a0b14989	frankensearch	d02302e29e91a6ab02059f3a1536c23dd9dd12f1	crates/frankensearch-core/src/bench_support.rs	157	ac28b9acc2ab1d52	CURRENT	1	157-157	CURRENT	TM-RA-1
ra:technique:frankensearch/rm-differential-oracle/7ca74737	frankensearch	d02302e29e91a6ab02059f3a1536c23dd9dd12f1	crates/frankensearch-quill-gauntlet/src/lib.rs	6	799c4608045d01a3	CURRENT	1	6-6	CURRENT	TM-RA-1
ra:technique:frankensearch/rm-differential-oracle/7ca74737	frankensearch	d02302e29e91a6ab02059f3a1536c23dd9dd12f1	crates/frankensearch-quill-gauntlet/src/comparator.rs	22	f208e72d1c7fc610	CURRENT	1	22-22	CURRENT	TM-RA-1
ra:technique:frankensearch/rm-differential-oracle/7ca74737	frankensearch	d02302e29e91a6ab02059f3a1536c23dd9dd12f1	crates/frankensearch-core/src/shadow.rs	8	f06afd59e58e62de	CURRENT	1	8-8	CURRENT	TM-RA-1
ra:technique:frankensearch/rm-unsafe-discipline/c817e306	frankensearch	d02302e29e91a6ab02059f3a1536c23dd9dd12f1	crates/frankensearch-index/src/native_hnsw.rs	38	daafbb64f47da084	CURRENT	1	38-38	CURRENT	TM-RA-1
ra:technique:frankensearch/rm-unsafe-discipline/c817e306	frankensearch	d02302e29e91a6ab02059f3a1536c23dd9dd12f1	crates/frankensearch-index/src/native_hnsw.rs	43	ed9ea3a94912e62d	CURRENT	1	43-43	CURRENT	TM-RA-1
ra:technique:frankensearch/scientific-method-brenner/140d3241	frankensearch	d02302e29e91a6ab02059f3a1536c23dd9dd12f1	crates/frankensearch-core/src/contract_sanity.rs	298	718f544619c39fee	CURRENT	1	298-298	CURRENT	TM-RA-1
ra:technique:frankensearch/scientific-method-brenner/140d3241	frankensearch	d02302e29e91a6ab02059f3a1536c23dd9dd12f1	crates/frankensearch-fusion/src/hubness.rs	18	c112298d0f87d8cc	CURRENT	1	18-18	CURRENT	TM-RA-1
ra:technique:frankensearch/score-normalization-fusion/dcb41de6	frankensearch	d02302e29e91a6ab02059f3a1536c23dd9dd12f1	crates/frankensearch-core/src/config.rs	24	0f460968c53bcb94	CURRENT	1	24-24	CURRENT	TM-RA-1
ra:technique:frankensearch/score-normalization-fusion/dcb41de6	frankensearch	d02302e29e91a6ab02059f3a1536c23dd9dd12f1	crates/frankensearch-fusion/src/rrf.rs	595	1899282c424d04fc	CURRENT	1	595-595	CURRENT	TM-RA-1
ra:technique:frankensearch/score-normalization-fusion/dcb41de6	frankensearch	d02302e29e91a6ab02059f3a1536c23dd9dd12f1	crates/frankensearch-fusion/src/normalize.rs	15	8325f779fe91ecf0	CURRENT	1	15-15	CURRENT	TM-RA-1
ra:technique:frankensearch/simd-bit-tricks/e3fa9734	frankensearch	d02302e29e91a6ab02059f3a1536c23dd9dd12f1	crates/frankensearch-index/src/simd.rs	905	8e06f42fc499047e	CURRENT	1	905-905	CURRENT	TM-RA-1
ra:technique:frankensearch/simd-bit-tricks/e3fa9734	frankensearch	d02302e29e91a6ab02059f3a1536c23dd9dd12f1	crates/frankensearch-index/src/simd.rs	910	8dbfe5e09f58b593	CURRENT	1	910-910	CURRENT	TM-RA-1
ra:technique:frankensearch/simd-bit-tricks/e3fa9734	frankensearch	d02302e29e91a6ab02059f3a1536c23dd9dd12f1	crates/frankensearch-index/src/search.rs	699	7bea9f72e01de248	CURRENT	1	699-699	CURRENT	TM-RA-1
ra:technique:frankensearch/spearman-kendall/2b3ff770	frankensearch	d02302e29e91a6ab02059f3a1536c23dd9dd12f1	crates/frankensearch-core/src/config.rs	485	c2e90072a278f87e	CURRENT	1	485-485	CURRENT	TM-RA-1
ra:technique:frankensearch/spearman-kendall/2b3ff770	frankensearch	d02302e29e91a6ab02059f3a1536c23dd9dd12f1	crates/frankensearch-fsfs/src/query_latency_optimization.rs	344	00f7c1fbbbb76d87	CURRENT	1	344-344	CURRENT	TM-RA-1
ra:technique:frankensearch/structured-concurrency/b0173dca	frankensearch	d02302e29e91a6ab02059f3a1536c23dd9dd12f1	crates/frankensearch-core/src/error.rs	208	814112e74a78bc9f	CURRENT	1	208-208	CURRENT	TM-RA-1
ra:technique:frankensearch/structured-concurrency/b0173dca	frankensearch	d02302e29e91a6ab02059f3a1536c23dd9dd12f1	crates/frankensearch-core/src/traits.rs	520	5ea8085b103dc8c5	CURRENT	1	520-520	CURRENT	TM-RA-1
ra:technique:frankensearch/t-digest/f3b0ab78	frankensearch	d02302e29e91a6ab02059f3a1536c23dd9dd12f1	crates/frankensearch-core/src/metrics.rs	316	e60a066a44bef453	CURRENT	1	316-316	CURRENT	TM-RA-1
ra:technique:frankensearch/t-digest/f3b0ab78	frankensearch	d02302e29e91a6ab02059f3a1536c23dd9dd12f1	crates/frankensearch-core/src/metrics.rs	317	7dd7ffc3b807fc47	CURRENT	1	317-317	CURRENT	TM-RA-1
ra:technique:frankensearch/transformer-architecture/83bbf16f	frankensearch	d02302e29e91a6ab02059f3a1536c23dd9dd12f1	crates/frankensearch-rerank/src/native.rs	4	2ebeafa9eaeb0f67	CURRENT	1	4-4	CURRENT	TM-RA-1
ra:technique:frankensearch/transformer-architecture/83bbf16f	frankensearch	d02302e29e91a6ab02059f3a1536c23dd9dd12f1	crates/frankensearch-rerank/src/native.rs	6	3805620adf1cf0e1	CURRENT	1	6-6	CURRENT	TM-RA-1
ra:technique:frankensearch/twosum-fma/108c2f9b	frankensearch	d02302e29e91a6ab02059f3a1536c23dd9dd12f1	crates/frankensearch-core/src/decision_plane.rs	182	e49f6fbaa8c10ca1	CURRENT	1	182-182	CURRENT	TM-RA-1
ra:technique:frankensearch/twosum-fma/108c2f9b	frankensearch	d02302e29e91a6ab02059f3a1536c23dd9dd12f1	crates/frankensearch-core/src/metrics_eval.rs	326	858b4d19efa8516b	CURRENT	1	326-326	CURRENT	TM-RA-1
ra:technique:frankensearch/vector-search-ann/aedebf21	frankensearch	d02302e29e91a6ab02059f3a1536c23dd9dd12f1	crates/frankensearch-index/src/native_hnsw.rs	11	1dd8ebd0e5a4c03d	CURRENT	1	11-11	CURRENT	TM-RA-1
ra:technique:frankensearch/vector-search-ann/aedebf21	frankensearch	d02302e29e91a6ab02059f3a1536c23dd9dd12f1	crates/frankensearch-index/src/native_hnsw.rs	29	c170340eb9cabcf4	CURRENT	1	29-29	CURRENT	TM-RA-1
ra:technique:frankensearch/vector-search-ann/aedebf21	frankensearch	d02302e29e91a6ab02059f3a1536c23dd9dd12f1	crates/frankensearch-index/src/hnsw.rs	3124	6ca26c5fe903db4a	CURRENT	1	3124-3124	CURRENT	TM-RA-1
ra:technique:frankensearch/ville-inequality/3df081cf	frankensearch	d02302e29e91a6ab02059f3a1536c23dd9dd12f1	crates/frankensearch-fusion/src/phase_gate.rs	5	ac62a7957b415a11	CURRENT	1	5-5	CURRENT	TM-RA-1
ra:technique:frankensearch/ville-inequality/3df081cf	frankensearch	d02302e29e91a6ab02059f3a1536c23dd9dd12f1	crates/frankensearch-fusion/src/phase_gate.rs	192	020e1e58ba1bea59	CURRENT	1	192-192	CURRENT	TM-RA-1
ra:technique:frankensearch/ville-inequality/3df081cf	frankensearch	d02302e29e91a6ab02059f3a1536c23dd9dd12f1	crates/frankensearch-fusion/src/phase_gate.rs	204	89efa60767a1179c	CURRENT	1	204-204	CURRENT	TM-RA-1
ra:technique:frankensearch/wal-aries/3e1cd309	frankensearch	d02302e29e91a6ab02059f3a1536c23dd9dd12f1	crates/frankensearch-index/src/wal.rs	4	bf549193a6e8275b	CURRENT	1	4-4	CURRENT	TM-RA-1
ra:technique:frankensearch/wal-aries/3e1cd309	frankensearch	d02302e29e91a6ab02059f3a1536c23dd9dd12f1	crates/frankensearch-index/src/wal.rs	12	0ec26880cd41bc43	CURRENT	1	12-12	CURRENT	TM-RA-1
ra:technique:frankensim/automatic-differentiation/6b54bd08	frankensim	eaecbc6cd435d5c4245de888a93245016e342381	crates/fs-ad/src/ift.rs	7	2cad58f883249e47	CURRENT	1	7-7	CURRENT	TM-RA-1
ra:technique:frankensim/automatic-differentiation/6b54bd08	frankensim	eaecbc6cd435d5c4245de888a93245016e342381	crates/fs-ad/src/ift.rs	11	ff2375651ecb30cc	CURRENT	1	11-11	CURRENT	TM-RA-1
ra:technique:frankensim/benjamini-hochberg/32349faa	frankensim	eaecbc6cd435d5c4245de888a93245016e342381	crates/fs-eproc/src/lib.rs	480	37efb702b4d83b84	CURRENT	1	480-480	CURRENT	TM-RA-1
ra:technique:frankensim/benjamini-hochberg/32349faa	frankensim	eaecbc6cd435d5c4245de888a93245016e342381	crates/fs-eproc/src/lib.rs	478	e926aa43c90a2439	CURRENT	1	478-478	CURRENT	TM-RA-1
ra:technique:frankensim/cma-es/d1cb843e	frankensim	eaecbc6cd435d5c4245de888a93245016e342381	crates/fs-dfo/src/lib.rs	2	0168f1212756cd86	CURRENT	1	2-2	CURRENT	TM-RA-1
ra:technique:frankensim/cma-es/d1cb843e	frankensim	eaecbc6cd435d5c4245de888a93245016e342381	crates/fs-dfo/src/lib.rs	12	aea6b321adc78ad6	CURRENT	1	12-12	CURRENT	TM-RA-1
ra:technique:frankensim/deterministic-float-reduction/5317fbbe	frankensim	eaecbc6cd435d5c4245de888a93245016e342381	crates/fs-exec/src/reduce.rs	34	500ebbc487b3fbb1	CURRENT	1	34-34	CURRENT	TM-RA-1
ra:technique:frankensim/deterministic-float-reduction/5317fbbe	frankensim	eaecbc6cd435d5c4245de888a93245016e342381	crates/fs-exec/src/reduce.rs	236	1a0047d96723d0a7	CURRENT	1	236-236	CURRENT	TM-RA-1
ra:technique:frankensim/deterministic-float-reduction/5317fbbe	frankensim	eaecbc6cd435d5c4245de888a93245016e342381	crates/fs-exec/src/reduce.rs	6	7ba3c22fd61993f0	CURRENT	1	6-6	CURRENT	TM-RA-1
ra:technique:frankensim/deterministic-simulation-testing/a75e9eff	frankensim	eaecbc6cd435d5c4245de888a93245016e342381	crates/fs-detaudit/src/lib.rs	19	1462bb7e75514cbc	CURRENT	1	19-19	CURRENT	TM-RA-1
ra:technique:frankensim/deterministic-simulation-testing/a75e9eff	frankensim	eaecbc6cd435d5c4245de888a93245016e342381	crates/fs-detaudit/src/lib.rs	11	aed9b12a5f10d289	CURRENT	1	11-11	CURRENT	TM-RA-1
ra:technique:frankensim/doerfler-marking/4856e32a	frankensim	eaecbc6cd435d5c4245de888a93245016e342381	crates/fs-dwr/src/mark.rs	25	cc6fe8d142078d23	CURRENT	1	25-25	CURRENT	TM-RA-1
ra:technique:frankensim/doerfler-marking/4856e32a	frankensim	eaecbc6cd435d5c4245de888a93245016e342381	crates/fs-dwr/src/mark.rs	1	2f1ee19792b01dd9	CURRENT	1	1-1	CURRENT	TM-RA-1
ra:technique:frankensim/dual-weighted-residual/f3f7f0b5	frankensim	eaecbc6cd435d5c4245de888a93245016e342381	crates/fs-dwr/src/lib.rs	3	4aea29b11f51c8b1	CURRENT	1	3-3	CURRENT	TM-RA-1
ra:technique:frankensim/dual-weighted-residual/f3f7f0b5	frankensim	eaecbc6cd435d5c4245de888a93245016e342381	crates/fs-dwr/src/lib.rs	5	38226191f435a5c2	CURRENT	1	5-5	CURRENT	TM-RA-1
ra:technique:frankensim/e-value/e6c9e0a5	frankensim	eaecbc6cd435d5c4245de888a93245016e342381	crates/fs-eproc/src/lib.rs	142	544098132a11f6d1	CURRENT	1	142-142	CURRENT	TM-RA-1
ra:technique:frankensim/e-value/e6c9e0a5	frankensim	eaecbc6cd435d5c4245de888a93245016e342381	crates/fs-eproc/src/lib.rs	113	fed4bafb348a2392	CURRENT	1	113-113	CURRENT	TM-RA-1
ra:technique:frankensim/e-value/e6c9e0a5	frankensim	eaecbc6cd435d5c4245de888a93245016e342381	crates/fs-eproc/src/lib.rs	14	08805aa312a532c0	CURRENT	1	14-14	CURRENT	TM-RA-1
ra:technique:frankensim/equilibrated-flux-error-bound/f013c851	frankensim	eaecbc6cd435d5c4245de888a93245016e342381	crates/fs-verify/src/estimator.rs	37	5703131477176345	CURRENT	1	37-37	CURRENT	TM-RA-1
ra:technique:frankensim/equilibrated-flux-error-bound/f013c851	frankensim	eaecbc6cd435d5c4245de888a93245016e342381	crates/fs-verify/src/estimator.rs	39	30726c9249ee372b	CURRENT	1	39-39	CURRENT	TM-RA-1
ra:technique:frankensim/equilibrated-flux-error-bound/f013c851	frankensim	eaecbc6cd435d5c4245de888a93245016e342381	crates/fs-verify/src/lib.rs	12	178e7b61ffbd4dbd	CURRENT	1	12-12	CURRENT	TM-RA-1
ra:technique:frankensim/evidence-class-lattice/b2e0a55a	frankensim	eaecbc6cd435d5c4245de888a93245016e342381	crates/fs-evidence/src/color.rs	5	c22395404c4fda37	CURRENT	1	5-5	CURRENT	TM-RA-1
ra:technique:frankensim/evidence-class-lattice/b2e0a55a	frankensim	eaecbc6cd435d5c4245de888a93245016e342381	crates/fs-evidence/src/color.rs	818	f9500ff27dd66c6e	CURRENT	1	818-818	CURRENT	TM-RA-1
ra:technique:frankensim/evidence-class-lattice/b2e0a55a	frankensim	eaecbc6cd435d5c4245de888a93245016e342381	crates/fs-evidence/src/color.rs	29	106922deaa7aa78d	CURRENT	1	29-29	CURRENT	TM-RA-1
ra:technique:frankensim/evidence-class-lattice/b2e0a55a	frankensim	eaecbc6cd435d5c4245de888a93245016e342381	crates/fs-ledger/src/colors.rs	260	e6ba5f024f237934	CURRENT	1	260-260	CURRENT	TM-RA-1
ra:technique:frankensim/featherstone-spatial-algebra/d135119f	frankensim	eaecbc6cd435d5c4245de888a93245016e342381	crates/fs-mbd/src/articulated.rs	6	dde70ce1714e628c	CURRENT	1	6-6	CURRENT	TM-RA-1
ra:technique:frankensim/featherstone-spatial-algebra/d135119f	frankensim	eaecbc6cd435d5c4245de888a93245016e342381	crates/fs-mbd/src/articulated.rs	306	82ebe3716ea09034	CURRENT	1	306-306	CURRENT	TM-RA-1
ra:technique:frankensim/featherstone-spatial-algebra/d135119f	frankensim	eaecbc6cd435d5c4245de888a93245016e342381	crates/fs-mbd/src/articulated.rs	14	c3df0b8b219cc92f	CURRENT	1	14-14	CURRENT	TM-RA-1
ra:technique:frankensim/hodge-decomposition/b67e26c2	frankensim	eaecbc6cd435d5c4245de888a93245016e342381	crates/fs-feec/src/lib.rs	5	45be3dbf0807076b	CURRENT	1	5-5	CURRENT	TM-RA-1
ra:technique:frankensim/hodge-decomposition/b67e26c2	frankensim	eaecbc6cd435d5c4245de888a93245016e342381	crates/fs-feec/src/lib.rs	10	6f1229422d432547	CURRENT	1	10-10	CURRENT	TM-RA-1
ra:technique:frankensim/interval-arithmetic/d4d70ade	frankensim	eaecbc6cd435d5c4245de888a93245016e342381	crates/fs-verify/src/interval.rs	2	b656243270b2ab89	CURRENT	1	2-2	CURRENT	TM-RA-1
ra:technique:frankensim/interval-arithmetic/d4d70ade	frankensim	eaecbc6cd435d5c4245de888a93245016e342381	crates/fs-evidence/src/color.rs	800	5f7a7c8556e66899	CURRENT	1	800-800	CURRENT	TM-RA-1
ra:technique:frankensim/kahan-summation/9e624018	frankensim	eaecbc6cd435d5c4245de888a93245016e342381	crates/fs-exec/src/reduce.rs	80	674faa0a422c3f66	CURRENT	1	80-80	CURRENT	TM-RA-1
ra:technique:frankensim/kahan-summation/9e624018	frankensim	eaecbc6cd435d5c4245de888a93245016e342381	crates/fs-exec/src/reduce.rs	21	74764ba7c0ccc0fa	CURRENT	1	21-21	CURRENT	TM-RA-1
ra:technique:frankensim/krylov-methods/5e2e1a0f	frankensim	eaecbc6cd435d5c4245de888a93245016e342381	crates/fs-exec/src/solver.rs	21	08a30e7165a65094	CURRENT	1	21-21	CURRENT	TM-RA-1
ra:technique:frankensim/libm-implementation/6e40d336	frankensim	eaecbc6cd435d5c4245de888a93245016e342381	crates/fs-math/src/det.rs	51	65ba338e05d36d7e	CURRENT	1	51-51	CURRENT	TM-RA-1
ra:technique:frankensim/libm-implementation/6e40d336	frankensim	eaecbc6cd435d5c4245de888a93245016e342381	crates/fs-math/src/det.rs	52	b7dfea50f645a172	CURRENT	1	52-52	CURRENT	TM-RA-1
ra:technique:frankensim/lipschitz-continuity/f3ae9783	frankensim	eaecbc6cd435d5c4245de888a93245016e342381	crates/fs-contact/src/lib.rs	826	03209abcd8f9b46c	CURRENT	1	826-826	CURRENT	TM-RA-1
ra:technique:frankensim/lipschitz-continuity/f3ae9783	frankensim	eaecbc6cd435d5c4245de888a93245016e342381	crates/fs-contact/src/lib.rs	6	008f7b41bbd095c2	CURRENT	1	6-6	CURRENT	TM-RA-1
ra:technique:frankensim/payne-hanek-reduction/99c2843f	frankensim	eaecbc6cd435d5c4245de888a93245016e342381	crates/fs-math/src/payne.rs	10	78ec0fc659299ab1	CURRENT	1	10-10	CURRENT	TM-RA-1
ra:technique:frankensim/payne-hanek-reduction/99c2843f	frankensim	eaecbc6cd435d5c4245de888a93245016e342381	crates/fs-math/src/payne.rs	20	4b5d5bb3afee0a67	CURRENT	1	20-20	CURRENT	TM-RA-1
ra:technique:frankensim/rm-error-taxonomy/b8849e35	frankensim	eaecbc6cd435d5c4245de888a93245016e342381	crates/fs-mbd/src/articulated.rs	43	6b700e807f5aac3f	CURRENT	1	43-43	CURRENT	TM-RA-1
ra:technique:frankensim/rm-error-taxonomy/b8849e35	frankensim	eaecbc6cd435d5c4245de888a93245016e342381	crates/fs-exec/src/reduce.rs	222	3522b1bd513bc577	CURRENT	1	222-222	CURRENT	TM-RA-1
ra:technique:frankensim/rm-evidence-receipts/8b54fee6	frankensim	eaecbc6cd435d5c4245de888a93245016e342381	crates/fs-cli/src/solve/report_stage.rs	363	3a5f2ed0340c49d4	CURRENT	1	363-363	CURRENT	TM-RA-1
ra:technique:frankensim/rm-unsafe-discipline/141010f9	frankensim	eaecbc6cd435d5c4245de888a93245016e342381	crates/fs-mbd/src/lib.rs	18	9055b8120cf74101	CURRENT	1	18-18	CURRENT	TM-RA-1
ra:technique:frankensim/rm-unsafe-discipline/141010f9	frankensim	eaecbc6cd435d5c4245de888a93245016e342381	crates/fs-alloc/src/lib.rs	33	e48473ddc0d46c77	CURRENT	1	33-33	CURRENT	TM-RA-1
ra:technique:frankensim/rng-algorithms/45358f91	frankensim	eaecbc6cd435d5c4245de888a93245016e342381	crates/fs-rand/src/lib.rs	6	11ced86021fe31d6	CURRENT	1	6-6	CURRENT	TM-RA-1
ra:technique:frankensim/rng-algorithms/45358f91	frankensim	eaecbc6cd435d5c4245de888a93245016e342381	crates/fs-rand/src/lib.rs	12	c842981290523063	CURRENT	1	12-12	CURRENT	TM-RA-1
ra:technique:frankensim/structured-concurrency/35d022bc	frankensim	eaecbc6cd435d5c4245de888a93245016e342381	crates/fs-verify/src/estimator.rs	31	fdab740add9a8eff	CURRENT	1	31-31	CURRENT	TM-RA-1
ra:technique:frankensim/symplectic-integrators/2ed20b20	frankensim	eaecbc6cd435d5c4245de888a93245016e342381	crates/fs-flyer/src/spine.rs	20	f3c0762b87904bff	CURRENT	1	20-20	CURRENT	TM-RA-1
ra:technique:frankensim/symplectic-integrators/2ed20b20	frankensim	eaecbc6cd435d5c4245de888a93245016e342381	crates/fs-flyer/tests/spine_battery.rs	107	7e41dd10c2b124d1	CURRENT	1	107-107	CURRENT	TM-RA-1
ra:technique:frankensim/symplectic-integrators/2ed20b20	frankensim	eaecbc6cd435d5c4245de888a93245016e342381	crates/fs-flyer/src/spine.rs	6	438758d326712f64	CURRENT	1	6-6	CURRENT	TM-RA-1
ra:technique:frankensim/twosum-fma/6a24c3c2	frankensim	eaecbc6cd435d5c4245de888a93245016e342381	crates/fs-math/src/lib.rs	14	ae58cfb67f187395	CURRENT	1	14-14	CURRENT	TM-RA-1
ra:technique:frankensim/ulp-float-semantics/63dc27e9	frankensim	eaecbc6cd435d5c4245de888a93245016e342381	crates/fs-math/src/lib.rs	46	79c2ca6f349b9149	CURRENT	1	46-46	CURRENT	TM-RA-1
ra:technique:frankensim/ulp-float-semantics/63dc27e9	frankensim	eaecbc6cd435d5c4245de888a93245016e342381	crates/fs-math/src/det.rs	31	6dd0eeab2a72fa72	CURRENT	1	31-31	CURRENT	TM-RA-1
ra:technique:frankensim/ulp-float-semantics/63dc27e9	frankensim	eaecbc6cd435d5c4245de888a93245016e342381	crates/fs-math/src/lib.rs	18	204b5d0831e63a18	CURRENT	1	18-18	CURRENT	TM-RA-1
ra:technique:frankensqlite/bocpd-run-length/94acf669	frankensqlite	29e2f9f8a1428e4e48fc6e58cfdcb6e152ce0b75	crates/fsqlite-mvcc/src/bocpd.rs	1	4b65ca46a9bf0c9e	CURRENT	1	1-1	CURRENT	TM-RA-1
ra:technique:frankensqlite/bocpd-run-length/94acf669	frankensqlite	29e2f9f8a1428e4e48fc6e58cfdcb6e152ce0b75	crates/fsqlite-mvcc/src/bocpd.rs	16	ff290f09bf975095	CURRENT	1	16-16	CURRENT	TM-RA-1
ra:technique:frankensqlite/btree/8a8940a6	frankensqlite	29e2f9f8a1428e4e48fc6e58cfdcb6e152ce0b75	crates/fsqlite-btree/src/balance.rs	31	f168f4acb5940275	CURRENT	1	31-31	CURRENT	TM-RA-1
ra:technique:frankensqlite/btree/8a8940a6	frankensqlite	29e2f9f8a1428e4e48fc6e58cfdcb6e152ce0b75	crates/fsqlite-btree/src/btree_invariant_tests.rs	58	697961e302978495	CURRENT	1	58-58	CURRENT	TM-RA-1
ra:technique:frankensqlite/btree/8a8940a6	frankensqlite	29e2f9f8a1428e4e48fc6e58cfdcb6e152ce0b75	crates/fsqlite-btree/src/cell.rs	42	042c2801130c719f	CURRENT	1	42-42	CURRENT	TM-RA-1
ra:technique:frankensqlite/btree/8a8940a6	frankensqlite	29e2f9f8a1428e4e48fc6e58cfdcb6e152ce0b75	crates/fsqlite-btree/src/freelist.rs	28	6e989b5d10f87ea8	CURRENT	1	28-28	CURRENT	TM-RA-1
ra:technique:frankensqlite/cache-replacement/186c6e07	frankensqlite	29e2f9f8a1428e4e48fc6e58cfdcb6e152ce0b75	crates/fsqlite-pager/src/arc_cache.rs	10	0ad06636b7fb7315	CURRENT	1	10-10	CURRENT	TM-RA-1
ra:technique:frankensqlite/cache-replacement/186c6e07	frankensqlite	29e2f9f8a1428e4e48fc6e58cfdcb6e152ce0b75	crates/fsqlite-pager/src/arc_cache.rs	11	449a5707839b7bd3	CURRENT	1	11-11	CURRENT	TM-RA-1
ra:technique:frankensqlite/cache-replacement/186c6e07	frankensqlite	29e2f9f8a1428e4e48fc6e58cfdcb6e152ce0b75	crates/fsqlite-btree/src/btree_invariant_tests.rs	420	d41b44d85568d40d	CURRENT	1	420-420	CURRENT	TM-RA-1
ra:technique:frankensqlite/conformal-prediction/7f5e65b8	frankensqlite	29e2f9f8a1428e4e48fc6e58cfdcb6e152ce0b75	crates/fsqlite-core/src/connection/conformal_retry.rs	3	b312b31488025029	CURRENT	1	3-3	CURRENT	TM-RA-1
ra:technique:frankensqlite/conformal-prediction/7f5e65b8	frankensqlite	29e2f9f8a1428e4e48fc6e58cfdcb6e152ce0b75	crates/fsqlite-core/src/connection/conformal_retry.rs	17	94aa3ee5679e7636	CURRENT	1	17-17	CURRENT	TM-RA-1
ra:technique:frankensqlite/conformal-prediction/7f5e65b8	frankensqlite	29e2f9f8a1428e4e48fc6e58cfdcb6e152ce0b75	crates/fsqlite-mvcc/src/conformal_martingale.rs	5	170f29e27d4877b7	CURRENT	1	5-5	CURRENT	TM-RA-1
ra:technique:frankensqlite/cryptographic-primitives/fbb7f842	frankensqlite	29e2f9f8a1428e4e48fc6e58cfdcb6e152ce0b75	crates/fsqlite-pager/src/encrypt.rs	1	a5ab4b4b7f1edc86	CURRENT	1	1-1	CURRENT	TM-RA-1
ra:technique:frankensqlite/cryptographic-primitives/fbb7f842	frankensqlite	29e2f9f8a1428e4e48fc6e58cfdcb6e152ce0b75	crates/fsqlite-pager/src/encrypt.rs	7	e0f3f93626d79709	CURRENT	1	7-7	CURRENT	TM-RA-1
ra:technique:frankensqlite/cryptographic-primitives/fbb7f842	frankensqlite	29e2f9f8a1428e4e48fc6e58cfdcb6e152ce0b75	crates/fsqlite-wal/src/checksum.rs	34	2043bbbb3dd899c7	CURRENT	1	34-34	CURRENT	TM-RA-1
ra:technique:frankensqlite/differential-privacy/66a92923	frankensqlite	29e2f9f8a1428e4e48fc6e58cfdcb6e152ce0b75	crates/fsqlite-mvcc/src/differential_privacy.rs	19	41a193564b238104	CURRENT	1	19-19	CURRENT	TM-RA-1
ra:technique:frankensqlite/differential-privacy/66a92923	frankensqlite	29e2f9f8a1428e4e48fc6e58cfdcb6e152ce0b75	crates/fsqlite-mvcc/src/differential_privacy.rs	20	6dba978338a48059	CURRENT	1	20-20	CURRENT	TM-RA-1
ra:technique:frankensqlite/epoch-group-commit/71fd09f9	frankensqlite	29e2f9f8a1428e4e48fc6e58cfdcb6e152ce0b75	crates/fsqlite-mvcc/src/silo_epoch.rs	18	68cbfc03b4a9f2e3	CURRENT	1	18-18	CURRENT	TM-RA-1
ra:technique:frankensqlite/first-committer-wins/546d3daf	frankensqlite	29e2f9f8a1428e4e48fc6e58cfdcb6e152ce0b75	crates/fsqlite-core/src/commit_repair.rs	1368	49478182740954c2	CURRENT	1	1368-1368	CURRENT	TM-RA-1
ra:technique:frankensqlite/first-committer-wins/546d3daf	frankensqlite	29e2f9f8a1428e4e48fc6e58cfdcb6e152ce0b75	crates/fsqlite-core/src/commit_repair.rs	1377	4c215385f64f7f5f	CURRENT	1	1377-1377	CURRENT	TM-RA-1
ra:technique:frankensqlite/lock-free-structures/d6aa3542	frankensqlite	29e2f9f8a1428e4e48fc6e58cfdcb6e152ce0b75	crates/fsqlite-mvcc/src/flat_combining.rs	6	f03544fa58cc0e7f	CURRENT	1	6-6	CURRENT	TM-RA-1
ra:technique:frankensqlite/lock-free-structures/d6aa3542	frankensqlite	29e2f9f8a1428e4e48fc6e58cfdcb6e152ce0b75	crates/fsqlite-mvcc/src/invariants.rs	65	136f3aeb55fa2413	CURRENT	1	65-65	CURRENT	TM-RA-1
ra:technique:frankensqlite/lock-free-structures/d6aa3542	frankensqlite	29e2f9f8a1428e4e48fc6e58cfdcb6e152ce0b75	crates/fsqlite-mvcc/src/htm_fast_path.rs	3	7ff2549b394a7458	CURRENT	1	3-3	CURRENT	TM-RA-1
ra:technique:frankensqlite/mazurkiewicz-trace-monoid/e51edde5	frankensqlite	29e2f9f8a1428e4e48fc6e58cfdcb6e152ce0b75	crates/fsqlite-mvcc/src/history_compression.rs	11	1c83e43685439169	CURRENT	1	11-11	CURRENT	TM-RA-1
ra:technique:frankensqlite/mazurkiewicz-trace-monoid/e51edde5	frankensqlite	29e2f9f8a1428e4e48fc6e58cfdcb6e152ce0b75	crates/fsqlite-mvcc/src/history_compression.rs	14	9883cc0946b1f950	CURRENT	1	14-14	CURRENT	TM-RA-1
ra:technique:frankensqlite/memory-model-atomics/1a4bb573	frankensqlite	29e2f9f8a1428e4e48fc6e58cfdcb6e152ce0b75	crates/fsqlite-mvcc/src/invariants.rs	1790	58624c3475e53eb8	CURRENT	1	1790-1790	CURRENT	TM-RA-1
ra:technique:frankensqlite/memory-model-atomics/1a4bb573	frankensqlite	29e2f9f8a1428e4e48fc6e58cfdcb6e152ce0b75	crates/fsqlite-mvcc/src/invariants.rs	1833	4c6bf567d6c5c3e6	CURRENT	1	1833-1833	CURRENT	TM-RA-1
ra:technique:frankensqlite/memory-model-atomics/1a4bb573	frankensqlite	29e2f9f8a1428e4e48fc6e58cfdcb6e152ce0b75	crates/fsqlite-mvcc/src/seqlock.rs	16	540b211a7c91757e	CURRENT	1	16-16	CURRENT	TM-RA-1
ra:technique:frankensqlite/memory-model-atomics/1a4bb573	frankensqlite	29e2f9f8a1428e4e48fc6e58cfdcb6e152ce0b75	crates/fsqlite-mvcc/src/left_right.rs	3	7161b459c1bcb01f	CURRENT	1	3-3	CURRENT	TM-RA-1
ra:technique:frankensqlite/memory-reclamation/8e2710b7	frankensqlite	29e2f9f8a1428e4e48fc6e58cfdcb6e152ce0b75	crates/fsqlite-mvcc/src/ebr.rs	3	0e7bc88003149d9d	CURRENT	1	3-3	CURRENT	TM-RA-1
ra:technique:frankensqlite/memory-reclamation/8e2710b7	frankensqlite	29e2f9f8a1428e4e48fc6e58cfdcb6e152ce0b75	crates/fsqlite-pager/src/arc_cache.rs	736	b9ec5666616c2e82	CURRENT	1	736-736	CURRENT	TM-RA-1
ra:technique:frankensqlite/memory-reclamation/8e2710b7	frankensqlite	29e2f9f8a1428e4e48fc6e58cfdcb6e152ce0b75	crates/fsqlite-mvcc/src/cell_visibility.rs	291	2a85a3cfefbe7436	CURRENT	1	291-291	CURRENT	TM-RA-1
ra:technique:frankensqlite/mvcc/1df51efc	frankensqlite	29e2f9f8a1428e4e48fc6e58cfdcb6e152ce0b75	crates/fsqlite-mvcc/src/invariants.rs	217	07155ff5ecb90a20	CURRENT	1	217-217	CURRENT	TM-RA-1
ra:technique:frankensqlite/mvcc/1df51efc	frankensqlite	29e2f9f8a1428e4e48fc6e58cfdcb6e152ce0b75	crates/fsqlite-mvcc/src/invariants.rs	218	f129334205cc0524	CURRENT	1	218-218	CURRENT	TM-RA-1
ra:technique:frankensqlite/mvcc/1df51efc	frankensqlite	29e2f9f8a1428e4e48fc6e58cfdcb6e152ce0b75	crates/fsqlite-mvcc/src/cell_visibility.rs	269	3837005bcdfea39d	CURRENT	1	269-269	CURRENT	TM-RA-1
ra:technique:frankensqlite/mvcc/1df51efc	frankensqlite	29e2f9f8a1428e4e48fc6e58cfdcb6e152ce0b75	crates/fsqlite-pager/src/arc_cache.rs	706	24e109d02b941ab4	CURRENT	1	706-706	CURRENT	TM-RA-1
ra:technique:frankensqlite/mvcc/1df51efc	frankensqlite	29e2f9f8a1428e4e48fc6e58cfdcb6e152ce0b75	crates/fsqlite-mvcc/src/cell_visibility.rs	3618	e6c3088fd145aefc	CURRENT	1	3618-3618	CURRENT	TM-RA-1
ra:technique:frankensqlite/query-optimization/362b10c3	frankensqlite	29e2f9f8a1428e4e48fc6e58cfdcb6e152ce0b75	crates/fsqlite-btree/src/cracking.rs	3	ef20318b5499b88d	CURRENT	1	3-3	CURRENT	TM-RA-1
ra:technique:frankensqlite/query-optimization/362b10c3	frankensqlite	29e2f9f8a1428e4e48fc6e58cfdcb6e152ce0b75	crates/fsqlite-btree/src/learned_index.rs	4	77a3e78b40a30665	CURRENT	1	4-4	CURRENT	TM-RA-1
ra:technique:frankensqlite/raptorq-fountain/b466bdf7	frankensqlite	29e2f9f8a1428e4e48fc6e58cfdcb6e152ce0b75	crates/fsqlite-wal/src/wal_fec.rs	7	a7efd32acc55ee39	CURRENT	1	7-7	CURRENT	TM-RA-1
ra:technique:frankensqlite/raptorq-fountain/b466bdf7	frankensqlite	29e2f9f8a1428e4e48fc6e58cfdcb6e152ce0b75	crates/fsqlite-core/src/decode_proofs.rs	3	c509767ca1a10cda	CURRENT	1	3-3	CURRENT	TM-RA-1
ra:technique:frankensqlite/raptorq-fountain/b466bdf7	frankensqlite	29e2f9f8a1428e4e48fc6e58cfdcb6e152ce0b75	crates/fsqlite-core/src/repair_engine.rs	10	6c6d6e57f4692c65	CURRENT	1	10-10	CURRENT	TM-RA-1
ra:technique:frankensqlite/raptorq-fountain/b466bdf7	frankensqlite	29e2f9f8a1428e4e48fc6e58cfdcb6e152ce0b75	crates/fsqlite-harness/tests/rfc6330_conformance_verification.rs	10	a23f9e846fb8640b	CURRENT	1	10-10	CURRENT	TM-RA-1
ra:technique:frankensqlite/reed-solomon-erasure/ac01ba15	frankensqlite	29e2f9f8a1428e4e48fc6e58cfdcb6e152ce0b75	crates/fsqlite-harness/tests/rfc6330_conformance_verification.rs	34	f5c599a38f7db140	CURRENT	1	34-34	CURRENT	TM-RA-1
ra:technique:frankensqlite/reed-solomon-erasure/ac01ba15	frankensqlite	29e2f9f8a1428e4e48fc6e58cfdcb6e152ce0b75	crates/fsqlite-harness/tests/rfc6330_conformance_verification.rs	35	dc22b06bbd9bf0d8	CURRENT	1	35-35	CURRENT	TM-RA-1
ra:technique:frankensqlite/rm-crash-injection/7b43d239	frankensqlite	29e2f9f8a1428e4e48fc6e58cfdcb6e152ce0b75	crates/fsqlite-harness/src/fault_vfs.rs	17	d6ad2f6fb24aa557	CURRENT	1	17-17	CURRENT	TM-RA-1
ra:technique:frankensqlite/rm-crash-injection/7b43d239	frankensqlite	29e2f9f8a1428e4e48fc6e58cfdcb6e152ce0b75	crates/fsqlite-harness/src/crash_recovery_parity.rs	3	45c316822ee7e248	CURRENT	1	3-3	CURRENT	TM-RA-1
ra:technique:frankensqlite/rm-crash-injection/7b43d239	frankensqlite	29e2f9f8a1428e4e48fc6e58cfdcb6e152ce0b75	crates/fsqlite-harness/src/durability_matrix.rs	24	60e8b2f9350cd811	CURRENT	1	24-24	CURRENT	TM-RA-1
ra:technique:frankensqlite/rm-differential-oracle/69b8d8b8	frankensqlite	29e2f9f8a1428e4e48fc6e58cfdcb6e152ce0b75	crates/fsqlite-harness/src/oracle.rs	4	a0ce27cee9b520cc	CURRENT	1	4-4	CURRENT	TM-RA-1
ra:technique:frankensqlite/rm-differential-oracle/69b8d8b8	frankensqlite	29e2f9f8a1428e4e48fc6e58cfdcb6e152ce0b75	crates/fsqlite-harness/src/oracle.rs	39	b5c98a5898edaaec	CURRENT	1	39-39	CURRENT	TM-RA-1
ra:technique:frankensqlite/rm-differential-oracle/69b8d8b8	frankensqlite	29e2f9f8a1428e4e48fc6e58cfdcb6e152ce0b75	crates/fsqlite-harness/src/differential_v2.rs	23	b1a2b7d34b5514c0	CURRENT	1	23-23	CURRENT	TM-RA-1
ra:technique:frankensqlite/rm-evidence-receipts/dbcb4cb5	frankensqlite	29e2f9f8a1428e4e48fc6e58cfdcb6e152ce0b75	crates/fsqlite-core/src/decode_proofs.rs	453	558e823de0c096ba	CURRENT	1	453-453	CURRENT	TM-RA-1
ra:technique:frankensqlite/rm-evidence-receipts/dbcb4cb5	frankensqlite	29e2f9f8a1428e4e48fc6e58cfdcb6e152ce0b75	crates/fsqlite-mvcc/src/ssi_validation.rs	77	0f20a1383c70c070	CURRENT	1	77-77	CURRENT	TM-RA-1
ra:technique:frankensqlite/rm-evidence-receipts/dbcb4cb5	frankensqlite	29e2f9f8a1428e4e48fc6e58cfdcb6e152ce0b75	crates/fsqlite-harness/src/isomorphism_proof.rs	3	bebae5e47cc2bf47	CURRENT	1	3-3	CURRENT	TM-RA-1
ra:technique:frankensqlite/rm-property-testing/bc4b9224	frankensqlite	29e2f9f8a1428e4e48fc6e58cfdcb6e152ce0b75	crates/fsqlite-harness/src/ci_coverage_gate.rs	1265	0fdafc5455f61ebd	CURRENT	1	1265-1265	CURRENT	TM-RA-1
ra:technique:frankensqlite/rm-property-testing/bc4b9224	frankensqlite	29e2f9f8a1428e4e48fc6e58cfdcb6e152ce0b75	crates/fsqlite-mvcc/src/cell_visibility.rs	3611	67dd85fa34269cb3	CURRENT	1	3611-3611	CURRENT	TM-RA-1
ra:technique:frankensqlite/rm-unsafe-discipline/e4351b91	frankensqlite	29e2f9f8a1428e4e48fc6e58cfdcb6e152ce0b75	Cargo.toml	48	f0a233f15ff4aa2c	CURRENT	1	48-48	CURRENT	TM-RA-1
ra:technique:frankensqlite/rm-unsafe-discipline/e4351b91	frankensqlite	29e2f9f8a1428e4e48fc6e58cfdcb6e152ce0b75	Cargo.toml	51	766aa2697a3e872c	CURRENT	1	51-51	CURRENT	TM-RA-1
ra:technique:frankensqlite/serializability-isolation/c7f08d14	frankensqlite	29e2f9f8a1428e4e48fc6e58cfdcb6e152ce0b75	crates/fsqlite-mvcc/src/ssi_validation.rs	328	732934b20bc076a5	CURRENT	1	328-328	CURRENT	TM-RA-1
ra:technique:frankensqlite/serializability-isolation/c7f08d14	frankensqlite	29e2f9f8a1428e4e48fc6e58cfdcb6e152ce0b75	crates/fsqlite-mvcc/src/ssi_validation.rs	329	84a8bbbfc6063505	CURRENT	1	329-329	CURRENT	TM-RA-1
ra:technique:frankensqlite/serializability-isolation/c7f08d14	frankensqlite	29e2f9f8a1428e4e48fc6e58cfdcb6e152ce0b75	crates/fsqlite-mvcc/src/ssi_validation.rs	990	e3a8ef87c4383790	CURRENT	1	990-990	CURRENT	TM-RA-1
ra:technique:frankensqlite/serializability-isolation/c7f08d14	frankensqlite	29e2f9f8a1428e4e48fc6e58cfdcb6e152ce0b75	crates/fsqlite-harness/src/serializability_oracle.rs	3	127959a8244f109a	CURRENT	1	3-3	CURRENT	TM-RA-1
ra:technique:frankensqlite/serializability-isolation/c7f08d14	frankensqlite	29e2f9f8a1428e4e48fc6e58cfdcb6e152ce0b75	crates/fsqlite-harness/src/serializability_oracle.rs	654	5c6f0cb3eb3993f2	CURRENT	1	654-654	CURRENT	TM-RA-1
ra:technique:frankensqlite/submodular-greedy-maximization/54214c13	frankensqlite	29e2f9f8a1428e4e48fc6e58cfdcb6e152ce0b75	crates/fsqlite-pager/src/submodular_prefetch.rs	24	ec6957addd7bec63	CURRENT	1	24-24	CURRENT	TM-RA-1
ra:technique:frankensqlite/submodular-greedy-maximization/54214c13	frankensqlite	29e2f9f8a1428e4e48fc6e58cfdcb6e152ce0b75	crates/fsqlite-pager/src/pager.rs	19427	ddbd73d1eccff9e4	CURRENT	1	19427-19427	CURRENT	TM-RA-1
ra:technique:frankensqlite/thompson-sampling/53e47441	frankensqlite	29e2f9f8a1428e4e48fc6e58cfdcb6e152ce0b75	crates/fsqlite-pager/src/thompson_partitioner.rs	3	1153afd16bddbf7b	CURRENT	1	3-3	CURRENT	TM-RA-1
ra:technique:frankensqlite/thompson-sampling/53e47441	frankensqlite	29e2f9f8a1428e4e48fc6e58cfdcb6e152ce0b75	crates/fsqlite-pager/src/page_cache.rs	649	da57c11a2c866d41	CURRENT	1	649-649	CURRENT	TM-RA-1
ra:technique:frankensqlite/tropical-padic/76b55226	frankensqlite	29e2f9f8a1428e4e48fc6e58cfdcb6e152ce0b75	crates/fsqlite-mvcc/src/sheaf_conformal.rs	3	3e76ebf2467d14bb	CURRENT	1	3-3	CURRENT	TM-RA-1
ra:technique:frankensqlite/tropical-padic/76b55226	frankensqlite	29e2f9f8a1428e4e48fc6e58cfdcb6e152ce0b75	crates/fsqlite-mvcc/src/sheaf_conformal.rs	4	a8cebc5b5e667ff0	CURRENT	1	4-4	CURRENT	TM-RA-1
ra:technique:frankensqlite/ville-inequality/2ffbc045	frankensqlite	29e2f9f8a1428e4e48fc6e58cfdcb6e152ce0b75	crates/fsqlite-mvcc/src/ssi_eprocess_gate.rs	41	17b114adcfad1d7a	CURRENT	1	41-41	CURRENT	TM-RA-1
ra:technique:frankensqlite/ville-inequality/2ffbc045	frankensqlite	29e2f9f8a1428e4e48fc6e58cfdcb6e152ce0b75	crates/fsqlite-mvcc/src/ssi_eprocess_gate.rs	72	50773e60d01c8082	CURRENT	1	72-72	CURRENT	TM-RA-1
ra:technique:frankensqlite/ville-inequality/2ffbc045	frankensqlite	29e2f9f8a1428e4e48fc6e58cfdcb6e152ce0b75	crates/fsqlite-pager/src/evalue_eviction.rs	16	0dc770c062567d8e	CURRENT	1	16-16	CURRENT	TM-RA-1
ra:technique:frankensqlite/ville-inequality/2ffbc045	frankensqlite	29e2f9f8a1428e4e48fc6e58cfdcb6e152ce0b75	crates/fsqlite-pager/src/evalue_eviction.rs	21	0ebdd805220528da	CURRENT	1	21-21	CURRENT	TM-RA-1
ra:technique:frankensqlite/wal-aries/a6c3b461	frankensqlite	29e2f9f8a1428e4e48fc6e58cfdcb6e152ce0b75	crates/fsqlite-wal/src/wal.rs	1556	3eeb0f5eaf027300	CURRENT	1	1556-1556	CURRENT	TM-RA-1
ra:technique:frankensqlite/wal-aries/a6c3b461	frankensqlite	29e2f9f8a1428e4e48fc6e58cfdcb6e152ce0b75	crates/fsqlite-wal/src/wal.rs	1567	1f90f1350193e7b4	CURRENT	1	1567-1567	CURRENT	TM-RA-1
ra:technique:frankensqlite/wal-aries/a6c3b461	frankensqlite	29e2f9f8a1428e4e48fc6e58cfdcb6e152ce0b75	crates/fsqlite-wal/src/wal.rs	4883	a2410552c9c24f18	CURRENT	1	4883-4883	CURRENT	TM-RA-1
ra:technique:frankensqlite/wal-aries/a6c3b461	frankensqlite	29e2f9f8a1428e4e48fc6e58cfdcb6e152ce0b75	crates/fsqlite-harness/src/fault_vfs.rs	6	5449cd925356fdf3	CURRENT	1	6-6	CURRENT	TM-RA-1
ra:technique:frankensqlite/wal-rolling-checksum/aee92edd	frankensqlite	29e2f9f8a1428e4e48fc6e58cfdcb6e152ce0b75	crates/fsqlite-wal/src/checksum.rs	1563	6069253383912cb1	CURRENT	1	1563-1563	CURRENT	TM-RA-1
ra:technique:frankensqlite/wal-rolling-checksum/aee92edd	frankensqlite	29e2f9f8a1428e4e48fc6e58cfdcb6e152ce0b75	crates/fsqlite-wal/src/checksum.rs	1564	8132a60a7a9f90d4	CURRENT	1	1564-1564	CURRENT	TM-RA-1
ra:technique:frankensqlite/wal-rolling-checksum/aee92edd	frankensqlite	29e2f9f8a1428e4e48fc6e58cfdcb6e152ce0b75	crates/fsqlite-wal/src/checksum.rs	47	ef619df6a556b646	CURRENT	1	47-47	CURRENT	TM-RA-1
ra:technique:frankensqlite/wspt-smith-rule/346fbace	frankensqlite	29e2f9f8a1428e4e48fc6e58cfdcb6e152ce0b75	crates/fsqlite-mvcc/src/stackelberg_coordinator.rs	3	b25b289248926b25	CURRENT	1	3-3	CURRENT	TM-RA-1
ra:technique:frankensqlite/wspt-smith-rule/346fbace	frankensqlite	29e2f9f8a1428e4e48fc6e58cfdcb6e152ce0b75	crates/fsqlite-mvcc/src/stackelberg_coordinator.rs	11	5d1bbaf5f757e6c9	CURRENT	1	11-11	CURRENT	TM-RA-1
ra:technique:frankensympy/bezout-identity-certificate/d67d1515	frankensympy	95b19c9856b12424aee34a2c21c8b746b6d547b1	crates/fsym-polys/src/gcd.rs	25	297f89c12c91bdaa	CURRENT	1	25-25	CURRENT	TM-RA-1
ra:technique:frankensympy/bezout-identity-certificate/d67d1515	frankensympy	95b19c9856b12424aee34a2c21c8b746b6d547b1	crates/fsym-polys/src/gcd.rs	14	7375f711254744c3	CURRENT	1	14-14	CURRENT	TM-RA-1
ra:technique:frankensympy/cholesky/d422c009	frankensympy	95b19c9856b12424aee34a2c21c8b746b6d547b1	crates/fsym-matrices/src/lib.rs	1513	e9371f71ff4ddb84	CURRENT	1	1513-1513	CURRENT	TM-RA-1
ra:technique:frankensympy/cholesky/d422c009	frankensympy	95b19c9856b12424aee34a2c21c8b746b6d547b1	crates/fsym-matrices/src/lib.rs	1527	ffeb2b199e7688a0	CURRENT	1	1527-1527	CURRENT	TM-RA-1
ra:technique:frankensympy/compiler-ir-ssa/e3d3846f	frankensympy	95b19c9856b12424aee34a2c21c8b746b6d547b1	crates/fsym-core/src/dag.rs	816	d0b942d1cff3dadc	CURRENT	1	816-816	CURRENT	TM-RA-1
ra:technique:frankensympy/compiler-ir-ssa/e3d3846f	frankensympy	95b19c9856b12424aee34a2c21c8b746b6d547b1	crates/fsym-core/src/dag.rs	24	1849b9aa1b3262b2	CURRENT	1	24-24	CURRENT	TM-RA-1
ra:technique:frankensympy/evidence-class-lattice/17cc3e19	frankensympy	95b19c9856b12424aee34a2c21c8b746b6d547b1	crates/fsym-outcome/src/lib.rs	25	fc7d0e68d654c1ef	CURRENT	1	25-25	CURRENT	TM-RA-1
ra:technique:frankensympy/evidence-class-lattice/17cc3e19	frankensympy	95b19c9856b12424aee34a2c21c8b746b6d547b1	crates/fsym-outcome/src/lib.rs	37	d11fb34f6434d296	CURRENT	1	37-37	CURRENT	TM-RA-1
ra:technique:frankensympy/evidence-class-lattice/17cc3e19	frankensympy	95b19c9856b12424aee34a2c21c8b746b6d547b1	crates/fsym-outcome/src/lib.rs	62	a74fd17775c5dd9b	CURRENT	1	62-62	CURRENT	TM-RA-1
ra:technique:frankensympy/fft/5358c817	frankensympy	95b19c9856b12424aee34a2c21c8b746b6d547b1	crates/fsym-bigint/src/ntt.rs	17	906a44b40e38133a	CURRENT	1	17-17	CURRENT	TM-RA-1
ra:technique:frankensympy/fft/5358c817	frankensympy	95b19c9856b12424aee34a2c21c8b746b6d547b1	crates/fsym-bigint/src/ntt.rs	22	2d2605500764fe1f	CURRENT	1	22-22	CURRENT	TM-RA-1
ra:technique:frankensympy/fft/5358c817	frankensympy	95b19c9856b12424aee34a2c21c8b746b6d547b1	crates/fsym-bigint/src/ntt.rs	12	abff9ca9d90003c0	CURRENT	1	12-12	CURRENT	TM-RA-1
ra:technique:frankensympy/fixed-point-arithmetic/9d2c8a7e	frankensympy	95b19c9856b12424aee34a2c21c8b746b6d547b1	crates/fsym-bigint/src/lib.rs	20	948a7bc3ed49fd9f	CURRENT	1	20-20	CURRENT	TM-RA-1
ra:technique:frankensympy/fixed-point-arithmetic/9d2c8a7e	frankensympy	95b19c9856b12424aee34a2c21c8b746b6d547b1	crates/fsym-bigint/src/lib.rs	271	e306efdf94aafc5a	CURRENT	1	271-271	CURRENT	TM-RA-1
ra:technique:frankensympy/fixed-point-arithmetic/9d2c8a7e	frankensympy	95b19c9856b12424aee34a2c21c8b746b6d547b1	crates/fsym-bigint/src/lib.rs	281	d5e2f66ac84eba79	CURRENT	1	281-281	CURRENT	TM-RA-1
ra:technique:frankensympy/graph-algorithms-core/f22fdaf2	frankensympy	95b19c9856b12424aee34a2c21c8b746b6d547b1	crates/fsym-runtime/src/graph_index.rs	11	08754050e5802bbb	CURRENT	1	11-11	CURRENT	TM-RA-1
ra:technique:frankensympy/horner-estrin/46a6dc18	frankensympy	95b19c9856b12424aee34a2c21c8b746b6d547b1	crates/fsym-polys/src/univariate.rs	216	6e24b9808080c83f	CURRENT	1	216-216	CURRENT	TM-RA-1
ra:technique:frankensympy/horner-estrin/46a6dc18	frankensympy	95b19c9856b12424aee34a2c21c8b746b6d547b1	crates/fsym-matrices/src/lib.rs	1045	b7320987cd527771	CURRENT	1	1045-1045	CURRENT	TM-RA-1
ra:technique:frankensympy/independent-cross-check/d17bf4fd	frankensympy	95b19c9856b12424aee34a2c21c8b746b6d547b1	crates/fsym-proof-kernel/src/kernel.rs	1794	09386acbabe6bf30	CURRENT	1	1794-1794	CURRENT	TM-RA-1
ra:technique:frankensympy/independent-cross-check/d17bf4fd	frankensympy	95b19c9856b12424aee34a2c21c8b746b6d547b1	crates/fsym-proof-kernel/src/kernel.rs	1804	f6784868a4923620	CURRENT	1	1804-1804	CURRENT	TM-RA-1
ra:technique:frankensympy/independent-cross-check/d17bf4fd	frankensympy	95b19c9856b12424aee34a2c21c8b746b6d547b1	crates/fsym-proof-kernel/src/kernel.rs	1394	ddbd62ef598f430a	CURRENT	1	1394-1394	CURRENT	TM-RA-1
ra:technique:frankensympy/interval-arithmetic/2cd58c45	frankensympy	95b19c9856b12424aee34a2c21c8b746b6d547b1	crates/fsym-core/src/ball.rs	3	acbd407cd18069e2	CURRENT	1	3-3	CURRENT	TM-RA-1
ra:technique:frankensympy/interval-arithmetic/2cd58c45	frankensympy	95b19c9856b12424aee34a2c21c8b746b6d547b1	crates/fsym-core/src/ball.rs	39	fac6e6415c44ebc5	CURRENT	1	39-39	CURRENT	TM-RA-1
ra:technique:frankensympy/merkle-tree/2b56de70	frankensympy	95b19c9856b12424aee34a2c21c8b746b6d547b1	crates/fsym-core/src/dag.rs	191	0fe956e3ba4568b5	CURRENT	1	191-191	CURRENT	TM-RA-1
ra:technique:frankensympy/merkle-tree/2b56de70	frankensympy	95b19c9856b12424aee34a2c21c8b746b6d547b1	crates/fsym-runtime/src/workspace.rs	28	29d7519ce521f369	CURRENT	1	28-28	CURRENT	TM-RA-1
ra:technique:frankensympy/multidimensional-resource-budget/be42e6f4	frankensympy	95b19c9856b12424aee34a2c21c8b746b6d547b1	crates/fsym-budget/src/lib.rs	12	7af6b17e41759bfa	CURRENT	1	12-12	CURRENT	TM-RA-1
ra:technique:frankensympy/multidimensional-resource-budget/be42e6f4	frankensympy	95b19c9856b12424aee34a2c21c8b746b6d547b1	crates/fsym-budget/src/lib.rs	20	eb755a227d7001a9	CURRENT	1	20-20	CURRENT	TM-RA-1
ra:technique:frankensympy/multidimensional-resource-budget/be42e6f4	frankensympy	95b19c9856b12424aee34a2c21c8b746b6d547b1	crates/fsym-budget/src/lib.rs	18	5274e58ac2bbce5f	CURRENT	1	18-18	CURRENT	TM-RA-1
ra:technique:frankensympy/p-de-bruijn/acbafa92	frankensympy	95b19c9856b12424aee34a2c21c8b746b6d547b1	crates/fsym-core/src/dag.rs	8	df6754b60e16ec67	CURRENT	1	8-8	CURRENT	TM-RA-1
ra:technique:frankensympy/p-de-bruijn/acbafa92	frankensympy	95b19c9856b12424aee34a2c21c8b746b6d547b1	crates/fsym-core/src/dag.rs	77	dafac64c0c3c3b63	CURRENT	1	77-77	CURRENT	TM-RA-1
ra:technique:frankensympy/p-de-bruijn/acbafa92	frankensympy	95b19c9856b12424aee34a2c21c8b746b6d547b1	crates/fsym-assumptions/src/bindings.rs	222	b26979b3f276632a	CURRENT	1	222-222	CURRENT	TM-RA-1
ra:technique:frankensympy/p-galois-hensel/21d3e0a1	frankensympy	95b19c9856b12424aee34a2c21c8b746b6d547b1	crates/fsym-modular/src/lib.rs	171	94e0d2cac2042fee	CURRENT	1	171-171	CURRENT	TM-RA-1
ra:technique:frankensympy/p-galois-hensel/21d3e0a1	frankensympy	95b19c9856b12424aee34a2c21c8b746b6d547b1	crates/fsym-assumptions/src/domain.rs	45	9f46d3d8f3e9f225	CURRENT	1	45-45	CURRENT	TM-RA-1
ra:technique:frankensympy/pade-continued-fraction/3213eab7	frankensympy	95b19c9856b12424aee34a2c21c8b746b6d547b1	crates/fsym-rational/src/lib.rs	650	670eaa7e77d0c5d6	CURRENT	1	650-650	CURRENT	TM-RA-1
ra:technique:frankensympy/raptorq-fountain/45fb6468	frankensympy	95b19c9856b12424aee34a2c21c8b746b6d547b1	crates/fsym-runtime/src/repair.rs	3	061aea24c0b8489a	CURRENT	1	3-3	CURRENT	TM-RA-1
ra:technique:frankensympy/raptorq-fountain/45fb6468	frankensympy	95b19c9856b12424aee34a2c21c8b746b6d547b1	crates/fsym-runtime/src/repair.rs	18	74ad0946aeb94ff1	CURRENT	1	18-18	CURRENT	TM-RA-1
ra:technique:frankensympy/rm-checked-arithmetic/87789432	frankensympy	95b19c9856b12424aee34a2c21c8b746b6d547b1	crates/fsym-bigint/src/ntt.rs	46	83e52e34844a743b	CURRENT	1	46-46	CURRENT	TM-RA-1
ra:technique:frankensympy/rm-checked-arithmetic/87789432	frankensympy	95b19c9856b12424aee34a2c21c8b746b6d547b1	crates/fsym-core/src/dag.rs	811	d368b0372fd1c0be	CURRENT	1	811-811	CURRENT	TM-RA-1
ra:technique:frankensympy/rm-coverage-mutation/09a80120	frankensympy	95b19c9856b12424aee34a2c21c8b746b6d547b1	crates/fsym-proof-kernel/src/mutation.rs	1	2ecd7174270a4b93	CURRENT	1	1-1	CURRENT	TM-RA-1
ra:technique:frankensympy/rm-coverage-mutation/09a80120	frankensympy	95b19c9856b12424aee34a2c21c8b746b6d547b1	crates/fsym-proof-kernel/src/mutation.rs	5	a39c053f46327a1c	CURRENT	1	5-5	CURRENT	TM-RA-1
ra:technique:frankensympy/rm-deterministic-hashing-ordering/f01afb81	frankensympy	95b19c9856b12424aee34a2c21c8b746b6d547b1	crates/fsym-assumptions/src/predicate.rs	41	56bf8c7c346b4e32	CURRENT	1	41-41	CURRENT	TM-RA-1
ra:technique:frankensympy/rm-differential-oracle/4b75eeeb	frankensympy	95b19c9856b12424aee34a2c21c8b746b6d547b1	crates/fsym-conformance/src/lib.rs	11	084a08d8685fd2ce	CURRENT	1	11-11	CURRENT	TM-RA-1
ra:technique:frankensympy/rm-differential-oracle/4b75eeeb	frankensympy	95b19c9856b12424aee34a2c21c8b746b6d547b1	crates/fsym-conformance/src/lib.rs	18	96773e43ebd1e1e1	CURRENT	1	18-18	CURRENT	TM-RA-1
ra:technique:frankensympy/rm-differential-oracle/4b75eeeb	frankensympy	95b19c9856b12424aee34a2c21c8b746b6d547b1	crates/fsym-conformance/src/lib.rs	32	574353754ad6ab50	CURRENT	1	32-32	CURRENT	TM-RA-1
ra:technique:frankensympy/rm-differential-oracle/4b75eeeb	frankensympy	95b19c9856b12424aee34a2c21c8b746b6d547b1	crates/fsym-conformance/src/lib.rs	123	db45ba9c9fe224fb	CURRENT	1	123-123	CURRENT	TM-RA-1
ra:technique:frankensympy/rm-error-taxonomy/e2f1b4b0	frankensympy	95b19c9856b12424aee34a2c21c8b746b6d547b1	crates/fsym-proof-kernel/src/kernel.rs	30	7618a21e38264e50	CURRENT	1	30-30	CURRENT	TM-RA-1
ra:technique:frankensympy/rm-evidence-receipts/8bcba17c	frankensympy	95b19c9856b12424aee34a2c21c8b746b6d547b1	registries/claims.toml	14	495a255bd50a28d0	CURRENT	1	14-14	CURRENT	TM-RA-1
ra:technique:frankensympy/rm-evidence-receipts/8bcba17c	frankensympy	95b19c9856b12424aee34a2c21c8b746b6d547b1	registries/claims.toml	24	7bb0d1998a65c934	CURRENT	1	24-24	CURRENT	TM-RA-1
ra:technique:frankensympy/rm-evidence-receipts/8bcba17c	frankensympy	95b19c9856b12424aee34a2c21c8b746b6d547b1	registries/claims.toml	2	754f5081d67cafd3	CURRENT	1	2-2	CURRENT	TM-RA-1
ra:technique:frankensympy/rm-property-testing/3a754183	frankensympy	95b19c9856b12424aee34a2c21c8b746b6d547b1	crates/fsym-bigint/src/lib.rs	4529	c0eae57f3ec2f536	CURRENT	1	4529-4529	CURRENT	TM-RA-1
ra:technique:frankensympy/rm-spec-first/6374d4c2	frankensympy	95b19c9856b12424aee34a2c21c8b746b6d547b1	crates/fsym-runtime/src/workspace.rs	3	72cf2c990fac7ed9	CURRENT	1	3-3	CURRENT	TM-RA-1
ra:technique:frankensympy/rm-spec-first/6374d4c2	frankensympy	95b19c9856b12424aee34a2c21c8b746b6d547b1	registries/claims.toml	15	26615d311cf3ce6f	CURRENT	1	15-15	CURRENT	TM-RA-1
ra:technique:frankensympy/rm-unsafe-discipline/79d076d1	frankensympy	95b19c9856b12424aee34a2c21c8b746b6d547b1	crates/fsym-bigint/src/ntt.rs	3	d4e6f22e1e076733	CURRENT	1	3-3	CURRENT	TM-RA-1
ra:technique:frankensympy/special-functions/f5fd1d81	frankensympy	95b19c9856b12424aee34a2c21c8b746b6d547b1	crates/fsym-functions/src/lib.rs	171	1902145d8daf11f7	CURRENT	1	171-171	CURRENT	TM-RA-1
ra:technique:frankensympy/structured-concurrency/c7b0834d	frankensympy	95b19c9856b12424aee34a2c21c8b746b6d547b1	crates/fsym-runtime/src/portfolio.rs	6	9adc6907f5ce937d	CURRENT	1	6-6	CURRENT	TM-RA-1
ra:technique:frankensympy/structured-concurrency/c7b0834d	frankensympy	95b19c9856b12424aee34a2c21c8b746b6d547b1	crates/fsym-runtime/src/portfolio.rs	7	d48a729eb14971a0	CURRENT	1	7-7	CURRENT	TM-RA-1
ra:technique:frankensympy/structured-concurrency/c7b0834d	frankensympy	95b19c9856b12424aee34a2c21c8b746b6d547b1	crates/fsym-runtime/src/portfolio.rs	30	0a245be907417439	CURRENT	1	30-30	CURRENT	TM-RA-1
ra:technique:frankensympy/type-theory-proof-kernel/1ce306d8	frankensympy	95b19c9856b12424aee34a2c21c8b746b6d547b1	crates/fsym-proof-kernel/src/kernel.rs	421	876f7155645a3446	CURRENT	1	421-421	CURRENT	TM-RA-1
ra:technique:frankensympy/type-theory-proof-kernel/1ce306d8	frankensympy	95b19c9856b12424aee34a2c21c8b746b6d547b1	crates/fsym-proof-kernel/src/kernel.rs	422	7a3b741d739f3288	CURRENT	1	422-422	CURRENT	TM-RA-1
ra:technique:frankensympy/type-theory-proof-kernel/1ce306d8	frankensympy	95b19c9856b12424aee34a2c21c8b746b6d547b1	crates/fsym-proof-kernel/src/rule.rs	21	6ba6920270dc0eab	CURRENT	1	21-21	CURRENT	TM-RA-1
ra:technique:frankensympy/type-theory-proof-kernel/1ce306d8	frankensympy	95b19c9856b12424aee34a2c21c8b746b6d547b1	crates/fsym-proof-kernel/src/mutation.rs	4	a29ca5fd9bc1178f	CURRENT	1	4-4	CURRENT	TM-RA-1
ra:technique:frankenterm/bloom-filter/d91d6486	frankenterm	5410977ae6d4b3dcba418128837529dbc2ae8168	crates/frankenterm-core/src/aegis_entropy_anomaly.rs	4	e911dacfaa14f98a	CURRENT	1	4-4	CURRENT	TM-RA-1
ra:technique:frankenterm/bloom-filter/d91d6486	frankenterm	5410977ae6d4b3dcba418128837529dbc2ae8168	crates/frankenterm-core-config-types/src/tuning_config.rs	293	23ab0dedbcd55037	CURRENT	1	293-293	CURRENT	TM-RA-1
ra:technique:frankenterm/cache-replacement/01076b4e	frankenterm	5410977ae6d4b3dcba418128837529dbc2ae8168	crates/frankenterm-core/src/latency_stages/tiered_scrollback.rs	13	7c390bf2ca8f66e8	CURRENT	1	13-13	CURRENT	TM-RA-1
ra:technique:frankenterm/cache-replacement/01076b4e	frankenterm	5410977ae6d4b3dcba418128837529dbc2ae8168	crates/frankenterm-core/src/latency_stages/tiered_scrollback.rs	14	28dc12ac2d795679	CURRENT	1	14-14	CURRENT	TM-RA-1
ra:technique:frankenterm/capability-security/d355623d	frankenterm	5410977ae6d4b3dcba418128837529dbc2ae8168	crates/frankenterm-pty-guardian/src/broker.rs	5	f55fa439278ffb67	CURRENT	1	5-5	CURRENT	TM-RA-1
ra:technique:frankenterm/capability-security/d355623d	frankenterm	5410977ae6d4b3dcba418128837529dbc2ae8168	crates/frankenterm-pty-guardian/src/broker.rs	7	bc7fdf0fa1235d78	CURRENT	1	7-7	CURRENT	TM-RA-1
ra:technique:frankenterm/compression-algorithms/fa9e77a4	frankenterm	5410977ae6d4b3dcba418128837529dbc2ae8168	crates/frankenterm-core/src/byte_compression.rs	12	bcfcdf5e4546d394	CURRENT	1	12-12	CURRENT	TM-RA-1
ra:technique:frankenterm/compression-algorithms/fa9e77a4	frankenterm	5410977ae6d4b3dcba418128837529dbc2ae8168	crates/frankenterm-core/src/byte_compression.rs	14	8ab36480fac9ccff	CURRENT	1	14-14	CURRENT	TM-RA-1
ra:technique:frankenterm/congestion-control-backoff/75dceb2f	frankenterm	5410977ae6d4b3dcba418128837529dbc2ae8168	crates/frankenterm-core-ars/src/ars_blast_radius.rs	33	c9a671909a4b235c	CURRENT	1	33-33	CURRENT	TM-RA-1
ra:technique:frankenterm/congestion-control-backoff/75dceb2f	frankenterm	5410977ae6d4b3dcba418128837529dbc2ae8168	crates/frankenterm-core-ars/src/ars_blast_radius.rs	34	8d9d469b4c603acf	CURRENT	1	34-34	CURRENT	TM-RA-1
ra:technique:frankenterm/congestion-control-backoff/75dceb2f	frankenterm	5410977ae6d4b3dcba418128837529dbc2ae8168	crates/frankenterm-core-audit-types/src/token_bucket.rs	1	84c8c1cad77fa87c	CURRENT	1	1-1	CURRENT	TM-RA-1
ra:technique:frankenterm/dpor-model-checking/569fc846	frankenterm	5410977ae6d4b3dcba418128837529dbc2ae8168	crates/frankenterm-core/tests/proptest_dpor_schedule.rs	4	6f1d50903fad5587	CURRENT	1	4-4	CURRENT	TM-RA-1
ra:technique:frankenterm/dpor-model-checking/569fc846	frankenterm	5410977ae6d4b3dcba418128837529dbc2ae8168	crates/frankenterm-core/tests/proptest_dpor_schedule.rs	13	b1daef9af1a002e9	CURRENT	1	13-13	CURRENT	TM-RA-1
ra:technique:frankenterm/e-value/6def686f	frankenterm	5410977ae6d4b3dcba418128837529dbc2ae8168	crates/frankenterm-core-ars/src/ars_drift.rs	13	edbaa64bccc1773e	CURRENT	1	13-13	CURRENT	TM-RA-1
ra:technique:frankenterm/e-value/6def686f	frankenterm	5410977ae6d4b3dcba418128837529dbc2ae8168	crates/frankenterm-core-ars/src/ars_drift.rs	17	9b0edf1ea144bf87	CURRENT	1	17-17	CURRENT	TM-RA-1
ra:technique:frankenterm/hyperloglog/d54ed805	frankenterm	5410977ae6d4b3dcba418128837529dbc2ae8168	crates/frankenterm-core-telemetry-types/src/hyperloglog.rs	5	57340e4534658fab	CURRENT	1	5-5	CURRENT	TM-RA-1
ra:technique:frankenterm/hyperloglog/d54ed805	frankenterm	5410977ae6d4b3dcba418128837529dbc2ae8168	crates/frankenterm-core-telemetry-types/src/hyperloglog.rs	3	f17bae75285d3351	CURRENT	1	3-3	CURRENT	TM-RA-1
ra:technique:frankenterm/io-uring-epoll-reactor/0d471092	frankenterm	5410977ae6d4b3dcba418128837529dbc2ae8168	crates/frankenterm-mux-server-impl/src/delivery_ledger.rs	6	916835ba5c198cec	CURRENT	1	6-6	CURRENT	TM-RA-1
ra:technique:frankenterm/io-uring-epoll-reactor/0d471092	frankenterm	5410977ae6d4b3dcba418128837529dbc2ae8168	crates/frankenterm-mux-server-impl/src/delivery_ledger.rs	14	45bedd3c253b2dfb	CURRENT	1	14-14	CURRENT	TM-RA-1
ra:technique:frankenterm/kl-divergence/a22d37e1	frankenterm	5410977ae6d4b3dcba418128837529dbc2ae8168	crates/frankenterm-core-audit-types/src/mdl_extraction.rs	5	3ecaa9e7a474eec1	CURRENT	1	5-5	CURRENT	TM-RA-1
ra:technique:frankenterm/kl-divergence/a22d37e1	frankenterm	5410977ae6d4b3dcba418128837529dbc2ae8168	crates/frankenterm-core-audit-types/src/mdl_extraction.rs	12	952ec3365878fd02	CURRENT	1	12-12	CURRENT	TM-RA-1
ra:technique:frankenterm/kl-divergence/a22d37e1	frankenterm	5410977ae6d4b3dcba418128837529dbc2ae8168	crates/frankenterm-core-audit-types/src/mdl_extraction.rs	10	ac22438ab2b50858	CURRENT	1	10-10	CURRENT	TM-RA-1
ra:technique:frankenterm/linearizability/0504d17f	frankenterm	5410977ae6d4b3dcba418128837529dbc2ae8168	crates/frankenterm-core/src/wire_dedup_model.rs	17	8921981d3f72d6a9	CURRENT	1	17-17	CURRENT	TM-RA-1
ra:technique:frankenterm/linearizability/0504d17f	frankenterm	5410977ae6d4b3dcba418128837529dbc2ae8168	crates/frankenterm-core/src/tx_killswitch_model.rs	9	007bbb34a77c3977	CURRENT	1	9-9	CURRENT	TM-RA-1
ra:technique:frankenterm/linearizability/0504d17f	frankenterm	5410977ae6d4b3dcba418128837529dbc2ae8168	crates/frankenterm-core/src/tx_killswitch_model.rs	22	ec0c3d4a006f1db8	CURRENT	1	22-22	CURRENT	TM-RA-1
ra:technique:frankenterm/merkle-tree/44ae936a	frankenterm	5410977ae6d4b3dcba418128837529dbc2ae8168	crates/frankenterm-core-ars/src/ars_evidence.rs	13	1e0aff21a7b56b62	CURRENT	1	13-13	CURRENT	TM-RA-1
ra:technique:frankenterm/merkle-tree/44ae936a	frankenterm	5410977ae6d4b3dcba418128837529dbc2ae8168	crates/frankenterm-core/src/tx_idempotency.rs	5	e72452bad37272cf	CURRENT	1	5-5	CURRENT	TM-RA-1
ra:technique:frankenterm/monotonic-time/eaa8025f	frankenterm	5410977ae6d4b3dcba418128837529dbc2ae8168	crates/frankenterm-core-audit-types/src/interaction_trace_v2.rs	415	0faa9548d952750e	CURRENT	1	415-415	CURRENT	TM-RA-1
ra:technique:frankenterm/pac-bayes-bound/558a19a6	frankenterm	5410977ae6d4b3dcba418128837529dbc2ae8168	crates/frankenterm-core-ars/src/ars_generalize.rs	1	376c0e68074e012c	CURRENT	1	1-1	CURRENT	TM-RA-1
ra:technique:frankenterm/pac-bayes-bound/558a19a6	frankenterm	5410977ae6d4b3dcba418128837529dbc2ae8168	crates/frankenterm-core-ars/src/ars_generalize.rs	6	1745716b4f39df6a	CURRENT	1	6-6	CURRENT	TM-RA-1
ra:technique:frankenterm/pac-bayes-bound/558a19a6	frankenterm	5410977ae6d4b3dcba418128837529dbc2ae8168	crates/frankenterm-core-ars/src/ars_evidence.rs	10	f104628373fc19fe	CURRENT	1	10-10	CURRENT	TM-RA-1
ra:technique:frankenterm/rm-concurrency-model-checking/0e04b1d6	frankenterm	5410977ae6d4b3dcba418128837529dbc2ae8168	crates/frankenterm-core/tests/loom_spsc_ring_buffer.rs	1	49b7ad45a4805e32	CURRENT	1	1-1	CURRENT	TM-RA-1
ra:technique:frankenterm/rm-concurrency-model-checking/0e04b1d6	frankenterm	5410977ae6d4b3dcba418128837529dbc2ae8168	crates/frankenterm-core/tests/loom_spsc_ring_buffer.rs	7	904c18a77e555a56	CURRENT	1	7-7	CURRENT	TM-RA-1
ra:technique:frankenterm/rm-differential-oracle/3fb5954f	frankenterm	5410977ae6d4b3dcba418128837529dbc2ae8168	crates/frankenterm-core-ars/src/ars_drift.rs	6	b8c0ccb617fabb46	CURRENT	1	6-6	CURRENT	TM-RA-1
ra:technique:frankenterm/rm-differential-oracle/3fb5954f	frankenterm	5410977ae6d4b3dcba418128837529dbc2ae8168	fuzz/fuzz_targets/simd_scan.rs	16	4297458b80109040	CURRENT	1	16-16	CURRENT	TM-RA-1
ra:technique:frankenterm/rm-fuzzing/0e8865ce	frankenterm	5410977ae6d4b3dcba418128837529dbc2ae8168	fuzz/fuzz_targets/redactor_no_leak.rs	16	af0b19e92dff43e6	CURRENT	1	16-16	CURRENT	TM-RA-1
ra:technique:frankenterm/rm-fuzzing/0e8865ce	frankenterm	5410977ae6d4b3dcba418128837529dbc2ae8168	fuzz/fuzz_targets/redactor_no_leak.rs	13	f7f1ddc2384b9428	CURRENT	1	13-13	CURRENT	TM-RA-1
ra:technique:frankenterm/rm-lint-discipline/b82a30d7	frankenterm	5410977ae6d4b3dcba418128837529dbc2ae8168	deny.toml	12	3f6223dcff8592de	CURRENT	1	12-12	CURRENT	TM-RA-1
ra:technique:frankenterm/rm-lint-discipline/b82a30d7	frankenterm	5410977ae6d4b3dcba418128837529dbc2ae8168	deny.toml	18	18639b6a8c13f48a	CURRENT	1	18-18	CURRENT	TM-RA-1
ra:technique:frankenterm/rm-type-driven-design/56669863	frankenterm	5410977ae6d4b3dcba418128837529dbc2ae8168	crates/frankenterm-core/src/runtime_proof.rs	58	2277dee7a6492abd	CURRENT	1	58-58	CURRENT	TM-RA-1
ra:technique:frankenterm/rm-type-driven-design/56669863	frankenterm	5410977ae6d4b3dcba418128837529dbc2ae8168	crates/frankenterm-core/src/capture_authority.rs	3	5b16129ecbc760f8	CURRENT	1	3-3	CURRENT	TM-RA-1
ra:technique:frankenterm/rm-type-driven-design/56669863	frankenterm	5410977ae6d4b3dcba418128837529dbc2ae8168	crates/frankenterm-core/src/capture_authority.rs	42	68913bac20004087	CURRENT	1	42-42	CURRENT	TM-RA-1
ra:technique:frankenterm/rm-unsafe-discipline/8ab65261	frankenterm	5410977ae6d4b3dcba418128837529dbc2ae8168	crates/frankenterm-alloc/src/lib.rs	6	d4e6f22e1e076733	CURRENT	1	6-6	CURRENT	TM-RA-1
ra:technique:frankenterm/rm-unsafe-discipline/8ab65261	frankenterm	5410977ae6d4b3dcba418128837529dbc2ae8168	crates/frankenterm-build-identity/src/lib.rs	1	d4e6f22e1e076733	CURRENT	1	1-1	CURRENT	TM-RA-1
ra:technique:frankenterm/simd-bit-tricks/b0364f5d	frankenterm	5410977ae6d4b3dcba418128837529dbc2ae8168	fuzz/fuzz_targets/simd_scan.rs	15	1c4d171c38a2a9aa	CURRENT	1	15-15	CURRENT	TM-RA-1
ra:technique:frankenterm/simd-bit-tricks/b0364f5d	frankenterm	5410977ae6d4b3dcba418128837529dbc2ae8168	fuzz/fuzz_targets/simd_scan.rs	7	330c9f18ee775cee	CURRENT	1	7-7	CURRENT	TM-RA-1
ra:technique:frankenterm/skiplist-treap-balanced-trees/7e5177c5	frankenterm	5410977ae6d4b3dcba418128837529dbc2ae8168	crates/frankenterm-core/src/skip_list.rs	1	035f0a300101e9b1	CURRENT	1	1-1	CURRENT	TM-RA-1
ra:technique:frankenterm/string-search-automata/15630fb3	frankenterm	5410977ae6d4b3dcba418128837529dbc2ae8168	crates/frankenterm-core/src/patterns.rs	29	8df1db0560963f1c	CURRENT	1	29-29	CURRENT	TM-RA-1
ra:technique:frankenterm/string-search-automata/15630fb3	frankenterm	5410977ae6d4b3dcba418128837529dbc2ae8168	crates/frankenterm-core/src/patterns.rs	28	6ee4e4acd1219fa3	CURRENT	1	28-28	CURRENT	TM-RA-1
ra:technique:frankenterm/string-search-automata/15630fb3	frankenterm	5410977ae6d4b3dcba418128837529dbc2ae8168	crates/frankenterm-core/src/patterns.rs	14	d1dee49620e7c7c9	CURRENT	1	14-14	CURRENT	TM-RA-1
ra:technique:frankenterm/structured-concurrency/0202f2cc	frankenterm	5410977ae6d4b3dcba418128837529dbc2ae8168	crates/frankenterm-core/src/runtime_async.rs	10	3696eea0ec79d9c7	CURRENT	1	10-10	CURRENT	TM-RA-1
ra:technique:frankenterm/terminal-protocol-state-machine/8ff52e3b	frankenterm	5410977ae6d4b3dcba418128837529dbc2ae8168	frankenterm/vtparse/src/lib.rs	2	55295e14ab0d8f19	CURRENT	1	2-2	CURRENT	TM-RA-1
ra:technique:frankenterm/two-phase-commit-sagas/4ca4bf2c	frankenterm	5410977ae6d4b3dcba418128837529dbc2ae8168	crates/frankenterm-core/src/tx_idempotency.rs	3	9830eb667d7453c3	CURRENT	1	3-3	CURRENT	TM-RA-1
ra:technique:frankenterm/two-phase-commit-sagas/4ca4bf2c	frankenterm	5410977ae6d4b3dcba418128837529dbc2ae8168	crates/frankenterm-core/src/tx_killswitch_model.rs	4	87a98c5589dbe403	CURRENT	1	4-4	CURRENT	TM-RA-1
ra:technique:frankenterm/type-theory-proof-kernel/33bfcef5	frankenterm	5410977ae6d4b3dcba418128837529dbc2ae8168	crates/frankenterm-core/src/runtime_proof.rs	68	eb7fcc29f50c2af8	CURRENT	1	68-68	CURRENT	TM-RA-1
ra:technique:frankenterm/wal-aries/7e1003f5	frankenterm	5410977ae6d4b3dcba418128837529dbc2ae8168	crates/frankenterm-core/src/storage.rs	7	b73322a600cd5de2	CURRENT	1	7-7	CURRENT	TM-RA-1
ra:technique:frankenterm/wal-aries/7e1003f5	frankenterm	5410977ae6d4b3dcba418128837529dbc2ae8168	crates/frankenterm-core/src/storage.rs	531	e653f629263fb939	CURRENT	1	531-531	CURRENT	TM-RA-1
ra:technique:frankenterm/wal-aries/7e1003f5	frankenterm	5410977ae6d4b3dcba418128837529dbc2ae8168	crates/frankenterm-core/src/snapshot_engine.rs	15	e88c475db9decf92	CURRENT	1	15-15	CURRENT	TM-RA-1
ra:technique:frankentorch/amdahl-gustafson-roofline/81e09627	frankentorch	74df606bd5f1440d109deea115a0ab1bdf4cfd1b	crates/ft-api/src/lib.rs	208	8b58eaf2664b9555	CURRENT	1	208-208	CURRENT	TM-RA-1
ra:technique:frankentorch/amdahl-gustafson-roofline/81e09627	frankentorch	74df606bd5f1440d109deea115a0ab1bdf4cfd1b	crates/ft-api/src/lib.rs	210	41dc133a69840d3c	CURRENT	1	210-210	CURRENT	TM-RA-1
ra:technique:frankentorch/autograd-version-counter/73addc37	frankentorch	74df606bd5f1440d109deea115a0ab1bdf4cfd1b	crates/ft-autograd/src/lib.rs	21558	a63d3937bc154084	CURRENT	1	21558-21558	CURRENT	TM-RA-1
ra:technique:frankentorch/autograd-version-counter/73addc37	frankentorch	74df606bd5f1440d109deea115a0ab1bdf4cfd1b	crates/ft-autograd/src/lib.rs	21559	6408a0614f8dbe0b	CURRENT	1	21559-21559	CURRENT	TM-RA-1
ra:technique:frankentorch/autograd-version-counter/73addc37	frankentorch	74df606bd5f1440d109deea115a0ab1bdf4cfd1b	crates/ft-core/src/lib.rs	1782	a5376a6b3826f4ef	CURRENT	1	1782-1782	CURRENT	TM-RA-1
ra:technique:frankentorch/autograd-version-counter/73addc37	frankentorch	74df606bd5f1440d109deea115a0ab1bdf4cfd1b	crates/ft-autograd/src/lib.rs	1397	a69caab095880b28	CURRENT	1	1397-1397	CURRENT	TM-RA-1
ra:technique:frankentorch/automatic-differentiation/2f91e4e8	frankentorch	74df606bd5f1440d109deea115a0ab1bdf4cfd1b	crates/ft-autograd/src/lib.rs	12097	4465b9f0c7fc7ca1	CURRENT	1	12097-12097	CURRENT	TM-RA-1
ra:technique:frankentorch/automatic-differentiation/2f91e4e8	frankentorch	74df606bd5f1440d109deea115a0ab1bdf4cfd1b	crates/ft-api/src/lib.rs	2319	64052a238b34935c	CURRENT	1	2319-2319	CURRENT	TM-RA-1
ra:technique:frankentorch/cache-replacement/8be0e679	frankentorch	74df606bd5f1440d109deea115a0ab1bdf4cfd1b	crates/ft-autograd/src/lib.rs	11948	522c4e7b7e13e192	CURRENT	1	11948-11948	CURRENT	TM-RA-1
ra:technique:frankentorch/cache-replacement/8be0e679	frankentorch	74df606bd5f1440d109deea115a0ab1bdf4cfd1b	crates/ft-core/src/buffer_pool.rs	264	acb07bb5ea38d627	CURRENT	1	264-264	CURRENT	TM-RA-1
ra:technique:frankentorch/cryptographic-primitives/03043cdf	frankentorch	74df606bd5f1440d109deea115a0ab1bdf4cfd1b	crates/ft-api/src/harness_provenance.rs	166	04d4a42a301d4184	CURRENT	1	166-166	CURRENT	TM-RA-1
ra:technique:frankentorch/exchangeability/075ed154	frankentorch	74df606bd5f1440d109deea115a0ab1bdf4cfd1b	crates/ft-api/src/harness_interleave.rs	223	ef5cc4d20b57c3ad	CURRENT	1	223-223	CURRENT	TM-RA-1
ra:technique:frankentorch/exchangeability/075ed154	frankentorch	74df606bd5f1440d109deea115a0ab1bdf4cfd1b	crates/ft-api/src/harness_interleave.rs	218	6e3563e837901fb1	CURRENT	1	218-218	CURRENT	TM-RA-1
ra:technique:frankentorch/exchangeability/075ed154	frankentorch	74df606bd5f1440d109deea115a0ab1bdf4cfd1b	crates/ft-api/src/harness_interleave.rs	836	a7509ed7d411aba4	CURRENT	1	836-836	CURRENT	TM-RA-1
ra:technique:frankentorch/raptorq-fountain/1beb9f33	frankentorch	74df606bd5f1440d109deea115a0ab1bdf4cfd1b	crates/ft-serialize/src/lib.rs	333	ce2a160dd9407fe5	CURRENT	1	333-333	CURRENT	TM-RA-1
ra:technique:frankentorch/raptorq-fountain/1beb9f33	frankentorch	74df606bd5f1440d109deea115a0ab1bdf4cfd1b	crates/ft-serialize/src/lib.rs	335	1259506bff2c854f	CURRENT	1	335-335	CURRENT	TM-RA-1
ra:technique:frankentorch/raptorq-fountain/1beb9f33	frankentorch	74df606bd5f1440d109deea115a0ab1bdf4cfd1b	crates/ft-serialize/src/lib.rs	202	27047c833e7494c8	CURRENT	1	202-202	CURRENT	TM-RA-1
ra:technique:frankentorch/rm-benchmark-regression/1c52c21b	frankentorch	74df606bd5f1440d109deea115a0ab1bdf4cfd1b	crates/ft-api/src/harness_provenance.rs	41	91b63591b48132dc	CURRENT	1	41-41	CURRENT	TM-RA-1
ra:technique:frankentorch/rm-benchmark-regression/1c52c21b	frankentorch	74df606bd5f1440d109deea115a0ab1bdf4cfd1b	crates/ft-api/src/harness_incumbent_bank.rs	35	d9072b091fc4f685	CURRENT	1	35-35	CURRENT	TM-RA-1
ra:technique:frankentorch/rm-deterministic-hashing-ordering/90d9c53f	frankentorch	74df606bd5f1440d109deea115a0ab1bdf4cfd1b	crates/ft-autograd/src/lib.rs	23587	4029e382789083d9	CURRENT	1	23587-23587	CURRENT	TM-RA-1
ra:technique:frankentorch/rm-deterministic-hashing-ordering/90d9c53f	frankentorch	74df606bd5f1440d109deea115a0ab1bdf4cfd1b	crates/ft-autograd/src/lib.rs	23611	334d183451d0c4f9	CURRENT	1	23611-23611	CURRENT	TM-RA-1
ra:technique:frankentorch/rm-deterministic-hashing-ordering/90d9c53f	frankentorch	74df606bd5f1440d109deea115a0ab1bdf4cfd1b	crates/ft-api/src/lib.rs	11130	0bbd1de8a430bb5b	CURRENT	1	11130-11130	CURRENT	TM-RA-1
ra:technique:frankentorch/rm-differential-oracle/5667fab2	frankentorch	74df606bd5f1440d109deea115a0ab1bdf4cfd1b	crates/ft-conformance/src/lib.rs	9410	8ef19fdd78ace037	CURRENT	1	9410-9410	CURRENT	TM-RA-1
ra:technique:frankentorch/rm-differential-oracle/5667fab2	frankentorch	74df606bd5f1440d109deea115a0ab1bdf4cfd1b	crates/ft-conformance/src/lib.rs	10352	971088839e9cec94	CURRENT	1	10352-10352	CURRENT	TM-RA-1
ra:technique:frankentorch/rm-differential-oracle/5667fab2	frankentorch	74df606bd5f1440d109deea115a0ab1bdf4cfd1b	crates/ft-conformance/src/lib.rs	10338	8586322bf822c0ea	CURRENT	1	10338-10338	CURRENT	TM-RA-1
ra:technique:frankentorch/rm-error-taxonomy/b01d8468	frankentorch	74df606bd5f1440d109deea115a0ab1bdf4cfd1b	crates/ft-autograd/src/lib.rs	23573	82f4be3f7b4be294	CURRENT	1	23573-23573	CURRENT	TM-RA-1
ra:technique:frankentorch/rm-error-taxonomy/b01d8468	frankentorch	74df606bd5f1440d109deea115a0ab1bdf4cfd1b	crates/ft-autograd/src/lib.rs	1396	4b347eb760b5a20f	CURRENT	1	1396-1396	CURRENT	TM-RA-1
ra:technique:frankentorch/rm-evidence-receipts/13473b7c	frankentorch	74df606bd5f1440d109deea115a0ab1bdf4cfd1b	crates/ft-runtime/src/lib.rs	51	3579e33e04527ea4	CURRENT	1	51-51	CURRENT	TM-RA-1
ra:technique:frankentorch/rm-evidence-receipts/13473b7c	frankentorch	74df606bd5f1440d109deea115a0ab1bdf4cfd1b	crates/ft-runtime/src/lib.rs	139	ce430b9c7bffec42	CURRENT	1	139-139	CURRENT	TM-RA-1
ra:technique:frankentorch/rm-fuzzing/754c8687	frankentorch	74df606bd5f1440d109deea115a0ab1bdf4cfd1b	crates/ft-kernel-cpu/src/lib.rs	2996	1a0a94b3a5d4a516	CURRENT	1	2996-2996	CURRENT	TM-RA-1
ra:technique:frankentorch/rm-parity-metrics/c38dcd70	frankentorch	74df606bd5f1440d109deea115a0ab1bdf4cfd1b	crates/ft-autograd/src/lib.rs	3316	0729a03bcef46eb5	CURRENT	1	3316-3316	CURRENT	TM-RA-1
ra:technique:frankentorch/rm-parity-metrics/c38dcd70	frankentorch	74df606bd5f1440d109deea115a0ab1bdf4cfd1b	crates/ft-autograd/src/lib.rs	23679	a5a6d1bb987fec41	CURRENT	1	23679-23679	CURRENT	TM-RA-1
ra:technique:frankentorch/rm-property-testing/1ce765c3	frankentorch	74df606bd5f1440d109deea115a0ab1bdf4cfd1b	crates/ft-autograd/src/lib.rs	21972	62cd6bbfa9d84e00	CURRENT	1	21972-21972	CURRENT	TM-RA-1
ra:technique:frankentorch/rm-property-testing/1ce765c3	frankentorch	74df606bd5f1440d109deea115a0ab1bdf4cfd1b	crates/ft-autograd/src/lib.rs	22024	f781ae0b1843cd5b	CURRENT	1	22024-22024	CURRENT	TM-RA-1
ra:technique:frankentorch/rm-unsafe-discipline/25dc6b8a	frankentorch	74df606bd5f1440d109deea115a0ab1bdf4cfd1b	crates/ft-autograd/src/lib.rs	1	d4e6f22e1e076733	CURRENT	1	1-1	CURRENT	TM-RA-1
ra:technique:frankentorch/rm-unsafe-discipline/25dc6b8a	frankentorch	74df606bd5f1440d109deea115a0ab1bdf4cfd1b	crates/ft-api/src/lib.rs	1	d4e6f22e1e076733	CURRENT	1	1-1	CURRENT	TM-RA-1
ra:technique:frankentorch/softmax-logsumexp/b2c1f96b	frankentorch	74df606bd5f1440d109deea115a0ab1bdf4cfd1b	crates/ft-kernel-cpu/src/lib.rs	20977	33349fcc725387fb	CURRENT	1	20977-20977	CURRENT	TM-RA-1
ra:technique:frankentorch/softmax-logsumexp/b2c1f96b	frankentorch	74df606bd5f1440d109deea115a0ab1bdf4cfd1b	crates/ft-kernel-cpu/src/lib.rs	21000	23de21afdc7457a5	CURRENT	1	21000-21000	CURRENT	TM-RA-1
ra:technique:frankentorch/svd/543bf78e	frankentorch	74df606bd5f1440d109deea115a0ab1bdf4cfd1b	crates/ft-kernel-cpu/src/lib.rs	32937	17f11fe21f0772bb	CURRENT	1	32937-32937	CURRENT	TM-RA-1
ra:technique:frankentorch/svd/543bf78e	frankentorch	74df606bd5f1440d109deea115a0ab1bdf4cfd1b	crates/ft-api/src/lib.rs	69536	a773b59bf39d9f84	CURRENT	1	69536-69536	CURRENT	TM-RA-1
ra:technique:frankentorch/twosum-fma/ec1efd05	frankentorch	74df606bd5f1440d109deea115a0ab1bdf4cfd1b	crates/ft-api/src/lib.rs	8772	8506660ebe176832	CURRENT	1	8772-8772	CURRENT	TM-RA-1
ra:technique:frankentorch/twosum-fma/ec1efd05	frankentorch	74df606bd5f1440d109deea115a0ab1bdf4cfd1b	crates/ft-api/src/lib.rs	19235	2740ac74ae59d108	CURRENT	1	19235-19235	CURRENT	TM-RA-1
ra:technique:frankentorch/ulp-float-semantics/bd424bb3	frankentorch	74df606bd5f1440d109deea115a0ab1bdf4cfd1b	crates/ft-api/src/lib.rs	147	109dbc8338eace24	CURRENT	1	147-147	CURRENT	TM-RA-1
ra:technique:frankentorch/ulp-float-semantics/bd424bb3	frankentorch	74df606bd5f1440d109deea115a0ab1bdf4cfd1b	crates/ft-api/src/lib.rs	228	8a312943afd61efd	CURRENT	1	228-228	CURRENT	TM-RA-1
ra:technique:frankentorch/ulp-float-semantics/bd424bb3	frankentorch	74df606bd5f1440d109deea115a0ab1bdf4cfd1b	crates/ft-autograd/src/lib.rs	21127	d8c0bf4116153aaa	CURRENT	1	21127-21127	CURRENT	TM-RA-1
ra:technique:frankentui/alpha-investing/499a2bb8	frankentui	ccbd769efa340f4db07122c0c18fa12c83fa19ed	crates/doctor_frankentui/src/sequential_fdr.rs	44	8d181412578a08ba	CURRENT	1	44-44	CURRENT	TM-RA-1
ra:technique:frankentui/alpha-investing/499a2bb8	frankentui	ccbd769efa340f4db07122c0c18fa12c83fa19ed	crates/doctor_frankentui/src/sequential_fdr.rs	892	420c9d593e878435	CURRENT	1	892-892	CURRENT	TM-RA-1
ra:technique:frankentui/bayes-theorem/14e30e8d	frankentui	ccbd769efa340f4db07122c0c18fa12c83fa19ed	crates/doctor_frankentui/src/posterior_core.rs	4	f5d6d9dc18bffd46	CURRENT	1	4-4	CURRENT	TM-RA-1
ra:technique:frankentui/bayes-theorem/14e30e8d	frankentui	ccbd769efa340f4db07122c0c18fa12c83fa19ed	crates/doctor_frankentui/src/posterior_core.rs	25	ad4c1823a581ace9	CURRENT	1	25-25	CURRENT	TM-RA-1
ra:technique:frankentui/benjamini-hochberg/5bafdd2b	frankentui	ccbd769efa340f4db07122c0c18fa12c83fa19ed	crates/doctor_frankentui/src/sequential_fdr.rs	41	7d774850688b630e	CURRENT	1	41-41	CURRENT	TM-RA-1
ra:technique:frankentui/benjamini-hochberg/5bafdd2b	frankentui	ccbd769efa340f4db07122c0c18fa12c83fa19ed	crates/doctor_frankentui/src/sequential_fdr.rs	823	d59880bc769d51e5	CURRENT	1	823-823	CURRENT	TM-RA-1
ra:technique:frankentui/benjamini-hochberg/5bafdd2b	frankentui	ccbd769efa340f4db07122c0c18fa12c83fa19ed	crates/doctor_frankentui/src/sequential_fdr.rs	21	8b938ea7ee5fd1ad	CURRENT	1	21-21	CURRENT	TM-RA-1
ra:technique:frankentui/beta-bernoulli/cc6775f6	frankentui	ccbd769efa340f4db07122c0c18fa12c83fa19ed	crates/ftui-runtime/src/voi_sampling.rs	19	3019e576649ea90d	CURRENT	1	19-19	CURRENT	TM-RA-1
ra:technique:frankentui/beta-bernoulli/cc6775f6	frankentui	ccbd769efa340f4db07122c0c18fa12c83fa19ed	crates/ftui-runtime/src/voi_sampling.rs	36	6f9e5d6894635274	CURRENT	1	36-36	CURRENT	TM-RA-1
ra:technique:frankentui/beta-bernoulli/cc6775f6	frankentui	ccbd769efa340f4db07122c0c18fa12c83fa19ed	crates/doctor_frankentui/src/adaptive_schedule.rs	20	f45ed5a867bed3f4	CURRENT	1	20-20	CURRENT	TM-RA-1
ra:technique:frankentui/bocpd-run-length/1f441dc4	frankentui	ccbd769efa340f4db07122c0c18fa12c83fa19ed	crates/ftui-runtime/src/bocpd.rs	3	5173a069604bc268	CURRENT	1	3-3	CURRENT	TM-RA-1
ra:technique:frankentui/bocpd-run-length/1f441dc4	frankentui	ccbd769efa340f4db07122c0c18fa12c83fa19ed	crates/ftui-runtime/src/bocpd.rs	39	c2f47754d3861eef	CURRENT	1	39-39	CURRENT	TM-RA-1
ra:technique:frankentui/bocpd-run-length/1f441dc4	frankentui	ccbd769efa340f4db07122c0c18fa12c83fa19ed	crates/ftui-runtime/src/resize_coalescer.rs	36	149aec0b7ead1ed6	CURRENT	1	36-36	CURRENT	TM-RA-1
ra:technique:frankentui/cache-replacement/312c2caf	frankentui	ccbd769efa340f4db07122c0c18fa12c83fa19ed	crates/ftui-core/src/s3_fifo.rs	3	f726a23745f240a3	CURRENT	1	3-3	CURRENT	TM-RA-1
ra:technique:frankentui/cache-replacement/312c2caf	frankentui	ccbd769efa340f4db07122c0c18fa12c83fa19ed	crates/ftui-layout/src/veb_tree.rs	3	02fae0f15a53db2c	CURRENT	1	3-3	CURRENT	TM-RA-1
ra:technique:frankentui/cache-replacement/312c2caf	frankentui	ccbd769efa340f4db07122c0c18fa12c83fa19ed	crates/ftui-layout/src/veb_tree.rs	6	4380c8d160b0a09d	CURRENT	1	6-6	CURRENT	TM-RA-1
ra:technique:frankentui/cegis/b20b5757	frankentui	ccbd769efa340f4db07122c0c18fa12c83fa19ed	crates/doctor_frankentui/src/cegis_synthesis.rs	2	8f59192a63e6503b	CURRENT	1	2-2	CURRENT	TM-RA-1
ra:technique:frankentui/cegis/b20b5757	frankentui	ccbd769efa340f4db07122c0c18fa12c83fa19ed	crates/doctor_frankentui/src/cegis_synthesis.rs	16	c3667efc1f6122db	CURRENT	1	16-16	CURRENT	TM-RA-1
ra:technique:frankentui/cegis/b20b5757	frankentui	ccbd769efa340f4db07122c0c18fa12c83fa19ed	crates/doctor_frankentui/src/concolic_differential.rs	3	4ea0bbd1236f6dfb	CURRENT	1	3-3	CURRENT	TM-RA-1
ra:technique:frankentui/compiler-ir-ssa/ebeb6aa2	frankentui	ccbd769efa340f4db07122c0c18fa12c83fa19ed	crates/doctor_frankentui/src/abstract_interpretation.rs	2	eb00db1706ea4f51	CURRENT	1	2-2	CURRENT	TM-RA-1
ra:technique:frankentui/compiler-ir-ssa/ebeb6aa2	frankentui	ccbd769efa340f4db07122c0c18fa12c83fa19ed	crates/doctor_frankentui/src/abstract_interpretation.rs	15	ea4e778537da5f90	CURRENT	1	15-15	CURRENT	TM-RA-1
ra:technique:frankentui/compiler-ir-ssa/ebeb6aa2	frankentui	ccbd769efa340f4db07122c0c18fa12c83fa19ed	crates/doctor_frankentui/src/ecosystem_scan.rs	1617	7cbc7d35ac46fce8	CURRENT	1	1617-1617	CURRENT	TM-RA-1
ra:technique:frankentui/conformal-prediction/370b4dba	frankentui	ccbd769efa340f4db07122c0c18fa12c83fa19ed	crates/ftui-runtime/src/conformal_alert.rs	17	84d0967a3e00a087	CURRENT	1	17-17	CURRENT	TM-RA-1
ra:technique:frankentui/conformal-prediction/370b4dba	frankentui	ccbd769efa340f4db07122c0c18fa12c83fa19ed	crates/ftui-runtime/src/conformal_alert.rs	21	b9ad0b2ccb6320bf	CURRENT	1	21-21	CURRENT	TM-RA-1
ra:technique:frankentui/conformal-prediction/370b4dba	frankentui	ccbd769efa340f4db07122c0c18fa12c83fa19ed	crates/doctor_frankentui/src/guarantee_layer.rs	16	c61134f2f1d3ea6e	CURRENT	1	16-16	CURRENT	TM-RA-1
ra:technique:frankentui/cusum/cb792fb4	frankentui	ccbd769efa340f4db07122c0c18fa12c83fa19ed	crates/doctor_frankentui/src/drift_monitor.rs	6	2f12770f08296cb6	CURRENT	1	6-6	CURRENT	TM-RA-1
ra:technique:frankentui/cusum/cb792fb4	frankentui	ccbd769efa340f4db07122c0c18fa12c83fa19ed	crates/doctor_frankentui/src/controller_composition.rs	7	2db86575ea942001	CURRENT	1	7-7	CURRENT	TM-RA-1
ra:technique:frankentui/deterministic-simulation-testing/6486c020	frankentui	ccbd769efa340f4db07122c0c18fa12c83fa19ed	crates/ftui-harness/src/trace_replay.rs	5	8befae2ef3688849	CURRENT	1	5-5	CURRENT	TM-RA-1
ra:technique:frankentui/deterministic-simulation-testing/6486c020	frankentui	ccbd769efa340f4db07122c0c18fa12c83fa19ed	crates/ftui-harness/src/golden.rs	7	c37f54f3d0241350	CURRENT	1	7-7	CURRENT	TM-RA-1
ra:technique:frankentui/deterministic-simulation-testing/6486c020	frankentui	ccbd769efa340f4db07122c0c18fa12c83fa19ed	crates/ftui-harness/tests/isomorphism_proofs.rs	24	d128ba1aca87bf74	CURRENT	1	24-24	CURRENT	TM-RA-1
ra:technique:frankentui/diff-algorithms/3a967bd1	frankentui	ccbd769efa340f4db07122c0c18fa12c83fa19ed	crates/ftui-render/src/diff.rs	100	fea722ddc35cbaf6	CURRENT	1	100-100	CURRENT	TM-RA-1
ra:technique:frankentui/diff-algorithms/3a967bd1	frankentui	ccbd769efa340f4db07122c0c18fa12c83fa19ed	crates/ftui-render/src/diff.rs	191	36813eb7ab33c4a3	CURRENT	1	191-191	CURRENT	TM-RA-1
ra:technique:frankentui/diff-algorithms/3a967bd1	frankentui	ccbd769efa340f4db07122c0c18fa12c83fa19ed	crates/ftui-render/src/cell.rs	341	20e80cd2da6dfa7e	CURRENT	1	341-341	CURRENT	TM-RA-1
ra:technique:frankentui/diff-algorithms/3a967bd1	frankentui	ccbd769efa340f4db07122c0c18fa12c83fa19ed	crates/ftui-render/tests/proptest_diff_invariants.rs	9	4e046bca808e695d	CURRENT	1	9-9	CURRENT	TM-RA-1
ra:technique:frankentui/e-value/bb6076bd	frankentui	ccbd769efa340f4db07122c0c18fa12c83fa19ed	crates/ftui-render/src/budget.rs	174	cb80324d12229599	CURRENT	1	174-174	CURRENT	TM-RA-1
ra:technique:frankentui/e-value/bb6076bd	frankentui	ccbd769efa340f4db07122c0c18fa12c83fa19ed	crates/ftui-render/src/budget.rs	197	0dfbe180d53dc3b2	CURRENT	1	197-197	CURRENT	TM-RA-1
ra:technique:frankentui/elm-architecture-reactive/a880ff01	frankentui	ccbd769efa340f4db07122c0c18fa12c83fa19ed	crates/ftui-runtime/src/program.rs	3	0785100b3fc2f96b	CURRENT	1	3-3	CURRENT	TM-RA-1
ra:technique:frankentui/elm-architecture-reactive/a880ff01	frankentui	ccbd769efa340f4db07122c0c18fa12c83fa19ed	crates/ftui-runtime/src/program.rs	6	6dbcc9d25d9e40c9	CURRENT	1	6-6	CURRENT	TM-RA-1
ra:technique:frankentui/elm-architecture-reactive/a880ff01	frankentui	ccbd769efa340f4db07122c0c18fa12c83fa19ed	crates/ftui-runtime/src/program.rs	255	fa17a867bc9449e5	CURRENT	1	255-255	CURRENT	TM-RA-1
ra:technique:frankentui/hoare-separation-logic/f553eb6c	frankentui	ccbd769efa340f4db07122c0c18fa12c83fa19ed	crates/ftui-render/src/diff.rs	1377	362e40cfaeb5bdbe	CURRENT	1	1377-1377	CURRENT	TM-RA-1
ra:technique:frankentui/hoare-separation-logic/f553eb6c	frankentui	ccbd769efa340f4db07122c0c18fa12c83fa19ed	crates/ftui-render/src/diff.rs	57	a49c209fcb92f32f	CURRENT	1	57-57	CURRENT	TM-RA-1
ra:technique:frankentui/largest-remainder-apportionment/6752c2b9	frankentui	ccbd769efa340f4db07122c0c18fa12c83fa19ed	crates/ftui-layout/src/lib.rs	1166	2dae9e11ada1a9e0	CURRENT	1	1166-1166	CURRENT	TM-RA-1
ra:technique:frankentui/largest-remainder-apportionment/6752c2b9	frankentui	ccbd769efa340f4db07122c0c18fa12c83fa19ed	crates/ftui-layout/src/lib.rs	1156	d2c77a49b9d303e5	CURRENT	1	1156-1156	CURRENT	TM-RA-1
ra:technique:frankentui/largest-remainder-apportionment/6752c2b9	frankentui	ccbd769efa340f4db07122c0c18fa12c83fa19ed	crates/ftui-layout/src/lib.rs	1179	9190822518ea97ba	CURRENT	1	1179-1179	CURRENT	TM-RA-1
ra:technique:frankentui/layout-constraint-solving/6131b812	frankentui	ccbd769efa340f4db07122c0c18fa12c83fa19ed	crates/ftui-layout/src/lib.rs	944	4ab0eee3d5249f26	CURRENT	1	944-944	CURRENT	TM-RA-1
ra:technique:frankentui/layout-constraint-solving/6131b812	frankentui	ccbd769efa340f4db07122c0c18fa12c83fa19ed	crates/ftui-layout/src/lib.rs	1060	ae222e8206320606	CURRENT	1	1060-1060	CURRENT	TM-RA-1
ra:technique:frankentui/layout-constraint-solving/6131b812	frankentui	ccbd769efa340f4db07122c0c18fa12c83fa19ed	crates/ftui-layout/src/egraph.rs	4	4a1dc36422b964f1	CURRENT	1	4-4	CURRENT	TM-RA-1
ra:technique:frankentui/p-fenwick-person/0c148b2a	frankentui	ccbd769efa340f4db07122c0c18fa12c83fa19ed	crates/ftui-widgets/src/fenwick.rs	1	c772f0dad79dceec	CURRENT	1	1-1	CURRENT	TM-RA-1
ra:technique:frankentui/p-fenwick-person/0c148b2a	frankentui	ccbd769efa340f4db07122c0c18fa12c83fa19ed	crates/ftui-widgets/src/fenwick.rs	3	bb1f8ae895b6283f	CURRENT	1	3-3	CURRENT	TM-RA-1
ra:technique:frankentui/pac-bayes-bound/5b81b34e	frankentui	ccbd769efa340f4db07122c0c18fa12c83fa19ed	crates/doctor_frankentui/src/guarantee_layer.rs	18	330a53f25114ae3d	CURRENT	1	18-18	CURRENT	TM-RA-1
ra:technique:frankentui/pac-bayes-bound/5b81b34e	frankentui	ccbd769efa340f4db07122c0c18fa12c83fa19ed	crates/doctor_frankentui/src/guarantee_layer.rs	803	6118055b03f3083d	CURRENT	1	803-803	CURRENT	TM-RA-1
ra:technique:frankentui/pid-control/898f6a7f	frankentui	ccbd769efa340f4db07122c0c18fa12c83fa19ed	crates/ftui-render/src/budget.rs	58	def3f5f9a22c7233	CURRENT	1	58-58	CURRENT	TM-RA-1
ra:technique:frankentui/pid-control/898f6a7f	frankentui	ccbd769efa340f4db07122c0c18fa12c83fa19ed	crates/ftui-render/src/budget.rs	79	716479f5d376e53c	CURRENT	1	79-79	CURRENT	TM-RA-1
ra:technique:frankentui/pid-control/898f6a7f	frankentui	ccbd769efa340f4db07122c0c18fa12c83fa19ed	crates/ftui-render/src/budget.rs	146	79b2f0eb7f9a7282	CURRENT	1	146-146	CURRENT	TM-RA-1
ra:technique:frankentui/quotient-filter/c953005f	frankentui	ccbd769efa340f4db07122c0c18fa12c83fa19ed	crates/ftui-render/src/quotient_filter.rs	6	bf3b71a3ff4e7712	CURRENT	1	6-6	CURRENT	TM-RA-1
ra:technique:frankentui/quotient-filter/c953005f	frankentui	ccbd769efa340f4db07122c0c18fa12c83fa19ed	crates/ftui-render/src/quotient_filter.rs	23	d808afca0618af8b	CURRENT	1	23-23	CURRENT	TM-RA-1
ra:technique:frankentui/rm-differential-oracle/905926d1	frankentui	ccbd769efa340f4db07122c0c18fa12c83fa19ed	crates/ftui-render/tests/proptest_diff_invariants.rs	14	bf889f9c41ee6a3b	CURRENT	1	14-14	CURRENT	TM-RA-1
ra:technique:frankentui/rm-differential-oracle/905926d1	frankentui	ccbd769efa340f4db07122c0c18fa12c83fa19ed	crates/ftui-harness/tests/isomorphism_proofs.rs	327	2745120ccb13b3e0	CURRENT	1	327-327	CURRENT	TM-RA-1
ra:technique:frankentui/rm-differential-oracle/905926d1	frankentui	ccbd769efa340f4db07122c0c18fa12c83fa19ed	crates/ftui-render/src/terminal_model.rs	5	01065e6658f78fd1	CURRENT	1	5-5	CURRENT	TM-RA-1
ra:technique:frankentui/rm-evidence-receipts/336d4ef1	frankentui	ccbd769efa340f4db07122c0c18fa12c83fa19ed	crates/ftui-harness/tests/isomorphism_proofs.rs	36	1f67235074f167b0	CURRENT	1	36-36	CURRENT	TM-RA-1
ra:technique:frankentui/rm-evidence-receipts/336d4ef1	frankentui	ccbd769efa340f4db07122c0c18fa12c83fa19ed	crates/doctor_frankentui/src/adaptive_schedule.rs	655	473dcd6b8b806026	CURRENT	1	655-655	CURRENT	TM-RA-1
ra:technique:frankentui/rm-fuzzing/22386a4f	frankentui	ccbd769efa340f4db07122c0c18fa12c83fa19ed	fuzz/fuzz_targets/fuzz_vt_parser.rs	4	4c20560bc55b4e2d	CURRENT	1	4-4	CURRENT	TM-RA-1
ra:technique:frankentui/rm-fuzzing/22386a4f	frankentui	ccbd769efa340f4db07122c0c18fa12c83fa19ed	fuzz/fuzz_targets/fuzz_vt_parser.rs	13	23778ce02ee64984	CURRENT	1	13-13	CURRENT	TM-RA-1
ra:technique:frankentui/rm-property-testing/68304b3b	frankentui	ccbd769efa340f4db07122c0c18fa12c83fa19ed	crates/ftui-render/tests/proptest_diff_invariants.rs	3	08abaceb9b07dd17	CURRENT	1	3-3	CURRENT	TM-RA-1
ra:technique:frankentui/rm-type-driven-design/f03ca42f	frankentui	ccbd769efa340f4db07122c0c18fa12c83fa19ed	crates/ftui-render/src/cell.rs	22	c50233184828c20b	CURRENT	1	22-22	CURRENT	TM-RA-1
ra:technique:frankentui/rm-type-driven-design/f03ca42f	frankentui	ccbd769efa340f4db07122c0c18fa12c83fa19ed	crates/ftui-render/src/cell.rs	34	10d5c9ee65c65fbe	CURRENT	1	34-34	CURRENT	TM-RA-1
ra:technique:frankentui/rm-type-driven-design/f03ca42f	frankentui	ccbd769efa340f4db07122c0c18fa12c83fa19ed	crates/ftui-render/src/cell.rs	46	e266508e049c6417	CURRENT	1	46-46	CURRENT	TM-RA-1
ra:technique:frankentui/rm-unsafe-discipline/bea926bd	frankentui	ccbd769efa340f4db07122c0c18fa12c83fa19ed	crates/ftui-render/src/diff.rs	1	d4e6f22e1e076733	CURRENT	1	1-1	CURRENT	TM-RA-1
ra:technique:frankentui/rm-unsafe-discipline/bea926bd	frankentui	ccbd769efa340f4db07122c0c18fa12c83fa19ed	crates/ftui-core/src/input_parser.rs	1	d4e6f22e1e076733	CURRENT	1	1-1	CURRENT	TM-RA-1
ra:technique:frankentui/roaring-bitmaps/1f59e839	frankentui	ccbd769efa340f4db07122c0c18fa12c83fa19ed	crates/ftui-render/src/roaring_bitmap.rs	32	fd48bb7e9b7b0b03	CURRENT	1	32-32	CURRENT	TM-RA-1
ra:technique:frankentui/roaring-bitmaps/1f59e839	frankentui	ccbd769efa340f4db07122c0c18fa12c83fa19ed	crates/ftui-render/src/roaring_bitmap.rs	9	fc57f63e1e91645f	CURRENT	1	9-9	CURRENT	TM-RA-1
ra:technique:frankentui/terminal-protocol-state-machine/d6c33d21	frankentui	ccbd769efa340f4db07122c0c18fa12c83fa19ed	crates/ftui-core/src/input_parser.rs	38	5ce0c9dfa43635f0	CURRENT	1	38-38	CURRENT	TM-RA-1
ra:technique:frankentui/terminal-protocol-state-machine/d6c33d21	frankentui	ccbd769efa340f4db07122c0c18fa12c83fa19ed	crates/ftui-core/src/input_parser.rs	56	418202a2aa7602c6	CURRENT	1	56-56	CURRENT	TM-RA-1
ra:technique:frankentui/terminal-protocol-state-machine/d6c33d21	frankentui	ccbd769efa340f4db07122c0c18fa12c83fa19ed	crates/ftui-pty/src/virtual_terminal.rs	10	8637607c9bf8eb04	CURRENT	1	10-10	CURRENT	TM-RA-1
ra:technique:frankentui/terminal-protocol-state-machine/d6c33d21	frankentui	ccbd769efa340f4db07122c0c18fa12c83fa19ed	crates/ftui-render/src/sanitize.rs	5	8ec93278aa1f7583	CURRENT	1	5-5	CURRENT	TM-RA-1
ra:technique:frankentui/terminal-protocol-state-machine/12217ecf	frankentui	ccbd769efa340f4db07122c0c18fa12c83fa19ed	crates/ftui-core/src/lib.rs	162	ae85f9e40db9060d	CURRENT	1	162-162	CURRENT	TM-RA-1
ra:technique:frankentui/terminal-protocol-state-machine/12217ecf	frankentui	ccbd769efa340f4db07122c0c18fa12c83fa19ed	crates/ftui-core/src/lib.rs	343	2f8fb2fee87d3b8d	CURRENT	1	343-343	CURRENT	TM-RA-1
ra:technique:frankentui/terminal-protocol-state-machine/12217ecf	frankentui	ccbd769efa340f4db07122c0c18fa12c83fa19ed	crates/ftui-core/src/lib.rs	153	c6a3ce3fbf183074	CURRENT	1	153-153	CURRENT	TM-RA-1
ra:technique:frankentui/ville-inequality/e3909c25	frankentui	ccbd769efa340f4db07122c0c18fa12c83fa19ed	crates/ftui-runtime/src/conformal_alert.rs	37	6267832718cf824f	CURRENT	1	37-37	CURRENT	TM-RA-1
ra:technique:frankentui/ville-inequality/e3909c25	frankentui	ccbd769efa340f4db07122c0c18fa12c83fa19ed	crates/doctor_frankentui/src/guarantee_layer.rs	17	25d40ffb705d695c	CURRENT	1	17-17	CURRENT	TM-RA-1
ra:technique:frankentui-website/cache-replacement/16d4fe18	frankentui-website	3c5777c16512b5a463b9611048c8c8e06e8d0331	lib/lru-cache.ts	2	2d85f9221b69f592	CURRENT	1	2-2	CURRENT	TM-RA-1
ra:technique:frankentui-website/cache-replacement/16d4fe18	frankentui-website	3c5777c16512b5a463b9611048c8c8e06e8d0331	lib/lru-cache.ts	28	c57c7834e95d87d6	CURRENT	1	28-28	CURRENT	TM-RA-1
ra:technique:frankentui-website/information-retrieval-ranking/fbe2c261	frankentui-website	3c5777c16512b5a463b9611048c8c8e06e8d0331	public/beads-viewer/hybrid_scorer.js	3	00772c350ddb0bb7	CURRENT	1	3-3	CURRENT	TM-RA-1
ra:technique:frankentui-website/information-retrieval-ranking/fbe2c261	frankentui-website	3c5777c16512b5a463b9611048c8c8e06e8d0331	public/beads-viewer/hybrid_scorer.js	7	1206518aa94e9191	CURRENT	1	7-7	CURRENT	TM-RA-1
ra:technique:giil/congestion-control-backoff/296f4006	giil	2716d2d79d14876da04918014ab9ed60057e339f	giil	1276	96459043e65ce3dd	CURRENT	1	1276-1276	CURRENT	TM-RA-1
ra:technique:giil/congestion-control-backoff/296f4006	giil	2716d2d79d14876da04918014ab9ed60057e339f	giil	1277	8f40c9f189bec0a3	CURRENT	1	1277-1277	CURRENT	TM-RA-1
ra:technique:giil/rm-error-taxonomy/8719ccc5	giil	2716d2d79d14876da04918014ab9ed60057e339f	giil	67	e6c86c85f35c51b1	CURRENT	1	67-67	CURRENT	TM-RA-1
ra:technique:giil/rm-error-taxonomy/8719ccc5	giil	2716d2d79d14876da04918014ab9ed60057e339f	giil	1268	d2eac0471c768eab	CURRENT	1	1268-1268	CURRENT	TM-RA-1
ra:technique:homebrew-tap/rm-deterministic-hashing-ordering/96e6e282	homebrew-tap	aca1931af51a6c3a9d5e97f1e5ceb0e847b41189	tests/unit/test_update_formula_args.sh	610	233a36cf33c1595f	CURRENT	1	610-610	CURRENT	TM-RA-1
ra:technique:homebrew-tap/rm-deterministic-hashing-ordering/96e6e282	homebrew-tap	aca1931af51a6c3a9d5e97f1e5ceb0e847b41189	tests/unit/test_update_formula_args.sh	612	0f2dee6da840bcb1	CURRENT	1	612-612	CURRENT	TM-RA-1
ra:technique:homebrew-tap/rm-deterministic-hashing-ordering/96e6e282	homebrew-tap	aca1931af51a6c3a9d5e97f1e5ceb0e847b41189	tests/unit/test_update_formula_args.sh	618	edad268325f330d9	CURRENT	1	618-618	CURRENT	TM-RA-1
ra:technique:homebrew-tap/rm-differential-oracle/afef0ca4	homebrew-tap	aca1931af51a6c3a9d5e97f1e5ceb0e847b41189	scripts/update-formula.sh	30	e7efbf5759a566d3	CURRENT	1	30-30	CURRENT	TM-RA-1
ra:technique:homebrew-tap/rm-differential-oracle/afef0ca4	homebrew-tap	aca1931af51a6c3a9d5e97f1e5ceb0e847b41189	scripts/update-formula.sh	62	8b5562eeb077ae35	CURRENT	1	62-62	CURRENT	TM-RA-1
ra:technique:homebrew-tap/rm-differential-oracle/afef0ca4	homebrew-tap	aca1931af51a6c3a9d5e97f1e5ceb0e847b41189	scripts/update-formula.sh	72	41413ef4525e25c1	CURRENT	1	72-72	CURRENT	TM-RA-1
ra:technique:jazz_chord_progression_editor_html/fem-plate-modal-radiation/9d8bd32b	jazz_chord_progression_editor_html	379fb5fc01ae18894c3640882c4873ab7218f3b6	physical/parameter-packs/piano-v2-soundboard.json	3	09eed2aa3dc1181c	CURRENT	1	3-3	CURRENT	TM-RA-1
ra:technique:jazz_chord_progression_editor_html/fem-plate-modal-radiation/9d8bd32b	jazz_chord_progression_editor_html	379fb5fc01ae18894c3640882c4873ab7218f3b6	physical/parameter-packs/piano-v2-soundboard.json	39	42891ed90b7e9216	CURRENT	1	39-39	CURRENT	TM-RA-1
ra:technique:jazz_chord_progression_editor_html/fem-plate-modal-radiation/9d8bd32b	jazz_chord_progression_editor_html	379fb5fc01ae18894c3640882c4873ab7218f3b6	physical/parameter-packs/piano-v2-soundboard.json	52	1ea0080376214e25	CURRENT	1	52-52	CURRENT	TM-RA-1
ra:technique:jazz_chord_progression_editor_html/fem-plate-modal-radiation/9d8bd32b	jazz_chord_progression_editor_html	379fb5fc01ae18894c3640882c4873ab7218f3b6	dsp/concert-grand/tests/piano_v2_soundboard_pack.rs	22	e6fb2b6c1be25ce0	CURRENT	1	22-22	CURRENT	TM-RA-1
ra:technique:jazz_chord_progression_editor_html/fem-plate-modal-radiation/9d8bd32b	jazz_chord_progression_editor_html	379fb5fc01ae18894c3640882c4873ab7218f3b6	dsp/concert-grand/tests/piano_v2_soundboard_pack.rs	23	8dc6897a65b4aa56	CURRENT	1	23-23	CURRENT	TM-RA-1
ra:technique:jazz_chord_progression_editor_html/kirchhoff-carrier-string/62bd8b50	jazz_chord_progression_editor_html	379fb5fc01ae18894c3640882c4873ab7218f3b6	dsp/concert-grand/src/plucked_v2.rs	734	37b333fd8669e65f	CURRENT	1	734-734	CURRENT	TM-RA-1
ra:technique:jazz_chord_progression_editor_html/kirchhoff-carrier-string/62bd8b50	jazz_chord_progression_editor_html	379fb5fc01ae18894c3640882c4873ab7218f3b6	dsp/concert-grand/src/plucked_v2.rs	747	37261e05c7249e90	CURRENT	1	747-747	CURRENT	TM-RA-1
ra:technique:jazz_chord_progression_editor_html/newton-raphson/40be35c9	jazz_chord_progression_editor_html	379fb5fc01ae18894c3640882c4873ab7218f3b6	dsp/concert-grand/src/trumpet.rs	85	89956c80c048e1d9	CURRENT	1	85-85	CURRENT	TM-RA-1
ra:technique:jazz_chord_progression_editor_html/newton-raphson/40be35c9	jazz_chord_progression_editor_html	379fb5fc01ae18894c3640882c4873ab7218f3b6	dsp/concert-grand/src/trumpet.rs	1958	0800c15ac66a0533	CURRENT	1	1958-1958	CURRENT	TM-RA-1
ra:technique:jazz_chord_progression_editor_html/newton-raphson/40be35c9	jazz_chord_progression_editor_html	379fb5fc01ae18894c3640882c4873ab7218f3b6	dsp/concert-grand/src/trumpet.rs	1966	f9f337dd3c62dcec	CURRENT	1	1966-1966	CURRENT	TM-RA-1
ra:technique:jazz_chord_progression_editor_html/newton-raphson/40be35c9	jazz_chord_progression_editor_html	379fb5fc01ae18894c3640882c4873ab7218f3b6	dsp/concert-grand/src/trumpet.rs	1987	d7351df91c51c3b8	CURRENT	1	1987-1987	CURRENT	TM-RA-1
ra:technique:jazz_chord_progression_editor_html/rm-differential-oracle/c8bca324	jazz_chord_progression_editor_html	379fb5fc01ae18894c3640882c4873ab7218f3b6	dsp/concert-grand/src/lib.rs	77	ae26b5091552b8bb	CURRENT	1	77-77	CURRENT	TM-RA-1
ra:technique:jazz_chord_progression_editor_html/rm-differential-oracle/c8bca324	jazz_chord_progression_editor_html	379fb5fc01ae18894c3640882c4873ab7218f3b6	dsp/concert-grand/src/lib.rs	78	f750798e9da923c5	CURRENT	1	78-78	CURRENT	TM-RA-1
ra:technique:jeffrey_emanuel_personal_site/raptorq-fountain/03e4e0df	jeffrey_emanuel_personal_site	a417ba38b2ab8b9986249801bb3104f5b189456c	components/raptorq-visualizations.tsx	599	0d45e91ca0ee6d66	CURRENT	1	599-599	CURRENT	TM-RA-1
ra:technique:jeffrey_emanuel_personal_site/raptorq-fountain/03e4e0df	jeffrey_emanuel_personal_site	a417ba38b2ab8b9986249801bb3104f5b189456c	components/raptorq-visualizations.tsx	627	d63b698a682d0217	CURRENT	1	627-627	CURRENT	TM-RA-1
ra:technique:jeffrey_emanuel_personal_site/raptorq-fountain/03e4e0df	jeffrey_emanuel_personal_site	a417ba38b2ab8b9986249801bb3104f5b189456c	components/raptorq-visualizations.tsx	597	ad8862de6bf4297a	CURRENT	1	597-597	CURRENT	TM-RA-1
ra:technique:jeffrey_emanuel_personal_site/regression-regularization/e0832216	jeffrey_emanuel_personal_site	a417ba38b2ab8b9986249801bb3104f5b189456c	components/barra-visualizations.tsx	829	16e578da7495f520	CURRENT	1	829-829	CURRENT	TM-RA-1
ra:technique:jeffrey_emanuel_personal_site/regression-regularization/e0832216	jeffrey_emanuel_personal_site	a417ba38b2ab8b9986249801bb3104f5b189456c	components/barra-visualizations.tsx	838	b8e7a6e78a0e08e4	CURRENT	1	838-838	CURRENT	TM-RA-1
ra:technique:jeffrey_emanuel_personal_site/regression-regularization/e0832216	jeffrey_emanuel_personal_site	a417ba38b2ab8b9986249801bb3104f5b189456c	components/barra-visualizations.tsx	849	ec1a9965343e332c	CURRENT	1	849-849	CURRENT	TM-RA-1
ra:technique:jeffreysprompts.com/cryptographic-primitives/0e871740	jeffreysprompts.com	7d3962b4f10797974f142bc0b13685d8f216b826	apps/web/src/app/api/appeals/route.ts	25	33a59b3094d152ec	CURRENT	1	25-25	CURRENT	TM-RA-1
ra:technique:jeffreysprompts.com/cryptographic-primitives/0e871740	jeffreysprompts.com	7d3962b4f10797974f142bc0b13685d8f216b826	apps/web/src/app/api/appeals/route.ts	28	f2e8f1e113d1e357	CURRENT	1	28-28	CURRENT	TM-RA-1
ra:technique:jeffreysprompts.com/filesystem-semantics/5efb1a86	jeffreysprompts.com	7d3962b4f10797974f142bc0b13685d8f216b826	crates/jfp/src/storage/jsonl.rs	79	2c27f16454950fa2	CURRENT	1	79-79	CURRENT	TM-RA-1
ra:technique:jeffreysprompts.com/filesystem-semantics/5efb1a86	jeffreysprompts.com	7d3962b4f10797974f142bc0b13685d8f216b826	crates/jfp/src/storage/jsonl.rs	92	7f704dffc73b7d4f	CURRENT	1	92-92	CURRENT	TM-RA-1
ra:technique:jeffreysprompts.com/filesystem-semantics/5efb1a86	jeffreysprompts.com	7d3962b4f10797974f142bc0b13685d8f216b826	crates/jfp/src/storage/database.rs	47	0967fc46afd97ee1	CURRENT	1	47-47	CURRENT	TM-RA-1
ra:technique:jeffreysprompts.com/information-retrieval-ranking/c7874d54	jeffreysprompts.com	7d3962b4f10797974f142bc0b13685d8f216b826	packages/core/src/search/bm25.ts	133	7f6c668c799b5319	CURRENT	1	133-133	CURRENT	TM-RA-1
ra:technique:jeffreysprompts.com/information-retrieval-ranking/c7874d54	jeffreysprompts.com	7d3962b4f10797974f142bc0b13685d8f216b826	packages/core/src/search/bm25.ts	93	7a7f599882385115	CURRENT	1	93-93	CURRENT	TM-RA-1
ra:technique:jeffreysprompts.com/information-retrieval-ranking/c7874d54	jeffreysprompts.com	7d3962b4f10797974f142bc0b13685d8f216b826	packages/core/src/search/scorer.ts	27	bf807f57f232f6ec	CURRENT	1	27-27	CURRENT	TM-RA-1
ra:technique:jeffreysprompts.com/minhash-lsh/b3a0580f	jeffreysprompts.com	7d3962b4f10797974f142bc0b13685d8f216b826	packages/core/src/search/hash-embedder.ts	60	232aa565c36e6584	CURRENT	1	60-60	CURRENT	TM-RA-1
ra:technique:jeffreysprompts.com/minhash-lsh/b3a0580f	jeffreysprompts.com	7d3962b4f10797974f142bc0b13685d8f216b826	packages/core/src/prompts/metadata.ts	130	904b52485dea45c4	CURRENT	1	130-130	CURRENT	TM-RA-1
ra:technique:jeffreysprompts.com/minhash-lsh/b3a0580f	jeffreysprompts.com	7d3962b4f10797974f142bc0b13685d8f216b826	packages/core/src/prompts/metadata.ts	197	afdb84bebd67d149	CURRENT	1	197-197	CURRENT	TM-RA-1
ra:technique:llm-tournament/congestion-control-backoff/12dd3796	llm-tournament	a3bc569d0be3cb43495aa3f9608d56f0032abf02	llm_tournament.py	77	2dc702e1e9eb467b	CURRENT	1	77-77	CURRENT	TM-RA-1
ra:technique:llm-tournament/congestion-control-backoff/12dd3796	llm-tournament	a3bc569d0be3cb43495aa3f9608d56f0032abf02	llm_tournament.py	592	3560fc9727da4048	CURRENT	1	592-592	CURRENT	TM-RA-1
ra:technique:llm-tournament/congestion-control-backoff/12dd3796	llm-tournament	a3bc569d0be3cb43495aa3f9608d56f0032abf02	llm_tournament.py	1416	a6b2bfd33fb4ef22	CURRENT	1	1416-1416	CURRENT	TM-RA-1
ra:technique:llm-tournament/cyclomatic-complexity/04921b01	llm-tournament	a3bc569d0be3cb43495aa3f9608d56f0032abf02	llm_tournament.py	279	265745a85ba660dd	CURRENT	1	279-279	CURRENT	TM-RA-1
ra:technique:llm-tournament/cyclomatic-complexity/04921b01	llm-tournament	a3bc569d0be3cb43495aa3f9608d56f0032abf02	llm_tournament.py	303	0720afe804c2dc57	CURRENT	1	303-303	CURRENT	TM-RA-1
ra:technique:llm-tournament/local.adaptive-parameter-error-recovery/484e5991	llm-tournament	a3bc569d0be3cb43495aa3f9608d56f0032abf02	llm_tournament.py	581	77aef9ed951d2b18	CURRENT	1	581-581	CURRENT	TM-RA-1
ra:technique:llm-tournament/local.adaptive-parameter-error-recovery/484e5991	llm-tournament	a3bc569d0be3cb43495aa3f9608d56f0032abf02	llm_tournament.py	584	b332a1740a06b78b	CURRENT	1	584-584	CURRENT	TM-RA-1
ra:technique:llm-tournament/local.generated-execution-harness-no-correctness-oracle/f75f8478	llm-tournament	a3bc569d0be3cb43495aa3f9608d56f0032abf02	llm_tournament.py	1058	cd31c9495fab65da	CURRENT	1	1058-1058	CURRENT	TM-RA-1
ra:technique:llm-tournament/local.generated-execution-harness-no-correctness-oracle/f75f8478	llm-tournament	a3bc569d0be3cb43495aa3f9608d56f0032abf02	llm_tournament.py	1080	05433df81703f5f3	CURRENT	1	1080-1080	CURRENT	TM-RA-1
ra:technique:llm-tournament/local.llm-code-extraction-with-disk-cache/515645cb	llm-tournament	a3bc569d0be3cb43495aa3f9608d56f0032abf02	llm_tournament.py	121	ee61b5dd72e14433	CURRENT	1	121-121	CURRENT	TM-RA-1
ra:technique:llm-tournament/local.llm-code-extraction-with-disk-cache/515645cb	llm-tournament	a3bc569d0be3cb43495aa3f9608d56f0032abf02	llm_tournament.py	134	e89f078f7872e383	CURRENT	1	134-134	CURRENT	TM-RA-1
ra:technique:llm_aided_ocr/local.llm-prompt-based-ocr-correction/0152252b	llm_aided_ocr	dcde819dd27a04dd11d3cf098ad8bc0916068595	llm_aided_ocr.py	469	ea791a66681f3ab9	CURRENT	1	469-469	CURRENT	TM-RA-1
ra:technique:llm_aided_ocr/local.llm-prompt-based-ocr-correction/0152252b	llm_aided_ocr	dcde819dd27a04dd11d3cf098ad8bc0916068595	llm_aided_ocr.py	488	3780ef7ec6710d0e	CURRENT	1	488-488	CURRENT	TM-RA-1
ra:technique:llm_aided_ocr/otsu-threshold/60f08cbc	llm_aided_ocr	dcde819dd27a04dd11d3cf098ad8bc0916068595	llm_aided_ocr.py	406	bab5018194c0d910	CURRENT	1	406-406	CURRENT	TM-RA-1
ra:technique:llm_aided_ocr/otsu-threshold/60f08cbc	llm_aided_ocr	dcde819dd27a04dd11d3cf098ad8bc0916068595	llm_aided_ocr.py	404	9826e7dcb4c8c09d	CURRENT	1	404-404	CURRENT	TM-RA-1
ra:technique:llm_aided_ocr/speech-recognition-decoding/8d1dad06	llm_aided_ocr	dcde819dd27a04dd11d3cf098ad8bc0916068595	llm_aided_ocr.py	169	fab9a2d9ab6e4a4b	CURRENT	1	169-169	CURRENT	TM-RA-1
ra:technique:llm_aided_ocr/token-budget-estimation/4d57a7c2	llm_aided_ocr	dcde819dd27a04dd11d3cf098ad8bc0916068595	llm_aided_ocr.py	185	1871d3286b2eea93	CURRENT	1	185-185	CURRENT	TM-RA-1
ra:technique:llm_aided_ocr/token-budget-estimation/4d57a7c2	llm_aided_ocr	dcde819dd27a04dd11d3cf098ad8bc0916068595	llm_aided_ocr.py	203	57e411b1fdcbdd81	CURRENT	1	203-203	CURRENT	TM-RA-1
ra:technique:llm_aided_ocr/token-budget-estimation/4d57a7c2	llm_aided_ocr	dcde819dd27a04dd11d3cf098ad8bc0916068595	llm_aided_ocr.py	39	1d0b9b29525bb4f7	CURRENT	1	39-39	CURRENT	TM-RA-1
ra:technique:markdown_web_browser/compression-algorithms/470f0abc	markdown_web_browser	b488a805f8a4871826fdb734106d20cfaf5f73e7	app/store.py	670	e342005d1ee981be	CURRENT	1	670-670	CURRENT	TM-RA-1
ra:technique:markdown_web_browser/congestion-control-backoff/621d31f8	markdown_web_browser	b488a805f8a4871826fdb734106d20cfaf5f73e7	app/rate_limit.py	1	ce3e71c95683d01a	CURRENT	1	1-1	CURRENT	TM-RA-1
ra:technique:markdown_web_browser/congestion-control-backoff/621d31f8	markdown_web_browser	b488a805f8a4871826fdb734106d20cfaf5f73e7	app/rate_limit.py	70	1a93c08007385109	CURRENT	1	70-70	CURRENT	TM-RA-1
ra:technique:markdown_web_browser/congestion-control-backoff/621d31f8	markdown_web_browser	b488a805f8a4871826fdb734106d20cfaf5f73e7	app/ocr_client.py	438	01ea31c3266b0d36	CURRENT	1	438-438	CURRENT	TM-RA-1
ra:technique:markdown_web_browser/congestion-control-backoff/621d31f8	markdown_web_browser	b488a805f8a4871826fdb734106d20cfaf5f73e7	app/ocr_client.py	468	c01b7b4eb3fef171	CURRENT	1	468-468	CURRENT	TM-RA-1
ra:technique:markdown_web_browser/congestion-control-backoff/621d31f8	markdown_web_browser	b488a805f8a4871826fdb734106d20cfaf5f73e7	app/ocr_client.py	470	b6d30ec1da05b2f4	CURRENT	1	470-470	CURRENT	TM-RA-1
ra:technique:markdown_web_browser/congestion-control-backoff/59403274	markdown_web_browser	b488a805f8a4871826fdb734106d20cfaf5f73e7	app/ocr_client.py	513	cac7f7155c5fc443	CURRENT	1	513-513	CURRENT	TM-RA-1
ra:technique:markdown_web_browser/congestion-control-backoff/59403274	markdown_web_browser	b488a805f8a4871826fdb734106d20cfaf5f73e7	app/ocr_client.py	527	0ae150320c94e817	CURRENT	1	527-527	CURRENT	TM-RA-1
ra:technique:markdown_web_browser/congestion-control-backoff/59403274	markdown_web_browser	b488a805f8a4871826fdb734106d20cfaf5f73e7	app/ocr_client.py	573	f279b174df9956d3	CURRENT	1	573-573	CURRENT	TM-RA-1
ra:technique:markdown_web_browser/cryptographic-primitives/2c59898c	markdown_web_browser	b488a805f8a4871826fdb734106d20cfaf5f73e7	app/auth.py	50	07cbe669c0a9860f	CURRENT	1	50-50	CURRENT	TM-RA-1
ra:technique:markdown_web_browser/cryptographic-primitives/2c59898c	markdown_web_browser	b488a805f8a4871826fdb734106d20cfaf5f73e7	app/cache.py	51	aa687b3bdd3ed38a	CURRENT	1	51-51	CURRENT	TM-RA-1
ra:technique:markdown_web_browser/cryptographic-primitives/2c59898c	markdown_web_browser	b488a805f8a4871826fdb734106d20cfaf5f73e7	app/cache.py	1	d3a974f21601e121	CURRENT	1	1-1	CURRENT	TM-RA-1
ra:technique:markdown_web_browser/diff-algorithms/24d09728	markdown_web_browser	b488a805f8a4871826fdb734106d20cfaf5f73e7	app/dedup.py	10	685a609eba51ad55	CURRENT	1	10-10	CURRENT	TM-RA-1
ra:technique:markdown_web_browser/diff-algorithms/24d09728	markdown_web_browser	b488a805f8a4871826fdb734106d20cfaf5f73e7	app/dedup.py	120	d2c50b40776695e2	CURRENT	1	120-120	CURRENT	TM-RA-1
ra:technique:markdown_web_browser/diff-algorithms/24d09728	markdown_web_browser	b488a805f8a4871826fdb734106d20cfaf5f73e7	app/dedup.py	44	8d9b222aabc748fb	CURRENT	1	44-44	CURRENT	TM-RA-1
ra:technique:markdown_web_browser/diff-algorithms/24d09728	markdown_web_browser	b488a805f8a4871826fdb734106d20cfaf5f73e7	app/dedup.py	174	de450b2099ca2dae	CURRENT	1	174-174	CURRENT	TM-RA-1
ra:technique:markdown_web_browser/vector-search-ann/b10b7426	markdown_web_browser	b488a805f8a4871826fdb734106d20cfaf5f73e7	app/embeddings.py	138	bc90f30eb76413ee	CURRENT	1	138-138	CURRENT	TM-RA-1
ra:technique:markdown_web_browser/vector-search-ann/b10b7426	markdown_web_browser	b488a805f8a4871826fdb734106d20cfaf5f73e7	app/embeddings.py	129	19c2c7ec6b6c9b7e	CURRENT	1	129-129	CURRENT	TM-RA-1
ra:technique:markdown_web_browser/vector-search-ann/b10b7426	markdown_web_browser	b488a805f8a4871826fdb734106d20cfaf5f73e7	app/embeddings.py	113	844f60870331b302	CURRENT	1	113-113	CURRENT	TM-RA-1
ra:technique:markdown_web_browser/wal-aries/b56757e1	markdown_web_browser	b488a805f8a4871826fdb734106d20cfaf5f73e7	app/store.py	787	07810d56b6aee173	CURRENT	1	787-787	CURRENT	TM-RA-1
ra:technique:markdown_web_browser/wal-aries/b56757e1	markdown_web_browser	b488a805f8a4871826fdb734106d20cfaf5f73e7	app/store.py	788	af666ca6d265f8f4	CURRENT	1	788-788	CURRENT	TM-RA-1
ra:technique:mcp_agent_mail/congestion-control-backoff/8649060e	mcp_agent_mail	7bce6f031bc29331d7e5aa09a9f67c75c2ab5430	src/mcp_agent_mail/storage.py	818	af1840fbdffc2c4a	CURRENT	1	818-818	CURRENT	TM-RA-1
ra:technique:mcp_agent_mail/congestion-control-backoff/8649060e	mcp_agent_mail	7bce6f031bc29331d7e5aa09a9f67c75c2ab5430	src/mcp_agent_mail/storage.py	832	36d94aa2a491e840	CURRENT	1	832-832	CURRENT	TM-RA-1
ra:technique:mcp_agent_mail/file-locking-leases/04cf32aa	mcp_agent_mail	7bce6f031bc29331d7e5aa09a9f67c75c2ab5430	src/mcp_agent_mail/storage.py	835	98918a0f16188db1	CURRENT	1	835-835	CURRENT	TM-RA-1
ra:technique:mcp_agent_mail/file-locking-leases/04cf32aa	mcp_agent_mail	7bce6f031bc29331d7e5aa09a9f67c75c2ab5430	src/mcp_agent_mail/storage.py	809	d8ebd08e6baf694f	CURRENT	1	809-809	CURRENT	TM-RA-1
ra:technique:mcp_agent_mail/mvcc/2a3fa95a	mcp_agent_mail	7bce6f031bc29331d7e5aa09a9f67c75c2ab5430	src/mcp_agent_mail/app.py	11470	61ee594a380a5162	CURRENT	1	11470-11470	CURRENT	TM-RA-1
ra:technique:mcp_agent_mail/mvcc/2a3fa95a	mcp_agent_mail	7bce6f031bc29331d7e5aa09a9f67c75c2ab5430	src/mcp_agent_mail/app.py	4341	82009df71fdff3bf	CURRENT	1	4341-4341	CURRENT	TM-RA-1
ra:technique:mcp_agent_mail/mvcc/2a3fa95a	mcp_agent_mail	7bce6f031bc29331d7e5aa09a9f67c75c2ab5430	src/mcp_agent_mail/app.py	4315	c7844fe9c523898e	CURRENT	1	4315-4315	CURRENT	TM-RA-1
ra:technique:mcp_agent_mail_rust/cache-replacement/de8015d9	mcp_agent_mail_rust	2d340290672a9baf8b041c84cca71bb8c8c3032a	crates/mcp-agent-mail-db/src/s3fifo.rs	1	e0d68c6e5d5bd976	CURRENT	1	1-1	CURRENT	TM-RA-1
ra:technique:mcp_agent_mail_rust/cache-replacement/de8015d9	mcp_agent_mail_rust	2d340290672a9baf8b041c84cca71bb8c8c3032a	crates/mcp-agent-mail-db/src/cache.rs	18	ebf56b0d51d10a30	CURRENT	1	18-18	CURRENT	TM-RA-1
ra:technique:mcp_agent_mail_rust/conformal-prediction/ae8aacb0	mcp_agent_mail_rust	2d340290672a9baf8b041c84cca71bb8c8c3032a	crates/mcp-agent-mail-core/src/conformal.rs	7	234f91b29df1f08c	CURRENT	1	7-7	CURRENT	TM-RA-1
ra:technique:mcp_agent_mail_rust/conformal-prediction/ae8aacb0	mcp_agent_mail_rust	2d340290672a9baf8b041c84cca71bb8c8c3032a	crates/mcp-agent-mail-core/src/conformal.rs	146	3d1c7bc074abf3b6	CURRENT	1	146-146	CURRENT	TM-RA-1
ra:technique:mcp_agent_mail_rust/conformal-prediction/ae8aacb0	mcp_agent_mail_rust	2d340290672a9baf8b041c84cca71bb8c8c3032a	crates/mcp-agent-mail-core/src/conformal.rs	11	a9394ea14f026d6b	CURRENT	1	11-11	CURRENT	TM-RA-1
ra:technique:mcp_agent_mail_rust/congestion-control-backoff/034b14e2	mcp_agent_mail_rust	2d340290672a9baf8b041c84cca71bb8c8c3032a	crates/mcp-agent-mail-db/src/retry.rs	21	7e19b940bba5c03c	CURRENT	1	21-21	CURRENT	TM-RA-1
ra:technique:mcp_agent_mail_rust/congestion-control-backoff/034b14e2	mcp_agent_mail_rust	2d340290672a9baf8b041c84cca71bb8c8c3032a	crates/mcp-agent-mail-core/src/backpressure.rs	9	65a8158cfd4e9ed3	CURRENT	1	9-9	CURRENT	TM-RA-1
ra:technique:mcp_agent_mail_rust/cryptographic-primitives/3ccaee58	mcp_agent_mail_rust	2d340290672a9baf8b041c84cca71bb8c8c3032a	crates/mcp-agent-mail-cli/src/doctor/manifest.rs	46	f8f92fb97aa1a4eb	CURRENT	1	46-46	CURRENT	TM-RA-1
ra:technique:mcp_agent_mail_rust/cryptographic-primitives/3ccaee58	mcp_agent_mail_rust	2d340290672a9baf8b041c84cca71bb8c8c3032a	crates/mcp-agent-mail-cli/src/doctor/manifest.rs	81	52fb31547319f3a6	CURRENT	1	81-81	CURRENT	TM-RA-1
ra:technique:mcp_agent_mail_rust/cryptographic-primitives/3ccaee58	mcp_agent_mail_rust	2d340290672a9baf8b041c84cca71bb8c8c3032a	crates/mcp-agent-mail-cli/src/doctor/manifest.rs	635	d9f43991d4b7df51	CURRENT	1	635-635	CURRENT	TM-RA-1
ra:technique:mcp_agent_mail_rust/diff-algorithms/08946389	mcp_agent_mail_rust	2d340290672a9baf8b041c84cca71bb8c8c3032a	crates/mcp-agent-mail-db/src/query_assistance.rs	222	98a32facc2a95243	CURRENT	1	222-222	CURRENT	TM-RA-1
ra:technique:mcp_agent_mail_rust/e-value/77b243ab	mcp_agent_mail_rust	2d340290672a9baf8b041c84cca71bb8c8c3032a	crates/mcp-agent-mail-core/src/atc_policy_certificates.rs	51	c69e0c18f1ef0bd1	CURRENT	1	51-51	CURRENT	TM-RA-1
ra:technique:mcp_agent_mail_rust/e-value/77b243ab	mcp_agent_mail_rust	2d340290672a9baf8b041c84cca71bb8c8c3032a	crates/mcp-agent-mail-core/src/atc_policy_certificates.rs	681	296af3e275794ff0	CURRENT	1	681-681	CURRENT	TM-RA-1
ra:technique:mcp_agent_mail_rust/e-value/77b243ab	mcp_agent_mail_rust	2d340290672a9baf8b041c84cca71bb8c8c3032a	crates/mcp-agent-mail-core/src/atc_policy_certificates.rs	717	1d18e0a44ea4483d	CURRENT	1	717-717	CURRENT	TM-RA-1
ra:technique:mcp_agent_mail_rust/ewma/7debc3c1	mcp_agent_mail_rust	2d340290672a9baf8b041c84cca71bb8c8c3032a	crates/mcp-agent-mail-core/src/atc_assumptions.rs	366	9c94bd05e6eed4f2	CURRENT	1	366-366	CURRENT	TM-RA-1
ra:technique:mcp_agent_mail_rust/ewma/7debc3c1	mcp_agent_mail_rust	2d340290672a9baf8b041c84cca71bb8c8c3032a	crates/mcp-agent-mail-core/src/atc_assumptions.rs	147	7ca894c9295a5400	CURRENT	1	147-147	CURRENT	TM-RA-1
ra:technique:mcp_agent_mail_rust/exp3/c5ccb682	mcp_agent_mail_rust	2d340290672a9baf8b041c84cca71bb8c8c3032a	crates/mcp-agent-mail-core/src/atc_adaptation.rs	22	91655622dfbbf121	CURRENT	1	22-22	CURRENT	TM-RA-1
ra:technique:mcp_agent_mail_rust/exp3/c5ccb682	mcp_agent_mail_rust	2d340290672a9baf8b041c84cca71bb8c8c3032a	crates/mcp-agent-mail-core/src/atc_adaptation.rs	27	ddc650838ccc3cd8	CURRENT	1	27-27	CURRENT	TM-RA-1
ra:technique:mcp_agent_mail_rust/exp3/c5ccb682	mcp_agent_mail_rust	2d340290672a9baf8b041c84cca71bb8c8c3032a	crates/mcp-agent-mail-core/src/atc_adaptation.rs	230	b2210378af4544a2	CURRENT	1	230-230	CURRENT	TM-RA-1
ra:technique:mcp_agent_mail_rust/file-locking-leases/ba9f7f9c	mcp_agent_mail_rust	2d340290672a9baf8b041c84cca71bb8c8c3032a	crates/mcp-agent-mail-tools/src/reservations.rs	298	3b6e4f87a755cbc6	CURRENT	1	298-298	CURRENT	TM-RA-1
ra:technique:mcp_agent_mail_rust/file-locking-leases/ba9f7f9c	mcp_agent_mail_rust	2d340290672a9baf8b041c84cca71bb8c8c3032a	crates/mcp-agent-mail-tools/src/reservations.rs	326	8df59109e8189805	CURRENT	1	326-326	CURRENT	TM-RA-1
ra:technique:mcp_agent_mail_rust/filesystem-semantics/8d82525e	mcp_agent_mail_rust	2d340290672a9baf8b041c84cca71bb8c8c3032a	crates/mcp-agent-mail-cli/src/doctor/fixers/empty_or_truncated_db.rs	38	0c2607f3eba44040	CURRENT	1	38-38	CURRENT	TM-RA-1
ra:technique:mcp_agent_mail_rust/filesystem-semantics/8d82525e	mcp_agent_mail_rust	2d340290672a9baf8b041c84cca71bb8c8c3032a	crates/mcp-agent-mail-cli/src/doctor/fixers/empty_or_truncated_db.rs	88	0981dcf99981bd0c	CURRENT	1	88-88	CURRENT	TM-RA-1
ra:technique:mcp_agent_mail_rust/information-retrieval-ranking/06a70178	mcp_agent_mail_rust	2d340290672a9baf8b041c84cca71bb8c8c3032a	crates/mcp-agent-mail-db/src/search_fusion.rs	1	ff636c12709ff435	CURRENT	1	1-1	CURRENT	TM-RA-1
ra:technique:mcp_agent_mail_rust/information-retrieval-ranking/06a70178	mcp_agent_mail_rust	2d340290672a9baf8b041c84cca71bb8c8c3032a	crates/mcp-agent-mail-db/src/search_fusion.rs	31	7bf3cb9ecfc870f4	CURRENT	1	31-31	CURRENT	TM-RA-1
ra:technique:mcp_agent_mail_rust/locks-spin-mcs/47d91c8c	mcp_agent_mail_rust	2d340290672a9baf8b041c84cca71bb8c8c3032a	crates/mcp-agent-mail-core/src/lock_order.rs	11	98c8b4034c0c38fa	CURRENT	1	11-11	CURRENT	TM-RA-1
ra:technique:mcp_agent_mail_rust/locks-spin-mcs/47d91c8c	mcp_agent_mail_rust	2d340290672a9baf8b041c84cca71bb8c8c3032a	crates/mcp-agent-mail-core/src/lock_order.rs	18	6d8d359ae54975fb	CURRENT	1	18-18	CURRENT	TM-RA-1
ra:technique:mcp_agent_mail_rust/monotone-id-floor-recovery/daf883e7	mcp_agent_mail_rust	2d340290672a9baf8b041c84cca71bb8c8c3032a	crates/mcp-agent-mail-db/src/id_floor.rs	11	32e6f3aefc2a9b51	CURRENT	1	11-11	CURRENT	TM-RA-1
ra:technique:mcp_agent_mail_rust/monotone-id-floor-recovery/daf883e7	mcp_agent_mail_rust	2d340290672a9baf8b041c84cca71bb8c8c3032a	crates/mcp-agent-mail-db/src/id_floor.rs	36	5b4bcfe649c30575	CURRENT	1	36-36	CURRENT	TM-RA-1
ra:technique:mcp_agent_mail_rust/monotonic-time/4a0618c7	mcp_agent_mail_rust	2d340290672a9baf8b041c84cca71bb8c8c3032a	crates/mcp-agent-mail-core/src/timestamps.rs	9	a89dbfe5f657659f	CURRENT	1	9-9	CURRENT	TM-RA-1
ra:technique:mcp_agent_mail_rust/monotonic-time/4a0618c7	mcp_agent_mail_rust	2d340290672a9baf8b041c84cca71bb8c8c3032a	crates/mcp-agent-mail-core/src/timestamps.rs	10	1dfa7529aa3ea6e9	CURRENT	1	10-10	CURRENT	TM-RA-1
ra:technique:mcp_agent_mail_rust/off-policy-evaluation-ips-dr/15f8e2f5	mcp_agent_mail_rust	2d340290672a9baf8b041c84cca71bb8c8c3032a	crates/mcp-agent-mail-core/src/atc_policy_certificates.rs	33	e3c15ff5243ec065	CURRENT	1	33-33	CURRENT	TM-RA-1
ra:technique:mcp_agent_mail_rust/off-policy-evaluation-ips-dr/15f8e2f5	mcp_agent_mail_rust	2d340290672a9baf8b041c84cca71bb8c8c3032a	crates/mcp-agent-mail-core/src/atc_policy_certificates.rs	45	285d578aadc48ed3	CURRENT	1	45-45	CURRENT	TM-RA-1
ra:technique:mcp_agent_mail_rust/off-policy-evaluation-ips-dr/15f8e2f5	mcp_agent_mail_rust	2d340290672a9baf8b041c84cca71bb8c8c3032a	crates/mcp-agent-mail-core/src/atc_policy_certificates.rs	98	03fe6a6ce2a8a760	CURRENT	1	98-98	CURRENT	TM-RA-1
ra:technique:mcp_agent_mail_rust/promotion-write-barrier/8bfdb00f	mcp_agent_mail_rust	2d340290672a9baf8b041c84cca71bb8c8c3032a	crates/mcp-agent-mail-db/src/write_barrier.rs	7	8b8e54d9a62f67b5	CURRENT	1	7-7	CURRENT	TM-RA-1
ra:technique:mcp_agent_mail_rust/promotion-write-barrier/8bfdb00f	mcp_agent_mail_rust	2d340290672a9baf8b041c84cca71bb8c8c3032a	crates/mcp-agent-mail-db/src/write_barrier.rs	28	5d7bec93b6e91761	CURRENT	1	28-28	CURRENT	TM-RA-1
ra:technique:mcp_agent_mail_rust/rm-concurrency-model-checking/e637121e	mcp_agent_mail_rust	2d340290672a9baf8b041c84cca71bb8c8c3032a	crates/mcp-agent-mail-core/tests/loom_update_max.rs	1	9e3bb495b45bd571	CURRENT	1	1-1	CURRENT	TM-RA-1
ra:technique:mcp_agent_mail_rust/rm-concurrency-model-checking/e637121e	mcp_agent_mail_rust	2d340290672a9baf8b041c84cca71bb8c8c3032a	crates/mcp-agent-mail-db/tests/loom_coalesce.rs	10	939fd56da6c45760	CURRENT	1	10-10	CURRENT	TM-RA-1
ra:technique:mcp_agent_mail_rust/rm-invariant-assertions/ab413717	mcp_agent_mail_rust	2d340290672a9baf8b041c84cca71bb8c8c3032a	crates/mcp-agent-mail-db/src/invariants.rs	3	12be7bb676012201	CURRENT	1	3-3	CURRENT	TM-RA-1
ra:technique:mcp_agent_mail_rust/rm-invariant-assertions/ab413717	mcp_agent_mail_rust	2d340290672a9baf8b041c84cca71bb8c8c3032a	crates/mcp-agent-mail-db/src/invariants.rs	15	ab0d567f742471b4	CURRENT	1	15-15	CURRENT	TM-RA-1
ra:technique:mcp_agent_mail_rust/rm-type-driven-design/1b8aa62c	mcp_agent_mail_rust	2d340290672a9baf8b041c84cca71bb8c8c3032a	crates/mcp-agent-mail-core/src/slo.rs	169	77b2ec5d7103a0d1	CURRENT	1	169-169	CURRENT	TM-RA-1
ra:technique:mcp_agent_mail_rust/rm-type-driven-design/1b8aa62c	mcp_agent_mail_rust	2d340290672a9baf8b041c84cca71bb8c8c3032a	crates/mcp-agent-mail-core/src/slo.rs	184	d29b5e1d80849ab8	CURRENT	1	184-184	CURRENT	TM-RA-1
ra:technique:mcp_agent_mail_rust/singleflight-coalescing/fe9af19b	mcp_agent_mail_rust	2d340290672a9baf8b041c84cca71bb8c8c3032a	crates/mcp-agent-mail-db/src/coalesce.rs	3	ef72657ba4f85f6f	CURRENT	1	3-3	CURRENT	TM-RA-1
ra:technique:mcp_agent_mail_rust/singleflight-coalescing/fe9af19b	mcp_agent_mail_rust	2d340290672a9baf8b041c84cca71bb8c8c3032a	crates/mcp-agent-mail-db/src/coalesce.rs	11	9833548365e4ddf7	CURRENT	1	11-11	CURRENT	TM-RA-1
ra:technique:mcp_agent_mail_rust/structured-concurrency/9a9a1381	mcp_agent_mail_rust	2d340290672a9baf8b041c84cca71bb8c8c3032a	crates/mcp-agent-mail-core/src/test_harness.rs	44	2b830e60f313799a	CURRENT	1	44-44	CURRENT	TM-RA-1
ra:technique:mcp_agent_mail_rust/two-phase-commit-sagas/8804aeb7	mcp_agent_mail_rust	2d340290672a9baf8b041c84cca71bb8c8c3032a	crates/mcp-agent-mail-db/src/idempotency.rs	15	f016b2d6562c802e	CURRENT	1	15-15	CURRENT	TM-RA-1
ra:technique:mcp_agent_mail_rust/two-phase-commit-sagas/8804aeb7	mcp_agent_mail_rust	2d340290672a9baf8b041c84cca71bb8c8c3032a	crates/mcp-agent-mail-db/src/idempotency.rs	17	2b98f1236c852492	CURRENT	1	17-17	CURRENT	TM-RA-1
ra:technique:mcp_agent_mail_rust/two-phase-commit-sagas/8804aeb7	mcp_agent_mail_rust	2d340290672a9baf8b041c84cca71bb8c8c3032a	crates/mcp-agent-mail-db/src/idempotency.rs	55	95c1c277eb20a469	CURRENT	1	55-55	CURRENT	TM-RA-1
ra:technique:mcp_agent_mail_rust/wal-aries/27e0490e	mcp_agent_mail_rust	2d340290672a9baf8b041c84cca71bb8c8c3032a	crates/mcp-agent-mail-db/src/schema.rs	317	cae6e19fb4c1af2a	CURRENT	1	317-317	CURRENT	TM-RA-1
ra:technique:mcp_agent_mail_rust/wal-aries/27e0490e	mcp_agent_mail_rust	2d340290672a9baf8b041c84cca71bb8c8c3032a	crates/mcp-agent-mail-db/src/schema.rs	342	3e8387d6972a6ab4	CURRENT	1	342-342	CURRENT	TM-RA-1
ra:technique:mcp_agent_mail_rust/wal-aries/27e0490e	mcp_agent_mail_rust	2d340290672a9baf8b041c84cca71bb8c8c3032a	crates/mcp-agent-mail-core/src/config.rs	44	429d6d0d3252f001	CURRENT	1	44-44	CURRENT	TM-RA-1
ra:technique:mcp_agent_mail_rust/wal-aries/27e0490e	mcp_agent_mail_rust	2d340290672a9baf8b041c84cca71bb8c8c3032a	crates/mcp-agent-mail-db/src/wal_classify.rs	185	79136b5d203ec45a	CURRENT	1	185-185	CURRENT	TM-RA-1
ra:technique:meta_skill/beta-bernoulli/266a7d29	meta_skill	7df763faaed8dca182e8758cdcec4245e5da51cf	src/suggestions/bandit/types.rs	109	fdff33d60aa27d6b	CURRENT	1	109-109	CURRENT	TM-RA-1
ra:technique:meta_skill/beta-bernoulli/266a7d29	meta_skill	7df763faaed8dca182e8758cdcec4245e5da51cf	src/suggestions/bandit/types.rs	121	4176fb235bedadfe	CURRENT	1	121-121	CURRENT	TM-RA-1
ra:technique:meta_skill/cache-replacement/5b9151bf	meta_skill	7df763faaed8dca182e8758cdcec4245e5da51cf	src/app.rs	24	83bba4982f6dcc99	CURRENT	1	24-24	CURRENT	TM-RA-1
ra:technique:meta_skill/cache-replacement/5b9151bf	meta_skill	7df763faaed8dca182e8758cdcec4245e5da51cf	src/app.rs	37	fec484f902bc5ff1	CURRENT	1	37-37	CURRENT	TM-RA-1
ra:technique:meta_skill/centrality-measures/38b0b627	meta_skill	7df763faaed8dca182e8758cdcec4245e5da51cf	src/cli/commands/graph.rs	142	ad849f9b0f29a835	CURRENT	1	142-142	CURRENT	TM-RA-1
ra:technique:meta_skill/contextual-bandit/1dd17bfc	meta_skill	7df763faaed8dca182e8758cdcec4245e5da51cf	src/suggestions/bandit/contextual.rs	220	c5a14d74326930f4	CURRENT	1	220-220	CURRENT	TM-RA-1
ra:technique:meta_skill/contextual-bandit/1dd17bfc	meta_skill	7df763faaed8dca182e8758cdcec4245e5da51cf	src/suggestions/bandit/contextual.rs	318	d56f3d7eaf6b8146	CURRENT	1	318-318	CURRENT	TM-RA-1
ra:technique:meta_skill/contextual-bandit/1dd17bfc	meta_skill	7df763faaed8dca182e8758cdcec4245e5da51cf	src/suggestions/bandit/features.rs	18	d0d6baba0364e5ab	CURRENT	1	18-18	CURRENT	TM-RA-1
ra:technique:meta_skill/contextual-bandit/1dd17bfc	meta_skill	7df763faaed8dca182e8758cdcec4245e5da51cf	src/suggestions/bandit/contextual.rs	893	8990c18a9a4c8aba	CURRENT	1	893-893	CURRENT	TM-RA-1
ra:technique:meta_skill/file-locking-leases/377e6506	meta_skill	7df763faaed8dca182e8758cdcec4245e5da51cf	src/storage/tx.rs	117	a0812dfccee4e8ab	CURRENT	1	117-117	CURRENT	TM-RA-1
ra:technique:meta_skill/file-locking-leases/377e6506	meta_skill	7df763faaed8dca182e8758cdcec4245e5da51cf	src/storage/tx.rs	186	037b8118a1a8f880	CURRENT	1	186-186	CURRENT	TM-RA-1
ra:technique:meta_skill/hashing-functions/0871ac06	meta_skill	7df763faaed8dca182e8758cdcec4245e5da51cf	src/search/embeddings.rs	356	3dce62a9b2129799	CURRENT	1	356-356	CURRENT	TM-RA-1
ra:technique:meta_skill/hashing-functions/0871ac06	meta_skill	7df763faaed8dca182e8758cdcec4245e5da51cf	src/search/embeddings.rs	357	3a621f5efedad46f	CURRENT	1	357-357	CURRENT	TM-RA-1
ra:technique:meta_skill/information-retrieval-ranking/78a53c89	meta_skill	7df763faaed8dca182e8758cdcec4245e5da51cf	src/search/hybrid.rs	11	b0bb7a4d4b2c99fe	CURRENT	1	11-11	CURRENT	TM-RA-1
ra:technique:meta_skill/information-retrieval-ranking/78a53c89	meta_skill	7df763faaed8dca182e8758cdcec4245e5da51cf	src/search/hybrid.rs	106	5bb3181672e7aa7f	CURRENT	1	106-106	CURRENT	TM-RA-1
ra:technique:meta_skill/information-retrieval-ranking/78a53c89	meta_skill	7df763faaed8dca182e8758cdcec4245e5da51cf	src/search/hybrid.rs	36	6851d2d674c27a17	CURRENT	1	36-36	CURRENT	TM-RA-1
ra:technique:meta_skill/prompt-injection-defense/f0e01bd5	meta_skill	7df763faaed8dca182e8758cdcec4245e5da51cf	migrations/004_add_acip_quarantine.sql	2	7740a316fbb21ea4	CURRENT	1	2-2	CURRENT	TM-RA-1
ra:technique:meta_skill/prompt-injection-defense/f0e01bd5	meta_skill	7df763faaed8dca182e8758cdcec4245e5da51cf	src/error/codes.rs	118	faf82550c1a01fe8	CURRENT	1	118-118	CURRENT	TM-RA-1
ra:technique:meta_skill/rate-distortion-embedding-hash/ef8f2fa6	meta_skill	7df763faaed8dca182e8758cdcec4245e5da51cf	src/search/embeddings.rs	339	b8f1b943c7ab10aa	CURRENT	1	339-339	CURRENT	TM-RA-1
ra:technique:meta_skill/rate-distortion-embedding-hash/ef8f2fa6	meta_skill	7df763faaed8dca182e8758cdcec4245e5da51cf	src/search/embeddings.rs	343	885f4b3a2e38fe61	CURRENT	1	343-343	CURRENT	TM-RA-1
ra:technique:meta_skill/rate-distortion-embedding-hash/ef8f2fa6	meta_skill	7df763faaed8dca182e8758cdcec4245e5da51cf	src/search/embeddings.rs	386	bf4342d18e21c6b7	CURRENT	1	386-386	CURRENT	TM-RA-1
ra:technique:meta_skill/rate-distortion-embedding-hash/ef8f2fa6	meta_skill	7df763faaed8dca182e8758cdcec4245e5da51cf	src/search/embeddings.rs	401	06fb1d13c3b55cf6	CURRENT	1	401-401	CURRENT	TM-RA-1
ra:technique:meta_skill/rm-unsafe-discipline/34b155b7	meta_skill	7df763faaed8dca182e8758cdcec4245e5da51cf	Cargo.toml	179	73b320df205c075a	CURRENT	1	179-179	CURRENT	TM-RA-1
ra:technique:meta_skill/rm-unsafe-discipline/34b155b7	meta_skill	7df763faaed8dca182e8758cdcec4245e5da51cf	src/core/recovery.rs	618	20a42d423b54e15d	CURRENT	1	618-618	CURRENT	TM-RA-1
ra:technique:meta_skill/scientific-method-brenner/7cf38b43	meta_skill	7df763faaed8dca182e8758cdcec4245e5da51cf	src/cass/brenner.rs	9	c62a3b03f1ba0560	CURRENT	1	9-9	CURRENT	TM-RA-1
ra:technique:meta_skill/scientific-method-brenner/7cf38b43	meta_skill	7df763faaed8dca182e8758cdcec4245e5da51cf	src/cass/transformation.rs	259	be3a06372e16064b	CURRENT	1	259-259	CURRENT	TM-RA-1
ra:technique:meta_skill/special-functions/7e58062b	meta_skill	7df763faaed8dca182e8758cdcec4245e5da51cf	src/cli/commands/experiment.rs	1052	89bf5be12b48f1ee	CURRENT	1	1052-1052	CURRENT	TM-RA-1
ra:technique:meta_skill/special-functions/7e58062b	meta_skill	7df763faaed8dca182e8758cdcec4245e5da51cf	src/cli/commands/experiment.rs	1054	08983bf71b11dc3b	CURRENT	1	1054-1054	CURRENT	TM-RA-1
ra:technique:meta_skill/thompson-sampling/b48a36c6	meta_skill	7df763faaed8dca182e8758cdcec4245e5da51cf	src/suggestions/bandit/bandit.rs	74	098a4f707e81f16d	CURRENT	1	74-74	CURRENT	TM-RA-1
ra:technique:meta_skill/thompson-sampling/b48a36c6	meta_skill	7df763faaed8dca182e8758cdcec4245e5da51cf	src/suggestions/bandit/bandit.rs	78	92ed7d9748eb5d38	CURRENT	1	78-78	CURRENT	TM-RA-1
ra:technique:meta_skill/thompson-sampling/b48a36c6	meta_skill	7df763faaed8dca182e8758cdcec4245e5da51cf	src/cli/commands/experiment.rs	1136	88190f2bd9172379	CURRENT	1	1136-1136	CURRENT	TM-RA-1
ra:technique:meta_skill/thompson-sampling/b48a36c6	meta_skill	7df763faaed8dca182e8758cdcec4245e5da51cf	src/suggestions/bandit/bandit.rs	202	5a426b982c716ebb	CURRENT	1	202-202	CURRENT	TM-RA-1
ra:technique:meta_skill/two-phase-commit-sagas/f32396fa	meta_skill	7df763faaed8dca182e8758cdcec4245e5da51cf	src/storage/tx.rs	1	d4c8ce84657f32b1	CURRENT	1	1-1	CURRENT	TM-RA-1
ra:technique:meta_skill/two-phase-commit-sagas/f32396fa	meta_skill	7df763faaed8dca182e8758cdcec4245e5da51cf	src/storage/tx.rs	35	f3018362c2263b3e	CURRENT	1	35-35	CURRENT	TM-RA-1
ra:technique:meta_skill/two-phase-commit-sagas/f32396fa	meta_skill	7df763faaed8dca182e8758cdcec4245e5da51cf	src/storage/tx.rs	317	3d24943bf3f57ae4	CURRENT	1	317-317	CURRENT	TM-RA-1
ra:technique:meta_skill/two-proportion-z-test/ff000df4	meta_skill	7df763faaed8dca182e8758cdcec4245e5da51cf	src/cli/commands/experiment.rs	1039	85fa0c6ad6d60ed5	CURRENT	1	1039-1039	CURRENT	TM-RA-1
ra:technique:meta_skill/two-proportion-z-test/ff000df4	meta_skill	7df763faaed8dca182e8758cdcec4245e5da51cf	src/cli/commands/experiment.rs	1034	e050307067181525	CURRENT	1	1034-1034	CURRENT	TM-RA-1
ra:technique:meta_skill/two-proportion-z-test/ff000df4	meta_skill	7df763faaed8dca182e8758cdcec4245e5da51cf	src/cli/commands/experiment.rs	1005	acf4b0b8fdbec0ad	CURRENT	1	1005-1005	CURRENT	TM-RA-1
ra:technique:meta_skill/twosum-fma/9385f61d	meta_skill	7df763faaed8dca182e8758cdcec4245e5da51cf	src/cass/mining.rs	513	9c116bbb21cbdac0	CURRENT	1	513-513	CURRENT	TM-RA-1
ra:technique:meta_skill/ucb/9b2140c0	meta_skill	7df763faaed8dca182e8758cdcec4245e5da51cf	src/suggestions/bandit/bandit.rs	130	c41c52c72529c8ad	CURRENT	1	130-130	CURRENT	TM-RA-1
ra:technique:meta_skill/ucb/9b2140c0	meta_skill	7df763faaed8dca182e8758cdcec4245e5da51cf	src/suggestions/bandit/contextual.rs	230	92e00e38a1d6d71f	CURRENT	1	230-230	CURRENT	TM-RA-1
ra:technique:mindmap-generator/compression-algorithms/e86a4309	mindmap-generator	4b835da675c17cf19f286591a975385d690c8460	mindmap_generator.py	4264	8af754c8a313eced	CURRENT	1	4264-4264	CURRENT	TM-RA-1
ra:technique:mindmap-generator/congestion-control-backoff/b8cb983a	mindmap-generator	4b835da675c17cf19f286591a975385d690c8460	mindmap_generator.py	666	2c94a61bd10f8e9e	CURRENT	1	666-666	CURRENT	TM-RA-1
ra:technique:mindmap-generator/congestion-control-backoff/b8cb983a	mindmap-generator	4b835da675c17cf19f286591a975385d690c8460	mindmap_generator.py	667	ade8c22c52212643	CURRENT	1	667-667	CURRENT	TM-RA-1
ra:technique:mindmap-generator/diff-algorithms/401a6188	mindmap-generator	4b835da675c17cf19f286591a975385d690c8460	mindmap_generator.py	1990	87039548f871fd9a	CURRENT	1	1990-1990	CURRENT	TM-RA-1
ra:technique:mindmap-generator/diff-algorithms/401a6188	mindmap-generator	4b835da675c17cf19f286591a975385d690c8460	mindmap_generator.py	2030	8e16aa05e546ff03	CURRENT	1	2030-2030	CURRENT	TM-RA-1
ra:technique:mindmap-generator/diff-algorithms/401a6188	mindmap-generator	4b835da675c17cf19f286591a975385d690c8460	mindmap_generator.py	2068	3a9b10b49ef5422e	CURRENT	1	2068-2068	CURRENT	TM-RA-1
ra:technique:mindmap-generator/llm-as-judge-grounding/f8bc058b	mindmap-generator	4b835da675c17cf19f286591a975385d690c8460	mindmap_generator.py	3938	b9aff4e4f7ce0f8f	CURRENT	1	3938-3938	CURRENT	TM-RA-1
ra:technique:mindmap-generator/llm-as-judge-grounding/f8bc058b	mindmap-generator	4b835da675c17cf19f286591a975385d690c8460	mindmap_generator.py	3964	37992c22232b4712	CURRENT	1	3964-3964	CURRENT	TM-RA-1
ra:technique:mindmap-generator/llm-as-judge-grounding/f8bc058b	mindmap-generator	4b835da675c17cf19f286591a975385d690c8460	mindmap_generator.py	4021	6b5e4402f3dbe903	CURRENT	1	4021-4021	CURRENT	TM-RA-1
ra:technique:mindmap-generator/llm-as-judge-grounding/f8bc058b	mindmap-generator	4b835da675c17cf19f286591a975385d690c8460	mindmap_generator.py	4028	fdc7d7c3649c604f	CURRENT	1	4028-4028	CURRENT	TM-RA-1
ra:technique:mindmap-generator/locks-spin-mcs/da087fb6	mindmap-generator	4b835da675c17cf19f286591a975385d690c8460	mindmap_generator.py	1924	6d164b2cb47cb673	CURRENT	1	1924-1924	CURRENT	TM-RA-1
ra:technique:misc_coding_agent_tips_and_scripts/conjunctive-safety-gate/bdeb1e20	misc_coding_agent_tips_and_scripts	bf2009a479992acfad1fd10d6ad00429621be2b9	install-swap-flush.sh	174	93591ea7ae77d475	CURRENT	1	174-174	CURRENT	TM-RA-1
ra:technique:misc_coding_agent_tips_and_scripts/conjunctive-safety-gate/bdeb1e20	misc_coding_agent_tips_and_scripts	bf2009a479992acfad1fd10d6ad00429621be2b9	install-swap-flush.sh	181	9916ba46aaf6b528	CURRENT	1	181-181	CURRENT	TM-RA-1
ra:technique:misc_coding_agent_tips_and_scripts/conjunctive-safety-gate/bdeb1e20	misc_coding_agent_tips_and_scripts	bf2009a479992acfad1fd10d6ad00429621be2b9	install-swap-flush.sh	247	a0f41d77c9a915a8	CURRENT	1	247-247	CURRENT	TM-RA-1
ra:technique:model_guided_research/benjamini-hochberg/9a087530	model_guided_research	ef10ec36e9940cd81f9473f48c97b8e7e1bc84f7	cli.py	11481	ab784fc611c1ea4d	CURRENT	1	11481-11481	CURRENT	TM-RA-1
ra:technique:model_guided_research/benjamini-hochberg/9a087530	model_guided_research	ef10ec36e9940cd81f9473f48c97b8e7e1bc84f7	cli.py	10930	2b5900413d9bbf85	CURRENT	1	10930-10930	CURRENT	TM-RA-1
ra:technique:model_guided_research/benjamini-hochberg/9a087530	model_guided_research	ef10ec36e9940cd81f9473f48c97b8e7e1bc84f7	cli.py	11001	ce1661e88461beb1	CURRENT	1	11001-11001	CURRENT	TM-RA-1
ra:technique:model_guided_research/bitemporal-data/f362fba4	model_guided_research	ef10ec36e9940cd81f9473f48c97b8e7e1bc84f7	cli.py	10094	6848462967bffb4c	CURRENT	1	10094-10094	CURRENT	TM-RA-1
ra:technique:model_guided_research/bitemporal-data/f362fba4	model_guided_research	ef10ec36e9940cd81f9473f48c97b8e7e1bc84f7	tests/test_hypotheses_registry.py	5	ee15902a35f6da24	CURRENT	1	5-5	CURRENT	TM-RA-1
ra:technique:model_guided_research/hodge-decomposition/3165590d	model_guided_research	ef10ec36e9940cd81f9473f48c97b8e7e1bc84f7	clifford_algebra_and_geometric_attention.py	22	edbb1aa3d0660943	CURRENT	1	22-22	CURRENT	TM-RA-1
ra:technique:model_guided_research/hodge-decomposition/3165590d	model_guided_research	ef10ec36e9940cd81f9473f48c97b8e7e1bc84f7	clifford_algebra_and_geometric_attention.py	280	16998137a536167d	CURRENT	1	280-280	CURRENT	TM-RA-1
ra:technique:model_guided_research/hodge-decomposition/3165590d	model_guided_research	ef10ec36e9940cd81f9473f48c97b8e7e1bc84f7	tests/test_algebraic_properties.py	340	226fb7690a8e136a	CURRENT	1	340-340	CURRENT	TM-RA-1
ra:technique:model_guided_research/hodge-decomposition/a865c749	model_guided_research	ef10ec36e9940cd81f9473f48c97b8e7e1bc84f7	simplicial_complexes_and_higher_order_attention.py	6	9936c4ff9fa624b5	CURRENT	1	6-6	CURRENT	TM-RA-1
ra:technique:model_guided_research/hodge-decomposition/a865c749	model_guided_research	ef10ec36e9940cd81f9473f48c97b8e7e1bc84f7	simplicial_complexes_and_higher_order_attention.py	5	8bf803cd4da549a3	CURRENT	1	5-5	CURRENT	TM-RA-1
ra:technique:model_guided_research/hyperbolic-geometry-lorentz/97362fd8	model_guided_research	ef10ec36e9940cd81f9473f48c97b8e7e1bc84f7	hyperbolic_geometry_and_negative_curvature_attention.py	16	378adba97b1f855b	CURRENT	1	16-16	CURRENT	TM-RA-1
ra:technique:model_guided_research/hyperbolic-geometry-lorentz/97362fd8	model_guided_research	ef10ec36e9940cd81f9473f48c97b8e7e1bc84f7	nanochat/hyperbolic_attention_torch.py	12	c173d51445747141	CURRENT	1	12-12	CURRENT	TM-RA-1
ra:technique:model_guided_research/hyperbolic-geometry-lorentz/97362fd8	model_guided_research	ef10ec36e9940cd81f9473f48c97b8e7e1bc84f7	nanochat/hyperbolic_attention_torch.py	20	aa49227508db8e27	CURRENT	1	20-20	CURRENT	TM-RA-1
ra:technique:model_guided_research/iterated-function-system/a79848d0	model_guided_research	ef10ec36e9940cd81f9473f48c97b8e7e1bc84f7	iterated_function_systems_and_fractal_memory.py	3	779981ec2d1bc3c6	CURRENT	1	3-3	CURRENT	TM-RA-1
ra:technique:model_guided_research/iterated-function-system/a79848d0	model_guided_research	ef10ec36e9940cd81f9473f48c97b8e7e1bc84f7	iterated_function_systems_and_fractal_memory.py	5	0a7a5da79885778e	CURRENT	1	5-5	CURRENT	TM-RA-1
ra:technique:model_guided_research/jax-transform-semantics/a957749b	model_guided_research	ef10ec36e9940cd81f9473f48c97b8e7e1bc84f7	iterated_function_systems_and_fractal_memory.py	40	2e95ef5b871e44e9	CURRENT	1	40-40	CURRENT	TM-RA-1
ra:technique:model_guided_research/jax-transform-semantics/a957749b	model_guided_research	ef10ec36e9940cd81f9473f48c97b8e7e1bc84f7	hyperbolic_geometry_and_negative_curvature_attention.py	135	f7382412c4de63a1	CURRENT	1	135-135	CURRENT	TM-RA-1
ra:technique:model_guided_research/krylov-methods/9453f985	model_guided_research	ef10ec36e9940cd81f9473f48c97b8e7e1bc84f7	nonstandard_analysis_and_hyperreal_training.py	5	68428392db3a1705	CURRENT	1	5-5	CURRENT	TM-RA-1
ra:technique:model_guided_research/krylov-methods/9453f985	model_guided_research	ef10ec36e9940cd81f9473f48c97b8e7e1bc84f7	nonstandard_analysis_and_hyperreal_training.py	8	fa76a12959eff726	CURRENT	1	8-8	CURRENT	TM-RA-1
ra:technique:model_guided_research/krylov-methods/9453f985	model_guided_research	ef10ec36e9940cd81f9473f48c97b8e7e1bc84f7	nanochat/hoss_opt.py	51	0899b708944264ac	CURRENT	1	51-51	CURRENT	TM-RA-1
ra:technique:model_guided_research/law-of-large-numbers-clt/87fa190e	model_guided_research	ef10ec36e9940cd81f9473f48c97b8e7e1bc84f7	nanochat/parameterization.py	5	9e73ac613bff7c7a	CURRENT	1	5-5	CURRENT	TM-RA-1
ra:technique:model_guided_research/law-of-large-numbers-clt/87fa190e	model_guided_research	ef10ec36e9940cd81f9473f48c97b8e7e1bc84f7	nanochat/tropical_attention_torch.py	14	4101c68130384562	CURRENT	1	14-14	CURRENT	TM-RA-1
ra:technique:model_guided_research/lie-groups/8a761344	model_guided_research	ef10ec36e9940cd81f9473f48c97b8e7e1bc84f7	matrix_exponential_gauge_learning.py	16	2550517b8f9cf05e	CURRENT	1	16-16	CURRENT	TM-RA-1
ra:technique:model_guided_research/lie-groups/8a761344	model_guided_research	ef10ec36e9940cd81f9473f48c97b8e7e1bc84f7	matrix_exponential_gauge_learning.py	21	32a2ac464c2ddc6c	CURRENT	1	21-21	CURRENT	TM-RA-1
ra:technique:model_guided_research/lie-groups/8a761344	model_guided_research	ef10ec36e9940cd81f9473f48c97b8e7e1bc84f7	nanochat/gauge_block_torch.py	35	2d0fa229f7c82d05	CURRENT	1	35-35	CURRENT	TM-RA-1
ra:technique:model_guided_research/mixed-precision-bfloat/f0234530	model_guided_research	ef10ec36e9940cd81f9473f48c97b8e7e1bc84f7	nanochat/gauge_block_torch.py	133	e13119b15cf9b766	CURRENT	1	133-133	CURRENT	TM-RA-1
ra:technique:model_guided_research/mixed-precision-bfloat/f0234530	model_guided_research	ef10ec36e9940cd81f9473f48c97b8e7e1bc84f7	nanochat/braid_attention_torch.py	525	aae8931eb209cdd0	CURRENT	1	525-525	CURRENT	TM-RA-1
ra:technique:model_guided_research/ordinal-descent-termination/904eb168	model_guided_research	ef10ec36e9940cd81f9473f48c97b8e7e1bc84f7	ordinal_schedules_and_well_founded_optimization.py	6	912ba49c1c0fccb6	CURRENT	1	6-6	CURRENT	TM-RA-1
ra:technique:model_guided_research/ordinal-descent-termination/904eb168	model_guided_research	ef10ec36e9940cd81f9473f48c97b8e7e1bc84f7	ordinal_schedules_and_well_founded_optimization.py	18	6a44731012a705e1	CURRENT	1	18-18	CURRENT	TM-RA-1
ra:technique:model_guided_research/ordinal-descent-termination/904eb168	model_guided_research	ef10ec36e9940cd81f9473f48c97b8e7e1bc84f7	nanochat/ordinal_scheduler.py	19	e81dc284895c283c	CURRENT	1	19-19	CURRENT	TM-RA-1
ra:technique:model_guided_research/p-galois-hensel/27f4cec1	model_guided_research	ef10ec36e9940cd81f9473f48c97b8e7e1bc84f7	ultrametric_worlds_and_p_adic_computation.py	5	1a7a77464e2f0218	CURRENT	1	5-5	CURRENT	TM-RA-1
ra:technique:model_guided_research/p-galois-hensel/27f4cec1	model_guided_research	ef10ec36e9940cd81f9473f48c97b8e7e1bc84f7	ultrametric_worlds_and_p_adic_computation.py	8	5df75af087d45f81	CURRENT	1	8-8	CURRENT	TM-RA-1
ra:technique:model_guided_research/p-galois-hensel/27f4cec1	model_guided_research	ef10ec36e9940cd81f9473f48c97b8e7e1bc84f7	ultrametric_worlds_and_p_adic_computation.py	108	779c9fc7e2058a0b	CURRENT	1	108-108	CURRENT	TM-RA-1
ra:technique:model_guided_research/p-galois-hensel/27f4cec1	model_guided_research	ef10ec36e9940cd81f9473f48c97b8e7e1bc84f7	proofs/MGRProofs/FlatError.lean	12	e308b61c5e1f2592	CURRENT	1	12-12	CURRENT	TM-RA-1
ra:technique:model_guided_research/preregistered-decision-gate/816913b5	model_guided_research	ef10ec36e9940cd81f9473f48c97b8e7e1bc84f7	cli.py	10982	2179525b144d5837	CURRENT	1	10982-10982	CURRENT	TM-RA-1
ra:technique:model_guided_research/preregistered-decision-gate/816913b5	model_guided_research	ef10ec36e9940cd81f9473f48c97b8e7e1bc84f7	cli.py	11687	4168b60197c2af80	CURRENT	1	11687-11687	CURRENT	TM-RA-1
ra:technique:model_guided_research/preregistered-decision-gate/816913b5	model_guided_research	ef10ec36e9940cd81f9473f48c97b8e7e1bc84f7	cli.py	10998	dd294d6c72cef70a	CURRENT	1	10998-10998	CURRENT	TM-RA-1
ra:technique:model_guided_research/preregistered-decision-gate/816913b5	model_guided_research	ef10ec36e9940cd81f9473f48c97b8e7e1bc84f7	cli.py	10879	76236537bc46f4c4	CURRENT	1	10879-10879	CURRENT	TM-RA-1
ra:technique:model_guided_research/rm-differential-oracle/09bfdb74	model_guided_research	ef10ec36e9940cd81f9473f48c97b8e7e1bc84f7	tests/test_cross_framework_parity.py	5	6581df49b0b53735	CURRENT	1	5-5	CURRENT	TM-RA-1
ra:technique:model_guided_research/rm-differential-oracle/09bfdb74	model_guided_research	ef10ec36e9940cd81f9473f48c97b8e7e1bc84f7	tests/test_cross_framework_parity.py	43	6d6fa4b183d257ad	CURRENT	1	43-43	CURRENT	TM-RA-1
ra:technique:model_guided_research/rm-differential-oracle/09bfdb74	model_guided_research	ef10ec36e9940cd81f9473f48c97b8e7e1bc84f7	tests/test_cross_framework_parity.py	26	fb6e62b37fc7becf	CURRENT	1	26-26	CURRENT	TM-RA-1
ra:technique:model_guided_research/rm-evidence-receipts/c7474978	model_guided_research	ef10ec36e9940cd81f9473f48c97b8e7e1bc84f7	hypotheses/theorems.yaml	32	774e64bfd623a66b	CURRENT	1	32-32	CURRENT	TM-RA-1
ra:technique:model_guided_research/rm-evidence-receipts/c7474978	model_guided_research	ef10ec36e9940cd81f9473f48c97b8e7e1bc84f7	hypotheses/theorems.yaml	36	c44442fa0be17cd9	CURRENT	1	36-36	CURRENT	TM-RA-1
ra:technique:model_guided_research/rm-evidence-receipts/c7474978	model_guided_research	ef10ec36e9940cd81f9473f48c97b8e7e1bc84f7	hypotheses/theorems.yaml	12	ab3c33b799c054b6	CURRENT	1	12-12	CURRENT	TM-RA-1
ra:technique:model_guided_research/rm-invariant-assertions/51a00349	model_guided_research	ef10ec36e9940cd81f9473f48c97b8e7e1bc84f7	cli.py	4567	365b5413da040a93	CURRENT	1	4567-4567	CURRENT	TM-RA-1
ra:technique:model_guided_research/rm-invariant-assertions/51a00349	model_guided_research	ef10ec36e9940cd81f9473f48c97b8e7e1bc84f7	cli.py	4568	cb5632fd93fd6b09	CURRENT	1	4568-4568	CURRENT	TM-RA-1
ra:technique:model_guided_research/rm-invariant-assertions/51a00349	model_guided_research	ef10ec36e9940cd81f9473f48c97b8e7e1bc84f7	cli.py	4420	3e7c4ad204bf55a9	CURRENT	1	4420-4420	CURRENT	TM-RA-1
ra:technique:model_guided_research/rm-property-testing/be194ba7	model_guided_research	ef10ec36e9940cd81f9473f48c97b8e7e1bc84f7	tests/test_algebraic_properties.py	2	1eb3ba0e7ab235b5	CURRENT	1	2-2	CURRENT	TM-RA-1
ra:technique:model_guided_research/rm-property-testing/be194ba7	model_guided_research	ef10ec36e9940cd81f9473f48c97b8e7e1bc84f7	tests/test_algebraic_properties.py	11	3b88652806bbbb82	CURRENT	1	11-11	CURRENT	TM-RA-1
ra:technique:model_guided_research/rm-property-testing/be194ba7	model_guided_research	ef10ec36e9940cd81f9473f48c97b8e7e1bc84f7	tests/test_algebraic_properties.py	15	884fcb84b9c01f9a	CURRENT	1	15-15	CURRENT	TM-RA-1
ra:technique:model_guided_research/scientific-method-brenner/49b199cd	model_guided_research	ef10ec36e9940cd81f9473f48c97b8e7e1bc84f7	cli.py	5874	0016807eda5e52a7	CURRENT	1	5874-5874	CURRENT	TM-RA-1
ra:technique:model_guided_research/students-t/380069bc	model_guided_research	ef10ec36e9940cd81f9473f48c97b8e7e1bc84f7	cli.py	10957	d6c2a6e01baf9a27	CURRENT	1	10957-10957	CURRENT	TM-RA-1
ra:technique:model_guided_research/students-t/380069bc	model_guided_research	ef10ec36e9940cd81f9473f48c97b8e7e1bc84f7	cli.py	10961	0b63921055218f61	CURRENT	1	10961-10961	CURRENT	TM-RA-1
ra:technique:model_guided_research/students-t/380069bc	model_guided_research	ef10ec36e9940cd81f9473f48c97b8e7e1bc84f7	cli.py	10966	b563caa5d32e4dc5	CURRENT	1	10966-10966	CURRENT	TM-RA-1
ra:technique:model_guided_research/symplectic-integrators/145814c8	model_guided_research	ef10ec36e9940cd81f9473f48c97b8e7e1bc84f7	nanochat/reversible_block_torch.py	11	78be65519d1269c8	CURRENT	1	11-11	CURRENT	TM-RA-1
ra:technique:model_guided_research/symplectic-integrators/145814c8	model_guided_research	ef10ec36e9940cd81f9473f48c97b8e7e1bc84f7	nanochat/reversible_block_torch.py	18	8e5ab1680d6752ae	CURRENT	1	18-18	CURRENT	TM-RA-1
ra:technique:model_guided_research/symplectic-integrators/145814c8	model_guided_research	ef10ec36e9940cd81f9473f48c97b8e7e1bc84f7	nanochat/reversible_block_torch.py	20	4221d1f3a8a7a4bd	CURRENT	1	20-20	CURRENT	TM-RA-1
ra:technique:model_guided_research/symplectic-integrators/145814c8	model_guided_research	ef10ec36e9940cd81f9473f48c97b8e7e1bc84f7	reversible_computation_and_measure_preserving_learning.py	16	58089010569b3482	CURRENT	1	16-16	CURRENT	TM-RA-1
ra:technique:model_guided_research/transformer-architecture/8aebdecc	model_guided_research	ef10ec36e9940cd81f9473f48c97b8e7e1bc84f7	nanochat/gpt.py	69	381163ceeea2832d	CURRENT	1	69-69	CURRENT	TM-RA-1
ra:technique:model_guided_research/transformer-architecture/8aebdecc	model_guided_research	ef10ec36e9940cd81f9473f48c97b8e7e1bc84f7	nanochat/gpt.py	105	d90b0b3fdd78af05	CURRENT	1	105-105	CURRENT	TM-RA-1
ra:technique:model_guided_research/transformer-architecture/8aebdecc	model_guided_research	ef10ec36e9940cd81f9473f48c97b8e7e1bc84f7	nanochat/gauge_block_torch.py	19	ba7fd708c5592d21	CURRENT	1	19-19	CURRENT	TM-RA-1
ra:technique:model_guided_research/tropical-padic/02680857	model_guided_research	ef10ec36e9940cd81f9473f48c97b8e7e1bc84f7	nanochat/tropical_attention_torch.py	23	1803148b2f6c2ff7	CURRENT	1	23-23	CURRENT	TM-RA-1
ra:technique:model_guided_research/tropical-padic/02680857	model_guided_research	ef10ec36e9940cd81f9473f48c97b8e7e1bc84f7	nanochat/tropical_attention_torch.py	48	0503315118af16f7	CURRENT	1	48-48	CURRENT	TM-RA-1
ra:technique:model_guided_research/tropical-padic/02680857	model_guided_research	ef10ec36e9940cd81f9473f48c97b8e7e1bc84f7	tropical_geometry_and_idempotent_algebra.py	17	39b02d3b74a9a2b4	CURRENT	1	17-17	CURRENT	TM-RA-1
ra:technique:model_guided_research/tropical-padic/02680857	model_guided_research	ef10ec36e9940cd81f9473f48c97b8e7e1bc84f7	tests/test_algebraic_properties.py	15	884fcb84b9c01f9a	CURRENT	1	15-15	CURRENT	TM-RA-1
ra:technique:model_guided_research/tropical-padic/09301e02	model_guided_research	ef10ec36e9940cd81f9473f48c97b8e7e1bc84f7	nanochat/octonion_attention_torch.py	17	7b25f2f8ab4673e3	CURRENT	1	17-17	CURRENT	TM-RA-1
ra:technique:model_guided_research/tropical-padic/09301e02	model_guided_research	ef10ec36e9940cd81f9473f48c97b8e7e1bc84f7	nanochat/octonion_attention_torch.py	96	e6c5e8e37f6c1a8c	CURRENT	1	96-96	CURRENT	TM-RA-1
ra:technique:model_guided_research/tropical-padic/09301e02	model_guided_research	ef10ec36e9940cd81f9473f48c97b8e7e1bc84f7	tests/test_algebraic_properties.py	192	e88dfd3345f726fe	CURRENT	1	192-192	CURRENT	TM-RA-1
ra:technique:model_guided_research/tropical-padic/09301e02	model_guided_research	ef10ec36e9940cd81f9473f48c97b8e7e1bc84f7	octonionic_quaternionic_signal_flow.py	12	8add58c223b847eb	CURRENT	1	12-12	CURRENT	TM-RA-1
ra:technique:model_guided_research/tropical-padic/91447c06	model_guided_research	ef10ec36e9940cd81f9473f48c97b8e7e1bc84f7	knot_theoretic_programs_and_braid_based_attention.py	14	6a0c5fafd3dc7ef9	CURRENT	1	14-14	CURRENT	TM-RA-1
ra:technique:model_guided_research/tropical-padic/91447c06	model_guided_research	ef10ec36e9940cd81f9473f48c97b8e7e1bc84f7	knot_theoretic_programs_and_braid_based_attention.py	16	5b78f13454589482	CURRENT	1	16-16	CURRENT	TM-RA-1
ra:technique:model_guided_research/tropical-padic/91447c06	model_guided_research	ef10ec36e9940cd81f9473f48c97b8e7e1bc84f7	knot_theoretic_programs_and_braid_based_attention.py	7	2ee10840757f6179	CURRENT	1	7-7	CURRENT	TM-RA-1
ra:technique:model_guided_research/tropical-padic/5449a5a5	model_guided_research	ef10ec36e9940cd81f9473f48c97b8e7e1bc84f7	surreal_numbers_transseries_and_scaling.py	6	b377ec60a131ea70	CURRENT	1	6-6	CURRENT	TM-RA-1
ra:technique:model_guided_research/tropical-padic/5449a5a5	model_guided_research	ef10ec36e9940cd81f9473f48c97b8e7e1bc84f7	surreal_numbers_transseries_and_scaling.py	17	2264bfb460f142bc	CURRENT	1	17-17	CURRENT	TM-RA-1
ra:technique:model_guided_research/tropical-padic/5449a5a5	model_guided_research	ef10ec36e9940cd81f9473f48c97b8e7e1bc84f7	tests/test_cross_framework_parity.py	26	fb6e62b37fc7becf	CURRENT	1	26-26	CURRENT	TM-RA-1
ra:technique:model_guided_research/type-theory-proof-kernel/52c3163d	model_guided_research	ef10ec36e9940cd81f9473f48c97b8e7e1bc84f7	proofs/AxiomCheck.lean	3	db6e307f619eb648	CURRENT	1	3-3	CURRENT	TM-RA-1
ra:technique:model_guided_research/type-theory-proof-kernel/52c3163d	model_guided_research	ef10ec36e9940cd81f9473f48c97b8e7e1bc84f7	proofs/MGRProofs/FlatError.lean	9	f080126d6cdfae13	CURRENT	1	9-9	CURRENT	TM-RA-1
ra:technique:model_guided_research/type-theory-proof-kernel/52c3163d	model_guided_research	ef10ec36e9940cd81f9473f48c97b8e7e1bc84f7	proofs/MGRProofs/RouteStability.lean	17	8ce2683a331d4f91	CURRENT	1	17-17	CURRENT	TM-RA-1
ra:technique:most-influential-github-repo-stars/congestion-control-backoff/1f6bdb2c	most-influential-github-repo-stars	44dbe231b0837935687c22e8270c35e7d425432f	app/api/github-influencers/route.js	206	29240528d3492464	CURRENT	1	206-206	CURRENT	TM-RA-1
ra:technique:most-influential-github-repo-stars/congestion-control-backoff/1f6bdb2c	most-influential-github-repo-stars	44dbe231b0837935687c22e8270c35e7d425432f	app/api/github-influencers/route.js	211	438874a381e609c1	CURRENT	1	211-211	CURRENT	TM-RA-1
ra:technique:most-influential-github-repo-stars/congestion-control-backoff/1f6bdb2c	most-influential-github-repo-stars	44dbe231b0837935687c22e8270c35e7d425432f	app/api/github-influencers/route.js	9	8446c2072b0d139c	CURRENT	1	9-9	CURRENT	TM-RA-1
ra:technique:most-influential-github-repo-stars/local.linear-influence-score-heuristic/a11454bb	most-influential-github-repo-stars	44dbe231b0837935687c22e8270c35e7d425432f	app/api/github-influencers/route.js	295	3bbc5b3434e9b0e6	CURRENT	1	295-295	CURRENT	TM-RA-1
ra:technique:most-influential-github-repo-stars/local.linear-influence-score-heuristic/a11454bb	most-influential-github-repo-stars	44dbe231b0837935687c22e8270c35e7d425432f	app/api/github-influencers/route.js	265	f2c2c18c978a0c36	CURRENT	1	265-265	CURRENT	TM-RA-1
ra:technique:most-influential-github-repo-stars/local.linear-influence-score-heuristic/a11454bb	most-influential-github-repo-stars	44dbe231b0837935687c22e8270c35e7d425432f	app/api/github-influencers/route.js	266	2f454f1d4bda1348	CURRENT	1	266-266	CURRENT	TM-RA-1
ra:technique:ntm/consensus-raft-paxos/a92e182a	ntm	0419bf6862951bc72d0645d4f638a1fdf90823f3	internal/workflow/coordinator.go	306	9b7cbf21b4450bbe	CURRENT	1	306-306	CURRENT	TM-RA-1
ra:technique:ntm/consensus-raft-paxos/a92e182a	ntm	0419bf6862951bc72d0645d4f638a1fdf90823f3	internal/workflow/coordinator.go	359	39b218b8347ee257	CURRENT	1	359-359	CURRENT	TM-RA-1
ra:technique:ntm/diff-algorithms/1af5406f	ntm	0419bf6862951bc72d0645d4f638a1fdf90823f3	internal/cli/root.go	510	3d9f963075907fc6	CURRENT	1	510-510	CURRENT	TM-RA-1
ra:technique:ntm/diff-algorithms/1af5406f	ntm	0419bf6862951bc72d0645d4f638a1fdf90823f3	internal/cli/root.go	592	6de607f166141768	CURRENT	1	592-592	CURRENT	TM-RA-1
ra:technique:ntm/merkle-tree/8f4b7600	ntm	0419bf6862951bc72d0645d4f638a1fdf90823f3	internal/audit/logger.go	511	2e7d863c0e833fc5	CURRENT	1	511-511	CURRENT	TM-RA-1
ra:technique:ntm/merkle-tree/8f4b7600	ntm	0419bf6862951bc72d0645d4f638a1fdf90823f3	internal/audit/logger.go	523	0af5e8526d1ebd0a	CURRENT	1	523-523	CURRENT	TM-RA-1
ra:technique:ntm/merkle-tree/8f4b7600	ntm	0419bf6862951bc72d0645d4f638a1fdf90823f3	internal/audit/logger.go	640	c2457f1ccceacb7b	CURRENT	1	640-640	CURRENT	TM-RA-1
ra:technique:ntm/merkle-tree/8f4b7600	ntm	0419bf6862951bc72d0645d4f638a1fdf90823f3	internal/audit/logger.go	332	1d275a3810535f99	CURRENT	1	332-332	CURRENT	TM-RA-1
ra:technique:ntm/two-person-rule/e3deef5d	ntm	0419bf6862951bc72d0645d4f638a1fdf90823f3	internal/approval/engine.go	142	0a56da3db356e0ba	CURRENT	1	142-142	CURRENT	TM-RA-1
ra:technique:ntm/two-person-rule/e3deef5d	ntm	0419bf6862951bc72d0645d4f638a1fdf90823f3	internal/approval/engine.go	186	e9c019f24067d76c	CURRENT	1	186-186	CURRENT	TM-RA-1
ra:technique:ntm/two-person-rule/e3deef5d	ntm	0419bf6862951bc72d0645d4f638a1fdf90823f3	internal/approval/engine.go	41	d27469716249f64a	CURRENT	1	41-41	CURRENT	TM-RA-1
ra:technique:ntm/two-phase-commit-sagas/662ee139	ntm	0419bf6862951bc72d0645d4f638a1fdf90823f3	internal/assignment/atomic.go	86	c9e9890c4e12d73f	CURRENT	1	86-86	CURRENT	TM-RA-1
ra:technique:ntm/two-phase-commit-sagas/662ee139	ntm	0419bf6862951bc72d0645d4f638a1fdf90823f3	internal/assignment/atomic.go	76	54bd313f1950917c	CURRENT	1	76-76	CURRENT	TM-RA-1
ra:technique:ntm/two-phase-commit-sagas/662ee139	ntm	0419bf6862951bc72d0645d4f638a1fdf90823f3	internal/assignment/store.go	804	7a3705bcb32f10ea	RELOCATED	1	803-803	CURRENT+line_relocated	TM-RA-1
ra:technique:ntm/two-phase-commit-sagas/662ee139	ntm	0419bf6862951bc72d0645d4f638a1fdf90823f3	internal/assignment/store.go	805	ffcdb340afb227ad	RELOCATED	1	804-804	CURRENT+line_relocated	TM-RA-1
ra:technique:opentui_rust/cache-replacement/e9367e3a	opentui_rust	25bb8d781c7be12a67af3c1ca396f1f6b5c00c6a	src/grapheme_pool.rs	54	409e24d38815823b	CURRENT	1	54-54	CURRENT	TM-RA-1
ra:technique:opentui_rust/cache-replacement/e9367e3a	opentui_rust	25bb8d781c7be12a67af3c1ca396f1f6b5c00c6a	src/grapheme_pool.rs	695	2cd1ba14a166716c	CURRENT	1	695-695	CURRENT	TM-RA-1
ra:technique:opentui_rust/diff-algorithms/02481bcb	opentui_rust	25bb8d781c7be12a67af3c1ca396f1f6b5c00c6a	src/renderer/diff.rs	145	d37d956279ae900d	CURRENT	1	145-145	CURRENT	TM-RA-1
ra:technique:opentui_rust/diff-algorithms/02481bcb	opentui_rust	25bb8d781c7be12a67af3c1ca396f1f6b5c00c6a	src/renderer/diff.rs	222	fbb4bf5d64fea1fe	CURRENT	1	222-222	CURRENT	TM-RA-1
ra:technique:opentui_rust/diff-algorithms/02481bcb	opentui_rust	25bb8d781c7be12a67af3c1ca396f1f6b5c00c6a	tests/proptest_buffer_diff.rs	119	94724b89aae7e1e0	CURRENT	1	119-119	CURRENT	TM-RA-1
ra:technique:opentui_rust/diff-algorithms/02481bcb	opentui_rust	25bb8d781c7be12a67af3c1ca396f1f6b5c00c6a	tests/proptest_buffer_diff.rs	174	cac816d79d1f201b	CURRENT	1	174-174	CURRENT	TM-RA-1
ra:technique:opentui_rust/memory-model-atomics/4c4349b9	opentui_rust	25bb8d781c7be12a67af3c1ca396f1f6b5c00c6a	src/unicode/width.rs	39	ec9d914f02ac274e	CURRENT	1	39-39	CURRENT	TM-RA-1
ra:technique:opentui_rust/memory-model-atomics/4c4349b9	opentui_rust	25bb8d781c7be12a67af3c1ca396f1f6b5c00c6a	src/unicode/width.rs	45	eefe64522c02ac29	CURRENT	1	45-45	CURRENT	TM-RA-1
ra:technique:opentui_rust/memory-model-atomics/4c4349b9	opentui_rust	25bb8d781c7be12a67af3c1ca396f1f6b5c00c6a	src/unicode/width.rs	70	fd853d76a2c60f9b	CURRENT	1	70-70	CURRENT	TM-RA-1
ra:technique:opentui_rust/rendering-compositing/ba7e8615	opentui_rust	25bb8d781c7be12a67af3c1ca396f1f6b5c00c6a	src/color.rs	7	e8fe71b0dcb3ce76	CURRENT	1	7-7	CURRENT	TM-RA-1
ra:technique:opentui_rust/rendering-compositing/ba7e8615	opentui_rust	25bb8d781c7be12a67af3c1ca396f1f6b5c00c6a	src/color.rs	223	2177ebee098e5b6d	CURRENT	1	223-223	CURRENT	TM-RA-1
ra:technique:opentui_rust/rendering-compositing/ba7e8615	opentui_rust	25bb8d781c7be12a67af3c1ca396f1f6b5c00c6a	src/color.rs	232	4106616161557f0e	CURRENT	1	232-232	CURRENT	TM-RA-1
ra:technique:opentui_rust/rendering-compositing/ba7e8615	opentui_rust	25bb8d781c7be12a67af3c1ca396f1f6b5c00c6a	src/buffer/mod.rs	9	4ee55753d083fbee	CURRENT	1	9-9	CURRENT	TM-RA-1
ra:technique:opentui_rust/rendering-compositing/3370c469	opentui_rust	25bb8d781c7be12a67af3c1ca396f1f6b5c00c6a	src/buffer/pixel.rs	391	6b4fd38e57835b3d	CURRENT	1	391-391	CURRENT	TM-RA-1
ra:technique:opentui_rust/rendering-compositing/3370c469	opentui_rust	25bb8d781c7be12a67af3c1ca396f1f6b5c00c6a	src/buffer/pixel.rs	394	030e30b4398fb879	CURRENT	1	394-394	CURRENT	TM-RA-1
ra:technique:opentui_rust/rendering-compositing/3370c469	opentui_rust	25bb8d781c7be12a67af3c1ca396f1f6b5c00c6a	src/buffer/pixel.rs	406	2ec9774d97a8252a	CURRENT	1	406-406	CURRENT	TM-RA-1
ra:technique:opentui_rust/rendering-compositing/3370c469	opentui_rust	25bb8d781c7be12a67af3c1ca396f1f6b5c00c6a	src/buffer/pixel.rs	416	6b77cea3b88e3df4	CURRENT	1	416-416	CURRENT	TM-RA-1
ra:technique:opentui_rust/rm-checked-arithmetic/d9dd5088	opentui_rust	25bb8d781c7be12a67af3c1ca396f1f6b5c00c6a	src/buffer/mod.rs	95	22c87d54b734a274	CURRENT	1	95-95	CURRENT	TM-RA-1
ra:technique:opentui_rust/rm-checked-arithmetic/d9dd5088	opentui_rust	25bb8d781c7be12a67af3c1ca396f1f6b5c00c6a	src/buffer/mod.rs	98	01982ca3c1814af9	CURRENT	1	98-98	CURRENT	TM-RA-1
ra:technique:opentui_rust/rm-error-taxonomy/ce967c33	opentui_rust	25bb8d781c7be12a67af3c1ca396f1f6b5c00c6a	src/renderer/diff.rs	119	886b295c8520b66b	CURRENT	1	119-119	CURRENT	TM-RA-1
ra:technique:opentui_rust/rm-error-taxonomy/ce967c33	opentui_rust	25bb8d781c7be12a67af3c1ca396f1f6b5c00c6a	src/input/parser.rs	29	8cb6f5729a01b89e	CURRENT	1	29-29	CURRENT	TM-RA-1
ra:technique:opentui_rust/rm-fuzzing/403e019f	opentui_rust	25bb8d781c7be12a67af3c1ca396f1f6b5c00c6a	fuzz/fuzz_targets/fuzz_input_parser.rs	1	961f91bd3a65068b	CURRENT	1	1-1	CURRENT	TM-RA-1
ra:technique:opentui_rust/rm-property-testing/8ac4ca57	opentui_rust	25bb8d781c7be12a67af3c1ca396f1f6b5c00c6a	tests/proptest_text_unicode.rs	114	3420c339d579d955	CURRENT	1	114-114	CURRENT	TM-RA-1
ra:technique:opentui_rust/rm-property-testing/8ac4ca57	opentui_rust	25bb8d781c7be12a67af3c1ca396f1f6b5c00c6a	tests/proptest_text_unicode.rs	159	b69a477d2de9749d	CURRENT	1	159-159	CURRENT	TM-RA-1
ra:technique:opentui_rust/rm-property-testing/8ac4ca57	opentui_rust	25bb8d781c7be12a67af3c1ca396f1f6b5c00c6a	tests/proptest_buffer_diff.rs	67	b6dbc63029c637fd	CURRENT	1	67-67	CURRENT	TM-RA-1
ra:technique:opentui_rust/rm-snapshot-golden/ed823d20	opentui_rust	25bb8d781c7be12a67af3c1ca396f1f6b5c00c6a	tests/golden_rendering.rs	4	60abc7eaf9dee8eb	CURRENT	1	4-4	CURRENT	TM-RA-1
ra:technique:opentui_rust/rm-type-driven-design/15f8fed3	opentui_rust	25bb8d781c7be12a67af3c1ca396f1f6b5c00c6a	src/cell.rs	42	89d29f30a8acdb38	CURRENT	1	42-42	CURRENT	TM-RA-1
ra:technique:opentui_rust/rm-type-driven-design/15f8fed3	opentui_rust	25bb8d781c7be12a67af3c1ca396f1f6b5c00c6a	src/cell.rs	72	04ef79237d153eae	CURRENT	1	72-72	CURRENT	TM-RA-1
ra:technique:opentui_rust/rm-unsafe-discipline/483fb739	opentui_rust	25bb8d781c7be12a67af3c1ca396f1f6b5c00c6a	src/lib.rs	41	567cdb1358a5ccf3	CURRENT	1	41-41	CURRENT	TM-RA-1
ra:technique:opentui_rust/rm-unsafe-discipline/483fb739	opentui_rust	25bb8d781c7be12a67af3c1ca396f1f6b5c00c6a	src/terminal/raw.rs	92	5ac70e924c32976e	CURRENT	1	92-92	CURRENT	TM-RA-1
ra:technique:opentui_rust/rope-piece-table/04556d55	opentui_rust	25bb8d781c7be12a67af3c1ca396f1f6b5c00c6a	src/text/buffer.rs	72	13ee495dd58c9c83	CURRENT	1	72-72	CURRENT	TM-RA-1
ra:technique:opentui_rust/terminal-protocol-state-machine/349758a9	opentui_rust	25bb8d781c7be12a67af3c1ca396f1f6b5c00c6a	src/ansi/output.rs	18	9524bca95be2acbc	CURRENT	1	18-18	CURRENT	TM-RA-1
ra:technique:opentui_rust/terminal-protocol-state-machine/349758a9	opentui_rust	25bb8d781c7be12a67af3c1ca396f1f6b5c00c6a	src/ansi/output.rs	125	83d1e4f8e3f9569f	CURRENT	1	125-125	CURRENT	TM-RA-1
ra:technique:opentui_rust/terminal-protocol-state-machine/349758a9	opentui_rust	25bb8d781c7be12a67af3c1ca396f1f6b5c00c6a	src/input/parser.rs	58	4db114b51ed11197	CURRENT	1	58-58	CURRENT	TM-RA-1
ra:technique:opentui_rust/terminal-protocol-state-machine/349758a9	opentui_rust	25bb8d781c7be12a67af3c1ca396f1f6b5c00c6a	src/input/parser.rs	65	249598969190e843	CURRENT	1	65-65	CURRENT	TM-RA-1
ra:technique:opentui_rust/terminal-protocol-state-machine/349758a9	opentui_rust	25bb8d781c7be12a67af3c1ca396f1f6b5c00c6a	src/renderer/mod.rs	602	098d6eb59634fd68	CURRENT	1	602-602	CURRENT	TM-RA-1
ra:technique:opentui_rust/twosum-fma/40120f24	opentui_rust	25bb8d781c7be12a67af3c1ca396f1f6b5c00c6a	src/color.rs	193	026333504db139de	CURRENT	1	193-193	CURRENT	TM-RA-1
ra:technique:opentui_rust/twosum-fma/40120f24	opentui_rust	25bb8d781c7be12a67af3c1ca396f1f6b5c00c6a	src/color.rs	325	1cd531a6aadc1287	CURRENT	1	325-325	CURRENT	TM-RA-1
ra:technique:opentui_rust/twosum-fma/40120f24	opentui_rust	25bb8d781c7be12a67af3c1ca396f1f6b5c00c6a	src/lib.rs	56	422bc3544da9f2a8	CURRENT	1	56-56	CURRENT	TM-RA-1
ra:technique:opentui_rust/ulp-float-semantics/c9ebd4b9	opentui_rust	25bb8d781c7be12a67af3c1ca396f1f6b5c00c6a	src/color.rs	213	52803f7083d5349d	CURRENT	1	213-213	CURRENT	TM-RA-1
ra:technique:opentui_rust/ulp-float-semantics/c9ebd4b9	opentui_rust	25bb8d781c7be12a67af3c1ca396f1f6b5c00c6a	src/color.rs	227	28fc8ff80a66fac6	CURRENT	1	227-227	CURRENT	TM-RA-1
ra:technique:opentui_rust/ulp-float-semantics/c9ebd4b9	opentui_rust	25bb8d781c7be12a67af3c1ca396f1f6b5c00c6a	src/color.rs	290	f708feddc82c2240	CURRENT	1	290-290	CURRENT	TM-RA-1
ra:technique:opentui_rust/ulp-float-semantics/c9ebd4b9	opentui_rust	25bb8d781c7be12a67af3c1ca396f1f6b5c00c6a	src/color.rs	298	e0cda7ea032e9361	CURRENT	1	298-298	CURRENT	TM-RA-1
ra:technique:phage_explorer/chi-squared/18b0ba57	phage_explorer	2b50429328cd23e4bbeb93d40767b8232d301eda	packages/comparison/src/biological-metrics.ts	256	d54bd57ae60d6dae	CURRENT	1	256-256	CURRENT	TM-RA-1
ra:technique:phage_explorer/chi-squared/18b0ba57	phage_explorer	2b50429328cd23e4bbeb93d40767b8232d301eda	packages/comparison/src/biological-metrics.ts	349	d6fb9b26d5be76b3	CURRENT	1	349-349	CURRENT	TM-RA-1
ra:technique:phage_explorer/chi-squared/18b0ba57	phage_explorer	2b50429328cd23e4bbeb93d40767b8232d301eda	packages/comparison/src/biological-metrics.ts	335	f111e4a7809411b3	CURRENT	1	335-335	CURRENT	TM-RA-1
ra:technique:phage_explorer/diff-algorithms/6bab669b	phage_explorer	2b50429328cd23e4bbeb93d40767b8232d301eda	packages/comparison/src/edit-distance.ts	33	e824a1ea73bb2c9a	CURRENT	1	33-33	CURRENT	TM-RA-1
ra:technique:phage_explorer/hoeffding-d/18410380	phage_explorer	2b50429328cd23e4bbeb93d40767b8232d301eda	packages/comparison/src/rank-correlation.ts	226	2d64804490938b06	CURRENT	1	226-226	CURRENT	TM-RA-1
ra:technique:phage_explorer/hoeffding-d/18410380	phage_explorer	2b50429328cd23e4bbeb93d40767b8232d301eda	packages/comparison/src/rank-correlation.ts	227	51c87eceac9c21c9	CURRENT	1	227-227	CURRENT	TM-RA-1
ra:technique:phage_explorer/hoeffding-d/18410380	phage_explorer	2b50429328cd23e4bbeb93d40767b8232d301eda	packages/comparison/src/rank-correlation.ts	229	e7d5aeff32739cab	CURRENT	1	229-229	CURRENT	TM-RA-1
ra:technique:phage_explorer/hoeffding-d/18410380	phage_explorer	2b50429328cd23e4bbeb93d40767b8232d301eda	packages/comparison/src/rank-correlation.ts	180	ad79c24ee5539ac8	CURRENT	1	180-180	CURRENT	TM-RA-1
ra:technique:phage_explorer/hoeffding-d/18410380	phage_explorer	2b50429328cd23e4bbeb93d40767b8232d301eda	packages/comparison/src/rank-correlation.test.ts	183	e0824f1e76c7077e	CURRENT	1	183-183	CURRENT	TM-RA-1
ra:technique:phage_explorer/kl-divergence/23356270	phage_explorer	2b50429328cd23e4bbeb93d40767b8232d301eda	packages/comparison/src/information-theory.ts	28	75437882329913fd	CURRENT	1	28-28	CURRENT	TM-RA-1
ra:technique:phage_explorer/minhash-lsh/3bae67e1	phage_explorer	2b50429328cd23e4bbeb93d40767b8232d301eda	packages/comparison/src/kmer-analysis.ts	134	7561652103cf7cd9	CURRENT	1	134-134	CURRENT	TM-RA-1
ra:technique:phage_explorer/minhash-lsh/3bae67e1	phage_explorer	2b50429328cd23e4bbeb93d40767b8232d301eda	packages/comparison/src/kmer-analysis.ts	136	7abb73accb9ac5c7	CURRENT	1	136-136	CURRENT	TM-RA-1
ra:technique:pi_agent_rust/bocpd-run-length/f224fd79	pi_agent_rust	cbeb3705a9f5a9eebde383eeb876ecd66a9dc9ce	src/extensions.rs	3110	4f79d9c39b45352e	CURRENT	1	3110-3110	CURRENT	TM-RA-1
ra:technique:pi_agent_rust/bocpd-run-length/f224fd79	pi_agent_rust	cbeb3705a9f5a9eebde383eeb876ecd66a9dc9ce	src/extensions.rs	3163	aae33599a4b34a4b	CURRENT	1	3163-3163	CURRENT	TM-RA-1
ra:technique:pi_agent_rust/bocpd-run-length/f224fd79	pi_agent_rust	cbeb3705a9f5a9eebde383eeb876ecd66a9dc9ce	src/extensions.rs	3273	5d847cf497d01fa5	CURRENT	1	3273-3273	CURRENT	TM-RA-1
ra:technique:pi_agent_rust/cache-replacement/e4dd549f	pi_agent_rust	cbeb3705a9f5a9eebde383eeb876ecd66a9dc9ce	src/hostcall_s3_fifo.rs	1	4282a6ead88059c8	CURRENT	1	1-1	CURRENT	TM-RA-1
ra:technique:pi_agent_rust/cache-replacement/e4dd549f	pi_agent_rust	cbeb3705a9f5a9eebde383eeb876ecd66a9dc9ce	src/hostcall_queue.rs	23	161fbb385d1e433f	CURRENT	1	23-23	CURRENT	TM-RA-1
ra:technique:pi_agent_rust/compiler-ir-ssa/0eff64bc	pi_agent_rust	cbeb3705a9f5a9eebde383eeb876ecd66a9dc9ce	src/hostcall_egraph.rs	30	137e40b454aac44c	CURRENT	1	30-30	CURRENT	TM-RA-1
ra:technique:pi_agent_rust/compiler-ir-ssa/0eff64bc	pi_agent_rust	cbeb3705a9f5a9eebde383eeb876ecd66a9dc9ce	src/hostcall_egraph.rs	44	40437cb9f498ca79	CURRENT	1	44-44	CURRENT	TM-RA-1
ra:technique:pi_agent_rust/compiler-ir-ssa/0eff64bc	pi_agent_rust	cbeb3705a9f5a9eebde383eeb876ecd66a9dc9ce	src/hostcall_egraph.rs	47	5f48be088007687e	CURRENT	1	47-47	CURRENT	TM-RA-1
ra:technique:pi_agent_rust/conformal-prediction/c1bfdfe7	pi_agent_rust	cbeb3705a9f5a9eebde383eeb876ecd66a9dc9ce	src/extensions.rs	3491	ba2b533b12f40a19	CURRENT	1	3491-3491	CURRENT	TM-RA-1
ra:technique:pi_agent_rust/conformal-prediction/c1bfdfe7	pi_agent_rust	cbeb3705a9f5a9eebde383eeb876ecd66a9dc9ce	src/extensions.rs	3459	68fcce98a32656d2	CURRENT	1	3459-3459	CURRENT	TM-RA-1
ra:technique:pi_agent_rust/conformal-prediction/c1bfdfe7	pi_agent_rust	cbeb3705a9f5a9eebde383eeb876ecd66a9dc9ce	src/extensions/tests/risk_math.rs	10	127656ad9a6b09ef	CURRENT	1	10-10	CURRENT	TM-RA-1
ra:technique:pi_agent_rust/cusum/3367fe25	pi_agent_rust	cbeb3705a9f5a9eebde383eeb876ecd66a9dc9ce	src/extensions.rs	3086	ba3c256d5702eee7	CURRENT	1	3086-3086	CURRENT	TM-RA-1
ra:technique:pi_agent_rust/cusum/3367fe25	pi_agent_rust	cbeb3705a9f5a9eebde383eeb876ecd66a9dc9ce	src/extensions.rs	3089	0129adfd85792d4c	CURRENT	1	3089-3089	CURRENT	TM-RA-1
ra:technique:pi_agent_rust/cusum/3367fe25	pi_agent_rust	cbeb3705a9f5a9eebde383eeb876ecd66a9dc9ce	src/extension_dispatcher.rs	12893	92d95efc6358cb31	CURRENT	1	12893-12893	CURRENT	TM-RA-1
ra:technique:pi_agent_rust/deterministic-simulation-testing/9bdbc4e0	pi_agent_rust	cbeb3705a9f5a9eebde383eeb876ecd66a9dc9ce	src/compaction_snap.rs	11	fd30900fbb815eea	CURRENT	1	11-11	CURRENT	TM-RA-1
ra:technique:pi_agent_rust/deterministic-simulation-testing/9bdbc4e0	pi_agent_rust	cbeb3705a9f5a9eebde383eeb876ecd66a9dc9ce	src/compaction_snap.rs	14	5740c7cb63f85a2e	CURRENT	1	14-14	CURRENT	TM-RA-1
ra:technique:pi_agent_rust/deterministic-simulation-testing/9bdbc4e0	pi_agent_rust	cbeb3705a9f5a9eebde383eeb876ecd66a9dc9ce	build.rs	69	b799e478ee13323c	CURRENT	1	69-69	CURRENT	TM-RA-1
ra:technique:pi_agent_rust/deterministic-simulation-testing/9bdbc4e0	pi_agent_rust	cbeb3705a9f5a9eebde383eeb876ecd66a9dc9ce	src/extension_replay.rs	1	0ed675a37ad1f8f0	CURRENT	1	1-1	CURRENT	TM-RA-1
ra:technique:pi_agent_rust/hoare-separation-logic/f4bf01e5	pi_agent_rust	cbeb3705a9f5a9eebde383eeb876ecd66a9dc9ce	src/package_manager.rs	8262	0219d0b11922687c	CURRENT	1	8262-8262	CURRENT	TM-RA-1
ra:technique:pi_agent_rust/jax-transform-semantics/10e06454	pi_agent_rust	cbeb3705a9f5a9eebde383eeb876ecd66a9dc9ce	src/hostcall_trace_jit.rs	630	95bf5d0efe3f2765	CURRENT	1	630-630	CURRENT	TM-RA-1
ra:technique:pi_agent_rust/kl-divergence/c08ebad8	pi_agent_rust	cbeb3705a9f5a9eebde383eeb876ecd66a9dc9ce	src/extensions.rs	3607	3c05be221f73f9cb	CURRENT	1	3607-3607	CURRENT	TM-RA-1
ra:technique:pi_agent_rust/kl-divergence/c08ebad8	pi_agent_rust	cbeb3705a9f5a9eebde383eeb876ecd66a9dc9ce	src/extensions.rs	8766	dab0e88d9bc6af9f	CURRENT	1	8766-8766	CURRENT	TM-RA-1
ra:technique:pi_agent_rust/kl-divergence/c08ebad8	pi_agent_rust	cbeb3705a9f5a9eebde383eeb876ecd66a9dc9ce	src/extensions/tests/risk_math.rs	299	b918e4bc481334f6	CURRENT	1	299-299	CURRENT	TM-RA-1
ra:technique:pi_agent_rust/merkle-tree/7a74ac93	pi_agent_rust	cbeb3705a9f5a9eebde383eeb876ecd66a9dc9ce	src/session_store_v2.rs	4829	6ff7e2c51b8f6df8	CURRENT	1	4829-4829	CURRENT	TM-RA-1
ra:technique:pi_agent_rust/merkle-tree/7a74ac93	pi_agent_rust	cbeb3705a9f5a9eebde383eeb876ecd66a9dc9ce	src/session_store_v2.rs	1246	2d6e895f8456a6b1	CURRENT	1	1246-1246	CURRENT	TM-RA-1
ra:technique:pi_agent_rust/merkle-tree/7a74ac93	pi_agent_rust	cbeb3705a9f5a9eebde383eeb876ecd66a9dc9ce	src/session_store_v2.rs	2134	5209fdf6aa88f9d9	CURRENT	1	2134-2134	CURRENT	TM-RA-1
ra:technique:pi_agent_rust/pac-bayes-bound/60156fa6	pi_agent_rust	cbeb3705a9f5a9eebde383eeb876ecd66a9dc9ce	src/extensions.rs	3564	13eef58c6da79e40	CURRENT	1	3564-3564	CURRENT	TM-RA-1
ra:technique:pi_agent_rust/pac-bayes-bound/60156fa6	pi_agent_rust	cbeb3705a9f5a9eebde383eeb876ecd66a9dc9ce	src/extensions.rs	3580	64a3405bc4c8ec56	CURRENT	1	3580-3580	CURRENT	TM-RA-1
ra:technique:pi_agent_rust/pac-bayes-bound/60156fa6	pi_agent_rust	cbeb3705a9f5a9eebde383eeb876ecd66a9dc9ce	src/extensions.rs	3587	9dbcfce1ccce68b4	CURRENT	1	3587-3587	CURRENT	TM-RA-1
ra:technique:pi_agent_rust/preregistered-decision-gate/f81049ad	pi_agent_rust	cbeb3705a9f5a9eebde383eeb876ecd66a9dc9ce	src/extension_dispatcher.rs	1900	864293b7b50eb97d	CURRENT	1	1900-1900	CURRENT	TM-RA-1
ra:technique:pi_agent_rust/preregistered-decision-gate/f81049ad	pi_agent_rust	cbeb3705a9f5a9eebde383eeb876ecd66a9dc9ce	src/extension_dispatcher.rs	1907	452c6e03a8aa6772	CURRENT	1	1907-1907	CURRENT	TM-RA-1
ra:technique:pi_agent_rust/rm-concurrency-model-checking/99522cdd	pi_agent_rust	cbeb3705a9f5a9eebde383eeb876ecd66a9dc9ce	src/hostcall_queue.rs	2040	d7631ade214ecc2b	CURRENT	1	2040-2040	CURRENT	TM-RA-1
ra:technique:pi_agent_rust/rm-concurrency-model-checking/99522cdd	pi_agent_rust	cbeb3705a9f5a9eebde383eeb876ecd66a9dc9ce	Cargo.toml	516	df98c8604aafbacc	CURRENT	1	516-516	CURRENT	TM-RA-1
ra:technique:pi_agent_rust/rm-differential-oracle/5023e096	pi_agent_rust	cbeb3705a9f5a9eebde383eeb876ecd66a9dc9ce	src/extension_dispatcher.rs	886	fa065d304b17aebd	CURRENT	1	886-886	CURRENT	TM-RA-1
ra:technique:pi_agent_rust/rm-differential-oracle/5023e096	pi_agent_rust	cbeb3705a9f5a9eebde383eeb876ecd66a9dc9ce	src/extension_dispatcher.rs	2603	10df5b732dda7856	CURRENT	1	2603-2603	CURRENT	TM-RA-1
ra:technique:pi_agent_rust/rm-differential-oracle/5023e096	pi_agent_rust	cbeb3705a9f5a9eebde383eeb876ecd66a9dc9ce	src/conformance.rs	4	bec4c9170ee0473f	CURRENT	1	4-4	CURRENT	TM-RA-1
ra:technique:pi_agent_rust/rm-evidence-receipts/324f0ad8	pi_agent_rust	cbeb3705a9f5a9eebde383eeb876ecd66a9dc9ce	tests/startup_benchmark.rs	20	7f1a70234ce57807	CURRENT	1	20-20	CURRENT	TM-RA-1
ra:technique:pi_agent_rust/rm-evidence-receipts/324f0ad8	pi_agent_rust	cbeb3705a9f5a9eebde383eeb876ecd66a9dc9ce	src/crash.rs	5	b771b99d9b6008f8	CURRENT	1	5-5	CURRENT	TM-RA-1
ra:technique:pi_agent_rust/rm-evidence-receipts/324f0ad8	pi_agent_rust	cbeb3705a9f5a9eebde383eeb876ecd66a9dc9ce	src/extension_preflight.rs	1451	85f958224b2f7a41	CURRENT	1	1451-1451	CURRENT	TM-RA-1
ra:technique:pi_agent_rust/rm-property-testing/555da43f	pi_agent_rust	cbeb3705a9f5a9eebde383eeb876ecd66a9dc9ce	src/app.rs	2903	468ca405f1142a71	CURRENT	1	2903-2903	CURRENT	TM-RA-1
ra:technique:pi_agent_rust/rm-unsafe-discipline/9af078dd	pi_agent_rust	cbeb3705a9f5a9eebde383eeb876ecd66a9dc9ce	Cargo.toml	555	f0a233f15ff4aa2c	CURRENT	1	555-555	CURRENT	TM-RA-1
ra:technique:pi_agent_rust/rm-unsafe-discipline/9af078dd	pi_agent_rust	cbeb3705a9f5a9eebde383eeb876ecd66a9dc9ce	src/lib.rs	20	d4e6f22e1e076733	CURRENT	1	20-20	CURRENT	TM-RA-1
ra:technique:pi_agent_rust/rm-unsafe-discipline/9af078dd	pi_agent_rust	cbeb3705a9f5a9eebde383eeb876ecd66a9dc9ce	src/crash.rs	12	857591a94d33a525	CURRENT	1	12-12	CURRENT	TM-RA-1
ra:technique:pi_agent_rust/rm-unsafe-discipline/9af078dd	pi_agent_rust	cbeb3705a9f5a9eebde383eeb876ecd66a9dc9ce	src/bpe.rs	282	dc13c6f0cc470334	CURRENT	1	282-282	CURRENT	TM-RA-1
ra:technique:pi_agent_rust/sandboxing-seccomp/b6694e0b	pi_agent_rust	cbeb3705a9f5a9eebde383eeb876ecd66a9dc9ce	src/extensions/wasm_host.rs	12	bd6c8ba1147ab7a8	CURRENT	1	12-12	CURRENT	TM-RA-1
ra:technique:pi_agent_rust/sandboxing-seccomp/b6694e0b	pi_agent_rust	cbeb3705a9f5a9eebde383eeb876ecd66a9dc9ce	src/bash_mediation.rs	5	8cd17a4567d83890	CURRENT	1	5-5	CURRENT	TM-RA-1
ra:technique:pi_agent_rust/sandboxing-seccomp/b6694e0b	pi_agent_rust	cbeb3705a9f5a9eebde383eeb876ecd66a9dc9ce	src/extensions/exec_mediation.rs	1	02d4ba9c8cc37410	CURRENT	1	1-1	CURRENT	TM-RA-1
ra:technique:pi_agent_rust/speech-recognition-decoding/8f0f11d3	pi_agent_rust	cbeb3705a9f5a9eebde383eeb876ecd66a9dc9ce	src/token_count.rs	46	8fbf7295747e5264	CURRENT	1	46-46	CURRENT	TM-RA-1
ra:technique:pi_agent_rust/structured-concurrency/81c85071	pi_agent_rust	cbeb3705a9f5a9eebde383eeb876ecd66a9dc9ce	src/agent_cx.rs	3	8e234d69ede28179	CURRENT	1	3-3	CURRENT	TM-RA-1
ra:technique:pi_agent_rust/structured-concurrency/81c85071	pi_agent_rust	cbeb3705a9f5a9eebde383eeb876ecd66a9dc9ce	src/agent_cx.rs	6	6bfc990a9470d23f	CURRENT	1	6-6	CURRENT	TM-RA-1
ra:technique:pi_agent_rust/tiered-jit-deoptimization/cd9045fb	pi_agent_rust	cbeb3705a9f5a9eebde383eeb876ecd66a9dc9ce	src/hostcall_trace_jit.rs	5	ac1168956f281e78	CURRENT	1	5-5	CURRENT	TM-RA-1
ra:technique:pi_agent_rust/tiered-jit-deoptimization/cd9045fb	pi_agent_rust	cbeb3705a9f5a9eebde383eeb876ecd66a9dc9ce	src/hostcall_trace_jit.rs	19	b5fd967efe7b31e3	CURRENT	1	19-19	CURRENT	TM-RA-1
ra:technique:pi_agent_rust/ville-inequality/a6bd1238	pi_agent_rust	cbeb3705a9f5a9eebde383eeb876ecd66a9dc9ce	src/extensions/extension_manager_impl.rs	1430	018523761c9b9248	CURRENT	1	1430-1430	CURRENT	TM-RA-1
ra:technique:pi_agent_rust/ville-inequality/a6bd1238	pi_agent_rust	cbeb3705a9f5a9eebde383eeb876ecd66a9dc9ce	src/extensions/extension_manager_impl.rs	1441	44a81685f87be4c2	CURRENT	1	1441-1441	CURRENT	TM-RA-1
ra:technique:pi_agent_rust/ville-inequality/a6bd1238	pi_agent_rust	cbeb3705a9f5a9eebde383eeb876ecd66a9dc9ce	src/extension_dispatcher.rs	1896	87ed65d0b36f6d9c	CURRENT	1	1896-1896	CURRENT	TM-RA-1
ra:technique:pi_agent_rust/ville-inequality/a6bd1238	pi_agent_rust	cbeb3705a9f5a9eebde383eeb876ecd66a9dc9ce	src/extension_dispatcher.rs	1954	ea30c3c61dc91ce7	CURRENT	1	1954-1954	CURRENT	TM-RA-1
ra:technique:pi_agent_rust/welford/b4a5b272	pi_agent_rust	cbeb3705a9f5a9eebde383eeb876ecd66a9dc9ce	src/extensions.rs	3065	1f3fa851428870bd	CURRENT	1	3065-3065	CURRENT	TM-RA-1
ra:technique:pi_agent_rust/welford/b4a5b272	pi_agent_rust	cbeb3705a9f5a9eebde383eeb876ecd66a9dc9ce	src/extensions.rs	3451	6c2ff24319923159	CURRENT	1	3451-3451	CURRENT	TM-RA-1
ra:technique:post_compact_reminder/cryptographic-primitives/835e5fbf	post_compact_reminder	d219be277325c6828016072a45a366f39409f758	install-post-compact-reminder.sh	1950	042543fed6bf9ce5	CURRENT	1	1950-1950	CURRENT	TM-RA-1
ra:technique:post_compact_reminder/cryptographic-primitives/835e5fbf	post_compact_reminder	d219be277325c6828016072a45a366f39409f758	install-post-compact-reminder.sh	1963	748877f22742930d	CURRENT	1	1963-1963	CURRENT	TM-RA-1
ra:technique:post_compact_reminder/cryptographic-primitives/835e5fbf	post_compact_reminder	d219be277325c6828016072a45a366f39409f758	install-post-compact-reminder.sh	1971	565d12e1e5b6b40a	CURRENT	1	1971-1971	CURRENT	TM-RA-1
ra:technique:post_compact_reminder/file-locking-leases/d22cdfd8	post_compact_reminder	d219be277325c6828016072a45a366f39409f758	install-post-compact-reminder.sh	48	ce9b458c9b003548	CURRENT	1	48-48	CURRENT	TM-RA-1
ra:technique:post_compact_reminder/file-locking-leases/d22cdfd8	post_compact_reminder	d219be277325c6828016072a45a366f39409f758	install-post-compact-reminder.sh	69	6e66a31f562e59ae	CURRENT	1	69-69	CURRENT	TM-RA-1
ra:technique:post_compact_reminder/file-locking-leases/d22cdfd8	post_compact_reminder	d219be277325c6828016072a45a366f39409f758	install-post-compact-reminder.sh	74	d549ae2d49a7d71c	CURRENT	1	74-74	CURRENT	TM-RA-1
ra:technique:post_compact_reminder/filesystem-semantics/faeb67d6	post_compact_reminder	d219be277325c6828016072a45a366f39409f758	install-post-compact-reminder.sh	2004	2c0a465942639f03	CURRENT	1	2004-2004	CURRENT	TM-RA-1
ra:technique:post_compact_reminder/filesystem-semantics/faeb67d6	post_compact_reminder	d219be277325c6828016072a45a366f39409f758	install-post-compact-reminder.sh	2006	ad82023e940a78cc	CURRENT	1	2006-2006	CURRENT	TM-RA-1
ra:technique:post_compact_reminder/filesystem-semantics/faeb67d6	post_compact_reminder	d219be277325c6828016072a45a366f39409f758	install-post-compact-reminder.sh	2009	c0539d7e8c134a31	CURRENT	1	2009-2009	CURRENT	TM-RA-1
ra:technique:power_failure_resumer/local.crash-confidence-rubric/a9742abe	power_failure_resumer	6557be08fc3b9298892ae448dc4b68ea2b874703	lib/confidence.py	4	5b2afd176ea27c1f	CURRENT	1	4-4	CURRENT	TM-RA-1
ra:technique:power_failure_resumer/local.crash-confidence-rubric/a9742abe	power_failure_resumer	6557be08fc3b9298892ae448dc4b68ea2b874703	lib/confidence.py	14	30d427919a9e9a06	CURRENT	1	14-14	CURRENT	TM-RA-1
ra:technique:power_failure_resumer/local.crash-confidence-rubric/a9742abe	power_failure_resumer	6557be08fc3b9298892ae448dc4b68ea2b874703	lib/confidence.py	73	9dad799ec81ea853	CURRENT	1	73-73	CURRENT	TM-RA-1
ra:technique:power_failure_resumer/rm-error-taxonomy/558a8433	power_failure_resumer	6557be08fc3b9298892ae448dc4b68ea2b874703	lib/plan.py	174	55b33cd3a6373b90	CURRENT	1	174-174	CURRENT	TM-RA-1
ra:technique:power_failure_resumer/rm-error-taxonomy/558a8433	power_failure_resumer	6557be08fc3b9298892ae448dc4b68ea2b874703	lib/plan.py	270	7504d07ea6821bc7	CURRENT	1	270-270	CURRENT	TM-RA-1
ra:technique:power_failure_resumer/rm-error-taxonomy/558a8433	power_failure_resumer	6557be08fc3b9298892ae448dc4b68ea2b874703	lib/plan.py	297	dfe99b87bea323fb	CURRENT	1	297-297	CURRENT	TM-RA-1
ra:technique:power_failure_resumer/sliding-window-two-pointer/df018f78	power_failure_resumer	6557be08fc3b9298892ae448dc4b68ea2b874703	lib/discover.py	913	e6c90272881ebfe6	CURRENT	1	913-913	CURRENT	TM-RA-1
ra:technique:power_failure_resumer/sliding-window-two-pointer/df018f78	power_failure_resumer	6557be08fc3b9298892ae448dc4b68ea2b874703	lib/discover.py	914	13d58816f35e6625	CURRENT	1	914-914	CURRENT	TM-RA-1
ra:technique:power_failure_resumer/sliding-window-two-pointer/df018f78	power_failure_resumer	6557be08fc3b9298892ae448dc4b68ea2b874703	lib/discover.py	919	cc6e9c7f9f7fda64	CURRENT	1	919-919	CURRENT	TM-RA-1
ra:technique:power_failure_resumer/wal-aries/f313a20b	power_failure_resumer	6557be08fc3b9298892ae448dc4b68ea2b874703	lib/plan.py	64	d53959da1d409ab8	CURRENT	1	64-64	CURRENT	TM-RA-1
ra:technique:power_failure_resumer/wal-aries/f313a20b	power_failure_resumer	6557be08fc3b9298892ae448dc4b68ea2b874703	lib/plan.py	67	1bf9b98f87235694	CURRENT	1	67-67	CURRENT	TM-RA-1
ra:technique:power_failure_resumer/wal-aries/f313a20b	power_failure_resumer	6557be08fc3b9298892ae448dc4b68ea2b874703	lib/plan.py	72	2d0b12bb22df8a57	CURRENT	1	72-72	CURRENT	TM-RA-1
ra:technique:ppp_loan_fraud_analysis/chi-squared/183c73d1	ppp_loan_fraud_analysis	77e947c22a4226b049250ccdca86c768d8c0a32d	analyze_patterns_in_suspicious_loans.py	782	b6b99ab03261a06d	CURRENT	1	782-782	CURRENT	TM-RA-1
ra:technique:ppp_loan_fraud_analysis/chi-squared/183c73d1	ppp_loan_fraud_analysis	77e947c22a4226b049250ccdca86c768d8c0a32d	analyze_patterns_in_suspicious_loans.py	780	e70927081b67631b	CURRENT	1	780-780	CURRENT	TM-RA-1
ra:technique:ppp_loan_fraud_analysis/condition-number/77795c75	ppp_loan_fraud_analysis	77e947c22a4226b049250ccdca86c768d8c0a32d	analyze_patterns_in_suspicious_loans.py	1733	7a8168b739b6cb23	CURRENT	1	1733-1733	CURRENT	TM-RA-1
ra:technique:ppp_loan_fraud_analysis/condition-number/77795c75	ppp_loan_fraud_analysis	77e947c22a4226b049250ccdca86c768d8c0a32d	analyze_patterns_in_suspicious_loans.py	1742	418ddbf2993e2cba	CURRENT	1	1742-1742	CURRENT	TM-RA-1
ra:technique:ppp_loan_fraud_analysis/kolmogorov-smirnov/2964be67	ppp_loan_fraud_analysis	77e947c22a4226b049250ccdca86c768d8c0a32d	analyze_patterns_in_suspicious_loans.py	1129	778114fc827eb8e9	CURRENT	1	1129-1129	CURRENT	TM-RA-1
ra:technique:ppp_loan_fraud_analysis/mann-whitney/6992df33	ppp_loan_fraud_analysis	77e947c22a4226b049250ccdca86c768d8c0a32d	analyze_patterns_in_suspicious_loans.py	1130	1ab339986e6aebca	CURRENT	1	1130-1130	CURRENT	TM-RA-1
ra:technique:ppp_loan_fraud_analysis/newton-raphson/df909fca	ppp_loan_fraud_analysis	77e947c22a4226b049250ccdca86c768d8c0a32d	analyze_patterns_in_suspicious_loans.py	1826	c974d980eba87b52	CURRENT	1	1826-1826	CURRENT	TM-RA-1
ra:technique:ppp_loan_fraud_analysis/newton-raphson/df909fca	ppp_loan_fraud_analysis	77e947c22a4226b049250ccdca86c768d8c0a32d	analyze_patterns_in_suspicious_loans.py	1827	9feb5062f0cf0095	CURRENT	1	1827-1827	CURRENT	TM-RA-1
ra:technique:ppp_loan_fraud_analysis/newton-raphson/df909fca	ppp_loan_fraud_analysis	77e947c22a4226b049250ccdca86c768d8c0a32d	analyze_patterns_in_suspicious_loans.py	1803	ef6eb33e560325b5	CURRENT	1	1803-1803	CURRENT	TM-RA-1
ra:technique:ppp_loan_fraud_analysis/pearson-correlation/02263a64	ppp_loan_fraud_analysis	77e947c22a4226b049250ccdca86c768d8c0a32d	analyze_patterns_in_suspicious_loans.py	1730	1f3e3af895e8e5a3	CURRENT	1	1730-1730	CURRENT	TM-RA-1
ra:technique:ppp_loan_fraud_analysis/regression-regularization/37cfd117	ppp_loan_fraud_analysis	77e947c22a4226b049250ccdca86c768d8c0a32d	analyze_patterns_in_suspicious_loans.py	1779	a26755a36675d60a	CURRENT	1	1779-1779	CURRENT	TM-RA-1
ra:technique:ppp_loan_fraud_analysis/regression-regularization/37cfd117	ppp_loan_fraud_analysis	77e947c22a4226b049250ccdca86c768d8c0a32d	analyze_patterns_in_suspicious_loans.py	1788	b07bf92e4d9b70a2	CURRENT	1	1788-1788	CURRENT	TM-RA-1
ra:technique:ppp_loan_fraud_analysis/regression-regularization/37cfd117	ppp_loan_fraud_analysis	77e947c22a4226b049250ccdca86c768d8c0a32d	analyze_patterns_in_suspicious_loans.py	1809	a67990da9648abae	CURRENT	1	1809-1809	CURRENT	TM-RA-1
ra:technique:ppp_loan_fraud_analysis/rm-checked-arithmetic/a84178cf	ppp_loan_fraud_analysis	77e947c22a4226b049250ccdca86c768d8c0a32d	analyze_patterns_in_suspicious_loans.py	687	b65a019f4ac2f8d2	CURRENT	1	687-687	CURRENT	TM-RA-1
ra:technique:ppp_loan_fraud_analysis/shapley-value/90f33f8a	ppp_loan_fraud_analysis	77e947c22a4226b049250ccdca86c768d8c0a32d	analyze_patterns_in_suspicious_loans.py	421	04c481bf68a930ee	CURRENT	1	421-421	CURRENT	TM-RA-1
ra:technique:ppp_loan_fraud_analysis/shapley-value/90f33f8a	ppp_loan_fraud_analysis	77e947c22a4226b049250ccdca86c768d8c0a32d	analyze_patterns_in_suspicious_loans.py	432	d3ba9a81d18a1f0b	CURRENT	1	432-432	CURRENT	TM-RA-1
ra:technique:ppp_loan_fraud_analysis/students-t/01017ec6	ppp_loan_fraud_analysis	77e947c22a4226b049250ccdca86c768d8c0a32d	analyze_patterns_in_suspicious_loans.py	1128	4bdfd55539d26d90	CURRENT	1	1128-1128	CURRENT	TM-RA-1
ra:technique:ppp_loan_fraud_analysis/students-t/01017ec6	ppp_loan_fraud_analysis	77e947c22a4226b049250ccdca86c768d8c0a32d	analyze_patterns_in_suspicious_loans.py	1296	2370a73e4887935c	CURRENT	1	1296-1296	CURRENT	TM-RA-1
ra:technique:ppp_loan_fraud_analysis/trees-boosting-ensembles/d29fa085	ppp_loan_fraud_analysis	77e947c22a4226b049250ccdca86c768d8c0a32d	analyze_patterns_in_suspicious_loans.py	268	a0e76b46b4840148	CURRENT	1	268-268	CURRENT	TM-RA-1
ra:technique:ppp_loan_fraud_analysis/trees-boosting-ensembles/d29fa085	ppp_loan_fraud_analysis	77e947c22a4226b049250ccdca86c768d8c0a32d	analyze_patterns_in_suspicious_loans.py	279	67244cd75996ef03	CURRENT	1	279-279	CURRENT	TM-RA-1
ra:technique:ppp_loan_fraud_analysis/trees-boosting-ensembles/d29fa085	ppp_loan_fraud_analysis	77e947c22a4226b049250ccdca86c768d8c0a32d	analyze_patterns_in_suspicious_loans.py	353	091c1c51677ca97e	CURRENT	1	353-353	CURRENT	TM-RA-1
ra:technique:prepareprojectforllmprompt/speech-recognition-decoding/2523cdaf	prepareprojectforllmprompt	b5e6dc0d447f997370f39737a93876a926535206	src/extension.ts	9	37f2bb7e64db69f3	CURRENT	1	9-9	CURRENT	TM-RA-1
ra:technique:prepareprojectforllmprompt/speech-recognition-decoding/2523cdaf	prepareprojectforllmprompt	b5e6dc0d447f997370f39737a93876a926535206	src/extension.ts	155	c6071116b9ba9185	CURRENT	1	155-155	CURRENT	TM-RA-1
ra:technique:prepareprojectforllmprompt/speech-recognition-decoding/2523cdaf	prepareprojectforllmprompt	b5e6dc0d447f997370f39737a93876a926535206	src/extension.ts	174	a17e0be35ca92db3	CURRENT	1	174-174	CURRENT	TM-RA-1
ra:technique:process_triage/alpha-investing/92a2575a	process_triage	27698ad276305df91bd97b504fe6d5b546da5705	crates/pt-core/src/decision/alpha_investing.rs	1	32ce07c35ba183a6	CURRENT	1	1-1	CURRENT	TM-RA-1
ra:technique:process_triage/alpha-investing/92a2575a	process_triage	27698ad276305df91bd97b504fe6d5b546da5705	crates/pt-core/src/decision/martingale_gates.rs	101	b3224462912fe107	CURRENT	1	101-101	CURRENT	TM-RA-1
ra:technique:process_triage/bayes-theorem/7dbbdf3f	process_triage	27698ad276305df91bd97b504fe6d5b546da5705	crates/pt-core/src/inference/posterior.rs	595	360efc89f5798dcb	CURRENT	1	595-595	CURRENT	TM-RA-1
ra:technique:process_triage/bayes-theorem/7dbbdf3f	process_triage	27698ad276305df91bd97b504fe6d5b546da5705	crates/pt-core/src/inference/posterior.rs	504	01070c94b87eb03c	CURRENT	1	504-504	CURRENT	TM-RA-1
ra:technique:process_triage/bayes-theorem/7dbbdf3f	process_triage	27698ad276305df91bd97b504fe6d5b546da5705	crates/pt-core/src/inference/posterior.rs	122	b3669b224e0caefc	CURRENT	1	122-122	CURRENT	TM-RA-1
ra:technique:process_triage/bayes-theorem/7dbbdf3f	process_triage	27698ad276305df91bd97b504fe6d5b546da5705	crates/pt-common/src/categories.rs	7	dd3d3bddae753ab0	CURRENT	1	7-7	CURRENT	TM-RA-1
ra:technique:process_triage/benjamini-hochberg/dfe55a71	process_triage	27698ad276305df91bd97b504fe6d5b546da5705	crates/pt-core/src/decision/fdr_selection.rs	162	bc958bfac8cae828	CURRENT	1	162-162	CURRENT	TM-RA-1
ra:technique:process_triage/benjamini-hochberg/dfe55a71	process_triage	27698ad276305df91bd97b504fe6d5b546da5705	crates/pt-core/src/decision/fdr_selection.rs	163	e84e65ba6dbd39fb	CURRENT	1	163-163	CURRENT	TM-RA-1
ra:technique:process_triage/benjamini-hochberg/dfe55a71	process_triage	27698ad276305df91bd97b504fe6d5b546da5705	crates/pt-core/src/session/fleet.rs	391	dd68f89164b2b8fc	CURRENT	1	391-391	CURRENT	TM-RA-1
ra:technique:process_triage/benjamini-hochberg/dfe55a71	process_triage	27698ad276305df91bd97b504fe6d5b546da5705	crates/pt-core/src/session/fleet.rs	393	48c475cf03b8e0af	CURRENT	1	393-393	CURRENT	TM-RA-1
ra:technique:process_triage/beta-bernoulli/ca3aa5bd	process_triage	27698ad276305df91bd97b504fe6d5b546da5705	crates/pt-core/src/inference/posterior.rs	591	5ebc87bcc9e00434	CURRENT	1	591-591	CURRENT	TM-RA-1
ra:technique:process_triage/beta-bernoulli/ca3aa5bd	process_triage	27698ad276305df91bd97b504fe6d5b546da5705	crates/pt-core/src/inference/posterior.rs	646	fdf40a7e767e6bc0	CURRENT	1	646-646	CURRENT	TM-RA-1
ra:technique:process_triage/beta-bernoulli/ca3aa5bd	process_triage	27698ad276305df91bd97b504fe6d5b546da5705	crates/pt-config/src/priors.rs	84	2634411d39dc2f4f	CURRENT	1	84-84	CURRENT	TM-RA-1
ra:technique:process_triage/beta-bernoulli/ca3aa5bd	process_triage	27698ad276305df91bd97b504fe6d5b546da5705	crates/pt-core/src/collect/tick_delta.rs	10	0fbecc7a3efb9bd6	CURRENT	1	10-10	CURRENT	TM-RA-1
ra:technique:process_triage/bocpd-run-length/b90580d4	process_triage	27698ad276305df91bd97b504fe6d5b546da5705	crates/pt-core/src/inference/bocpd.rs	16	d8fd6a3414de5775	CURRENT	1	16-16	CURRENT	TM-RA-1
ra:technique:process_triage/bocpd-run-length/b90580d4	process_triage	27698ad276305df91bd97b504fe6d5b546da5705	crates/pt-core/src/inference/bocpd.rs	20	4ce18dabaf38ee50	CURRENT	1	20-20	CURRENT	TM-RA-1
ra:technique:process_triage/brier-score/9e695dd0	process_triage	27698ad276305df91bd97b504fe6d5b546da5705	crates/pt-core/src/calibrate/metrics.rs	139	c1108d01dabe8ae7	CURRENT	1	139-139	CURRENT	TM-RA-1
ra:technique:process_triage/brier-score/9e695dd0	process_triage	27698ad276305df91bd97b504fe6d5b546da5705	crates/pt-core/src/calibrate/metrics.rs	191	3c276481b27e624a	CURRENT	1	191-191	CURRENT	TM-RA-1
ra:technique:process_triage/brier-score/9e695dd0	process_triage	27698ad276305df91bd97b504fe6d5b546da5705	crates/pt-core/src/calibrate/mod.rs	1	a79457d5a34ef623	CURRENT	1	1-1	CURRENT	TM-RA-1
ra:technique:process_triage/causal-inference/a7db72e3	process_triage	27698ad276305df91bd97b504fe6d5b546da5705	crates/pt-core/src/decision/ope.rs	11	d2ace170cd6018b6	CURRENT	1	11-11	CURRENT	TM-RA-1
ra:technique:process_triage/causal-inference/a7db72e3	process_triage	27698ad276305df91bd97b504fe6d5b546da5705	crates/pt-core/src/decision/ope.rs	254	5ab104832fb51cd2	CURRENT	1	254-254	CURRENT	TM-RA-1
ra:technique:process_triage/causal-inference/a7db72e3	process_triage	27698ad276305df91bd97b504fe6d5b546da5705	crates/pt-core/src/decision/ope.rs	37	e943a78859ad8cf7	CURRENT	1	37-37	CURRENT	TM-RA-1
ra:technique:process_triage/conformal-prediction/751d025a	process_triage	27698ad276305df91bd97b504fe6d5b546da5705	crates/pt-core/src/inference/conformal.rs	250	a11e104cd920c131	CURRENT	1	250-250	CURRENT	TM-RA-1
ra:technique:process_triage/conformal-prediction/751d025a	process_triage	27698ad276305df91bd97b504fe6d5b546da5705	crates/pt-core/src/inference/conformal.rs	251	1a50243a586c8a87	CURRENT	1	251-251	CURRENT	TM-RA-1
ra:technique:process_triage/conformal-prediction/751d025a	process_triage	27698ad276305df91bd97b504fe6d5b546da5705	crates/pt-core/src/inference/conformal.rs	71	3a55782389e22eb7	CURRENT	1	71-71	CURRENT	TM-RA-1
ra:technique:process_triage/conformal-prediction/751d025a	process_triage	27698ad276305df91bd97b504fe6d5b546da5705	crates/pt-core/src/inference/conformal.rs	10	379ec7689fba56d8	CURRENT	1	10-10	CURRENT	TM-RA-1
ra:technique:process_triage/congestion-control-backoff/d9b048ac	process_triage	27698ad276305df91bd97b504fe6d5b546da5705	crates/pt-core/src/decision/enforcer.rs	638	d51b058240c2b134	CURRENT	1	638-638	CURRENT	TM-RA-1
ra:technique:process_triage/congestion-control-backoff/d9b048ac	process_triage	27698ad276305df91bd97b504fe6d5b546da5705	crates/pt-core/src/action/recovery.rs	74	5f252354c22c1f2b	CURRENT	1	74-74	CURRENT	TM-RA-1
ra:technique:process_triage/context-tree-weighting/068e8832	process_triage	27698ad276305df91bd97b504fe6d5b546da5705	crates/pt-core/src/inference/ctw.rs	17	d0e286f8ebec3aa2	CURRENT	1	17-17	CURRENT	TM-RA-1
ra:technique:process_triage/context-tree-weighting/068e8832	process_triage	27698ad276305df91bd97b504fe6d5b546da5705	crates/pt-core/src/inference/ctw.rs	21	46b41cb57abba6bf	CURRENT	1	21-21	CURRENT	TM-RA-1
ra:technique:process_triage/context-tree-weighting/068e8832	process_triage	27698ad276305df91bd97b504fe6d5b546da5705	crates/pt-core/src/inference/ctw.rs	511	e3b34b2160ba1696	CURRENT	1	511-511	CURRENT	TM-RA-1
ra:technique:process_triage/count-min-sketch/d26d2762	process_triage	27698ad276305df91bd97b504fe6d5b546da5705	crates/pt-core/src/inference/sketches.rs	91	cf8dfd8fed38b83c	CURRENT	1	91-91	CURRENT	TM-RA-1
ra:technique:process_triage/count-min-sketch/d26d2762	process_triage	27698ad276305df91bd97b504fe6d5b546da5705	crates/pt-core/src/inference/sketches.rs	92	21bebbb5f53b9596	CURRENT	1	92-92	CURRENT	TM-RA-1
ra:technique:process_triage/count-min-sketch/d26d2762	process_triage	27698ad276305df91bd97b504fe6d5b546da5705	crates/pt-core/src/inference/sketches.rs	20	954b650ac4b0c731	CURRENT	1	20-20	CURRENT	TM-RA-1
ra:technique:process_triage/count-min-sketch/d26d2762	process_triage	27698ad276305df91bd97b504fe6d5b546da5705	crates/pt-core/src/inference/sketches.rs	148	d2a401f34796c439	CURRENT	1	148-148	CURRENT	TM-RA-1
ra:technique:process_triage/cryptographic-primitives/643c6a20	process_triage	27698ad276305df91bd97b504fe6d5b546da5705	crates/pt-bundle/src/manifest.rs	5	a2fc87d08ac1a5d8	CURRENT	1	5-5	CURRENT	TM-RA-1
ra:technique:process_triage/cryptographic-primitives/643c6a20	process_triage	27698ad276305df91bd97b504fe6d5b546da5705	crates/pt-bundle/src/manifest.rs	44	456b1aed4833050a	CURRENT	1	44-44	CURRENT	TM-RA-1
ra:technique:process_triage/cvar-rockafellar-uryasev/0d33a416	process_triage	27698ad276305df91bd97b504fe6d5b546da5705	crates/pt-core/src/decision/cvar.rs	11	e73ddd1687dca105	CURRENT	1	11-11	CURRENT	TM-RA-1
ra:technique:process_triage/cvar-rockafellar-uryasev/0d33a416	process_triage	27698ad276305df91bd97b504fe6d5b546da5705	crates/pt-core/src/decision/cvar.rs	14	d56b3b229528c7d1	CURRENT	1	14-14	CURRENT	TM-RA-1
ra:technique:process_triage/e-value/b55a83c2	process_triage	27698ad276305df91bd97b504fe6d5b546da5705	crates/pt-core/src/inference/martingale.rs	451	41ff4d3b4cab6999	CURRENT	1	451-451	CURRENT	TM-RA-1
ra:technique:process_triage/e-value/b55a83c2	process_triage	27698ad276305df91bd97b504fe6d5b546da5705	crates/pt-core/src/inference/martingale.rs	452	65adf394e1d6db09	CURRENT	1	452-452	CURRENT	TM-RA-1
ra:technique:process_triage/e-value/b55a83c2	process_triage	27698ad276305df91bd97b504fe6d5b546da5705	crates/pt-core/src/inference/martingale.rs	509	0c952a129120fca8	CURRENT	1	509-509	CURRENT	TM-RA-1
ra:technique:process_triage/e-value/b55a83c2	process_triage	27698ad276305df91bd97b504fe6d5b546da5705	crates/pt-core/src/decision/martingale_gates.rs	4	092955bdcd1da90a	CURRENT	1	4-4	CURRENT	TM-RA-1
ra:technique:process_triage/e-value/b55a83c2	process_triage	27698ad276305df91bd97b504fe6d5b546da5705	crates/pt-core/src/decision/martingale_gates.rs	124	832a089fea6db3ae	CURRENT	1	124-124	CURRENT	TM-RA-1
ra:technique:process_triage/ewma/6d95d3eb	process_triage	27698ad276305df91bd97b504fe6d5b546da5705	crates/pt-core/src/daemon/triggers.rs	1	23fe9d99cf9ef5c9	CURRENT	1	1-1	CURRENT	TM-RA-1
ra:technique:process_triage/ewma/6d95d3eb	process_triage	27698ad276305df91bd97b504fe6d5b546da5705	crates/pt-core/src/daemon/triggers.rs	6	6ec300336f311ef2	CURRENT	1	6-6	CURRENT	TM-RA-1
ra:technique:process_triage/generalized-pareto-pot/c548ac55	process_triage	27698ad276305df91bd97b504fe6d5b546da5705	crates/pt-core/src/inference/evt.rs	12	b5c314075f961aa6	CURRENT	1	12-12	CURRENT	TM-RA-1
ra:technique:process_triage/generalized-pareto-pot/c548ac55	process_triage	27698ad276305df91bd97b504fe6d5b546da5705	crates/pt-core/src/inference/evt.rs	3	78bfd21f209eb2b2	CURRENT	1	3-3	CURRENT	TM-RA-1
ra:technique:process_triage/gittins-index/34f07ebc	process_triage	27698ad276305df91bd97b504fe6d5b546da5705	crates/pt-core/src/decision/wonham_gittins.rs	442	77f738785b997425	CURRENT	1	442-442	CURRENT	TM-RA-1
ra:technique:process_triage/gittins-index/34f07ebc	process_triage	27698ad276305df91bd97b504fe6d5b546da5705	crates/pt-core/src/decision/wonham_gittins.rs	25	ae4d94766dbadb5c	CURRENT	1	25-25	CURRENT	TM-RA-1
ra:technique:process_triage/gittins-index/34f07ebc	process_triage	27698ad276305df91bd97b504fe6d5b546da5705	crates/pt-core/src/decision/wonham_gittins.rs	455	c58104bc06fbb268	CURRENT	1	455-455	CURRENT	TM-RA-1
ra:technique:process_triage/gittins-index/34f07ebc	process_triage	27698ad276305df91bd97b504fe6d5b546da5705	crates/pt-core/src/decision/wonham_gittins.rs	457	c7b733e6d9fd9cf6	CURRENT	1	457-457	CURRENT	TM-RA-1
ra:technique:process_triage/hawkes-process/3a9e6965	process_triage	27698ad276305df91bd97b504fe6d5b546da5705	crates/pt-core/src/inference/hawkes.rs	10	39bde6d434283415	CURRENT	1	10-10	CURRENT	TM-RA-1
ra:technique:process_triage/hawkes-process/3a9e6965	process_triage	27698ad276305df91bd97b504fe6d5b546da5705	crates/pt-core/src/inference/hawkes.rs	20	596c448d07ded635	CURRENT	1	20-20	CURRENT	TM-RA-1
ra:technique:process_triage/information-geometry-optimal-transport/d78419e4	process_triage	27698ad276305df91bd97b504fe6d5b546da5705	crates/pt-core/src/decision/dro.rs	240	dcc9b5ab3057409a	CURRENT	1	240-240	CURRENT	TM-RA-1
ra:technique:process_triage/information-geometry-optimal-transport/d78419e4	process_triage	27698ad276305df91bd97b504fe6d5b546da5705	crates/pt-core/src/decision/dro.rs	236	c990b6928ad5d839	CURRENT	1	236-236	CURRENT	TM-RA-1
ra:technique:process_triage/information-geometry-optimal-transport/d78419e4	process_triage	27698ad276305df91bd97b504fe6d5b546da5705	crates/pt-core/src/decision/dro.rs	45	39f1442a2acf23d9	CURRENT	1	45-45	CURRENT	TM-RA-1
ra:technique:process_triage/information-geometry-optimal-transport/d78419e4	process_triage	27698ad276305df91bd97b504fe6d5b546da5705	crates/pt-core/src/inference/wasserstein.rs	310	9c4bc03235c500a9	CURRENT	1	310-310	CURRENT	TM-RA-1
ra:technique:process_triage/kalman-filter/2184377a	process_triage	27698ad276305df91bd97b504fe6d5b546da5705	crates/pt-core/src/calibrate/kalman.rs	216	95ce61002c9076c7	CURRENT	1	216-216	CURRENT	TM-RA-1
ra:technique:process_triage/kalman-filter/2184377a	process_triage	27698ad276305df91bd97b504fe6d5b546da5705	crates/pt-core/src/calibrate/kalman.rs	248	39912ca630bb90b7	CURRENT	1	248-248	CURRENT	TM-RA-1
ra:technique:process_triage/kalman-filter/2184377a	process_triage	27698ad276305df91bd97b504fe6d5b546da5705	crates/pt-core/src/calibrate/kalman.rs	256	501d0d4db0b66092	CURRENT	1	256-256	CURRENT	TM-RA-1
ra:technique:process_triage/lipschitz-continuity/9dca38fc	process_triage	27698ad276305df91bd97b504fe6d5b546da5705	crates/pt-core/src/decision/dro.rs	234	dc4f0cc8be0b7dc6	CURRENT	1	234-234	CURRENT	TM-RA-1
ra:technique:process_triage/lipschitz-continuity/9dca38fc	process_triage	27698ad276305df91bd97b504fe6d5b546da5705	crates/pt-core/src/decision/dro.rs	74	d6a2959e0f844e80	CURRENT	1	74-74	CURRENT	TM-RA-1
ra:technique:process_triage/poisson-process/08aeddca	process_triage	27698ad276305df91bd97b504fe6d5b546da5705	crates/pt-core/src/inference/queueing.rs	192	ba791bce3e1d55cf	CURRENT	1	192-192	CURRENT	TM-RA-1
ra:technique:process_triage/poisson-process/08aeddca	process_triage	27698ad276305df91bd97b504fe6d5b546da5705	crates/pt-core/src/inference/queueing.rs	194	b39a6620790309d4	CURRENT	1	194-194	CURRENT	TM-RA-1
ra:technique:process_triage/poisson-process/08aeddca	process_triage	27698ad276305df91bd97b504fe6d5b546da5705	crates/pt-core/src/inference/compound_poisson.rs	3	cfe9c04bbd2aecb3	CURRENT	1	3-3	CURRENT	TM-RA-1
ra:technique:process_triage/rm-checked-arithmetic/9dff1a95	process_triage	27698ad276305df91bd97b504fe6d5b546da5705	crates/pt-core/src/action/prechecks.rs	533	0b909a211fc98d05	CURRENT	1	533-533	CURRENT	TM-RA-1
ra:technique:process_triage/rm-checked-arithmetic/9dff1a95	process_triage	27698ad276305df91bd97b504fe6d5b546da5705	crates/pt-core/src/inference/sketches.rs	162	9ec5f428f6fcf573	CURRENT	1	162-162	CURRENT	TM-RA-1
ra:technique:process_triage/rm-error-taxonomy/6e9c321d	process_triage	27698ad276305df91bd97b504fe6d5b546da5705	crates/pt-common/src/error.rs	271	1e5af8c47496aa10	CURRENT	1	271-271	CURRENT	TM-RA-1
ra:technique:process_triage/rm-error-taxonomy/6e9c321d	process_triage	27698ad276305df91bd97b504fe6d5b546da5705	crates/pt-common/src/error.rs	189	afbb77389e703b5f	CURRENT	1	189-189	CURRENT	TM-RA-1
ra:technique:process_triage/rm-error-taxonomy/6e9c321d	process_triage	27698ad276305df91bd97b504fe6d5b546da5705	crates/pt-common/src/error.rs	367	4af5eec7c31a4cc6	CURRENT	1	367-367	CURRENT	TM-RA-1
ra:technique:process_triage/rm-evidence-receipts/90524e3a	process_triage	27698ad276305df91bd97b504fe6d5b546da5705	crates/pt-core/src/audit/mod.rs	10	f9efd4e0ed78bd7d	CURRENT	1	10-10	CURRENT	TM-RA-1
ra:technique:process_triage/rm-evidence-receipts/90524e3a	process_triage	27698ad276305df91bd97b504fe6d5b546da5705	crates/pt-core/src/audit/entry.rs	134	6c616f295ddd2cc5	CURRENT	1	134-134	CURRENT	TM-RA-1
ra:technique:process_triage/rm-evidence-receipts/90524e3a	process_triage	27698ad276305df91bd97b504fe6d5b546da5705	crates/pt-bundle/src/reader.rs	213	4034e2548ad5e0f0	CURRENT	1	213-213	CURRENT	TM-RA-1
ra:technique:process_triage/rm-fuzzing/65c96587	process_triage	27698ad276305df91bd97b504fe6d5b546da5705	fuzz/fuzz_targets/fuzz_bundle_reader.rs	8	b2e4198b265bf7c8	CURRENT	1	8-8	CURRENT	TM-RA-1
ra:technique:process_triage/rm-property-testing/102de398	process_triage	27698ad276305df91bd97b504fe6d5b546da5705	crates/pt-core/tests/decision_properties.rs	1	8f776bbbb3dc3ce4	CURRENT	1	1-1	CURRENT	TM-RA-1
ra:technique:process_triage/rm-property-testing/102de398	process_triage	27698ad276305df91bd97b504fe6d5b546da5705	crates/pt-core/tests/decision_properties.rs	3	d5b56029f44d379a	CURRENT	1	3-3	CURRENT	TM-RA-1
ra:technique:process_triage/safe-bayes-tempering/a0aaddde	process_triage	27698ad276305df91bd97b504fe6d5b546da5705	crates/pt-core/src/inference/robust.rs	14	aff34cd540f1e44c	CURRENT	1	14-14	CURRENT	TM-RA-1
ra:technique:process_triage/safe-bayes-tempering/a0aaddde	process_triage	27698ad276305df91bd97b504fe6d5b546da5705	crates/pt-core/src/inference/robust.rs	16	54d25a00ebbd6dbc	CURRENT	1	16-16	CURRENT	TM-RA-1
ra:technique:process_triage/safe-bayes-tempering/a0aaddde	process_triage	27698ad276305df91bd97b504fe6d5b546da5705	crates/pt-core/src/inference/posterior.rs	588	79a19fb8fe3266c0	CURRENT	1	588-588	CURRENT	TM-RA-1
ra:technique:process_triage/sequential-decision-optimal-stopping/34bbff06	process_triage	27698ad276305df91bd97b504fe6d5b546da5705	crates/pt-core/src/decision/expected_loss.rs	562	c59e6b066b7247e7	CURRENT	1	562-562	CURRENT	TM-RA-1
ra:technique:process_triage/sequential-decision-optimal-stopping/34bbff06	process_triage	27698ad276305df91bd97b504fe6d5b546da5705	crates/pt-core/src/decision/expected_loss.rs	291	61f4ffa438402aab	CURRENT	1	291-291	CURRENT	TM-RA-1
ra:technique:process_triage/sequential-decision-optimal-stopping/34bbff06	process_triage	27698ad276305df91bd97b504fe6d5b546da5705	crates/pt-common/src/config/policy.rs	29	3d696228a5c87ced	CURRENT	1	29-29	CURRENT	TM-RA-1
ra:technique:process_triage/signal-handling-process-semantics/e4b92f3e	process_triage	27698ad276305df91bd97b504fe6d5b546da5705	crates/pt-core/src/action/signal.rs	203	bfe07d21e138ad8a	CURRENT	1	203-203	CURRENT	TM-RA-1
ra:technique:process_triage/signal-handling-process-semantics/e4b92f3e	process_triage	27698ad276305df91bd97b504fe6d5b546da5705	crates/pt-core/src/action/signal.rs	221	b86479ee4791e27d	CURRENT	1	221-221	CURRENT	TM-RA-1
ra:technique:process_triage/signal-handling-process-semantics/e4b92f3e	process_triage	27698ad276305df91bd97b504fe6d5b546da5705	crates/pt-core/src/action/signal.rs	224	dde04c231400fa76	CURRENT	1	224-224	CURRENT	TM-RA-1
ra:technique:process_triage/signal-handling-process-semantics/e4b92f3e	process_triage	27698ad276305df91bd97b504fe6d5b546da5705	crates/pt-core/src/action/signal.rs	227	2605d82b8dcf2993	CURRENT	1	227-227	CURRENT	TM-RA-1
ra:technique:process_triage/signal-handling-process-semantics/e4b92f3e	process_triage	27698ad276305df91bd97b504fe6d5b546da5705	crates/pt-common/src/id.rs	32	c4715202c74b1396	CURRENT	1	32-32	CURRENT	TM-RA-1
ra:technique:process_triage/special-functions/3a94fe91	process_triage	27698ad276305df91bd97b504fe6d5b546da5705	crates/pt-math/src/math/stable.rs	121	74d6fb9fd2279138	CURRENT	1	121-121	CURRENT	TM-RA-1
ra:technique:process_triage/special-functions/3a94fe91	process_triage	27698ad276305df91bd97b504fe6d5b546da5705	crates/pt-math/src/math/gamma.rs	21	30c8cc699594231e	CURRENT	1	21-21	CURRENT	TM-RA-1
ra:technique:process_triage/special-functions/3a94fe91	process_triage	27698ad276305df91bd97b504fe6d5b546da5705	crates/pt-math/src/math/beta.rs	4	dcd9b5ec08cfb72c	CURRENT	1	4-4	CURRENT	TM-RA-1
ra:technique:process_triage/submodular-greedy-maximization/852b5d55	process_triage	27698ad276305df91bd97b504fe6d5b546da5705	crates/pt-core/src/decision/submodular.rs	5	ff209109036baa0d	CURRENT	1	5-5	CURRENT	TM-RA-1
ra:technique:process_triage/submodular-greedy-maximization/852b5d55	process_triage	27698ad276305df91bd97b504fe6d5b546da5705	crates/pt-core/src/decision/submodular.rs	6	24f1d9032fa94d64	CURRENT	1	6-6	CURRENT	TM-RA-1
ra:technique:process_triage/survival-analysis/431dc47f	process_triage	27698ad276305df91bd97b504fe6d5b546da5705	crates/pt-core/src/inference/hazard.rs	15	4c61a18804fe3331	CURRENT	1	15-15	CURRENT	TM-RA-1
ra:technique:process_triage/survival-analysis/431dc47f	process_triage	27698ad276305df91bd97b504fe6d5b546da5705	crates/pt-core/src/inference/hazard.rs	285	40abc12b0c54c65e	CURRENT	1	285-285	CURRENT	TM-RA-1
ra:technique:process_triage/survival-analysis/431dc47f	process_triage	27698ad276305df91bd97b504fe6d5b546da5705	crates/pt-common/src/config/priors.rs	302	e3351d8bf0952fb5	CURRENT	1	302-302	CURRENT	TM-RA-1
ra:technique:process_triage/t-digest/19a75065	process_triage	27698ad276305df91bd97b504fe6d5b546da5705	crates/pt-core/src/inference/sketches.rs	627	bf799c0414153247	CURRENT	1	627-627	CURRENT	TM-RA-1
ra:technique:process_triage/t-digest/19a75065	process_triage	27698ad276305df91bd97b504fe6d5b546da5705	crates/pt-core/src/inference/sketches.rs	625	3a96b935b727fae9	CURRENT	1	625-625	CURRENT	TM-RA-1
ra:technique:process_triage/t-digest/19a75065	process_triage	27698ad276305df91bd97b504fe6d5b546da5705	crates/pt-core/src/inference/sketches.rs	15	70d07dcc373fc27f	CURRENT	1	15-15	CURRENT	TM-RA-1
ra:technique:process_triage/t-digest/19a75065	process_triage	27698ad276305df91bd97b504fe6d5b546da5705	crates/pt-core/src/inference/sketches.rs	1330	62fe0ac94bbe559f	CURRENT	1	1330-1330	CURRENT	TM-RA-1
ra:technique:rano/filesystem-semantics/1560719d	rano	43ac614eaa11ec3dca22b030517b257923114e71	src/main.rs	6238	8da25ae9aeac4bce	CURRENT	1	6238-6238	CURRENT	TM-RA-1
ra:technique:rano/filesystem-semantics/1560719d	rano	43ac614eaa11ec3dca22b030517b257923114e71	src/main.rs	6242	b750d13cee5ecf13	RELOCATED	2	6241-6241,7156-7156	CANNOT_DETERMINE	TM-RA-1
ra:technique:rano/proc-socket-inode-attribution/68829a49	rano	43ac614eaa11ec3dca22b030517b257923114e71	src/main.rs	5778	fd2792b2abf53a18	CURRENT	1	5778-5778	CURRENT	TM-RA-1
ra:technique:rano/proc-socket-inode-attribution/68829a49	rano	43ac614eaa11ec3dca22b030517b257923114e71	src/main.rs	5783	dacb57f795b5af33	CURRENT	1	5783-5783	CURRENT	TM-RA-1
ra:technique:rano/proc-socket-inode-attribution/68829a49	rano	43ac614eaa11ec3dca22b030517b257923114e71	src/main.rs	1731	e6be11512d4656cd	CURRENT	1	1731-1731	CURRENT	TM-RA-1
ra:technique:rano/rm-evidence-receipts/4769c6b1	rano	43ac614eaa11ec3dca22b030517b257923114e71	src/main.rs	8181	513bf992570529ed	RELOCATED	1	8182-8182	CURRENT+line_relocated	TM-RA-1
ra:technique:rano/rm-evidence-receipts/4769c6b1	rano	43ac614eaa11ec3dca22b030517b257923114e71	src/main.rs	8187	2af11768802a8e73	RELOCATED	1	8188-8188	CURRENT+line_relocated	TM-RA-1
ra:technique:rano/wal-aries/ce966378	rano	43ac614eaa11ec3dca22b030517b257923114e71	src/main.rs	8277	424ae722b5750e8e	RELOCATED	1	8278-8278	CURRENT+line_relocated	TM-RA-1
ra:technique:rano/wal-aries/ce966378	rano	43ac614eaa11ec3dca22b030517b257923114e71	src/main.rs	8278	d78bc7aaa3ec2208	RELOCATED	1	8279-8279	CURRENT+line_relocated	TM-RA-1
ra:technique:rano/wal-aries/ce966378	rano	43ac614eaa11ec3dca22b030517b257923114e71	src/main.rs	8279	1dc0bc1eb9f57850	RELOCATED	2	8280-8280,8395-8395	CANNOT_DETERMINE	TM-RA-1
ra:technique:remote_compilation_helper/bitemporal-data/5bce74dd	remote_compilation_helper	17a8718fe7da3821beee357fd742a78fe2b67680	rabs-action/src/serving_transitions.rs	20	bec9f1e9957a2cd8	CURRENT	1	20-20	CURRENT	TM-RA-1
ra:technique:remote_compilation_helper/bitemporal-data/5bce74dd	remote_compilation_helper	17a8718fe7da3821beee357fd742a78fe2b67680	rabs-cas/src/metadata_store.rs	26	8ff3396ccfd8f8fe	CURRENT	1	26-26	CURRENT	TM-RA-1
ra:technique:remote_compilation_helper/cache-replacement/b102803b	remote_compilation_helper	17a8718fe7da3821beee357fd742a78fe2b67680	rabs-cas/src/gc.rs	19	75282b80cd911690	CURRENT	1	19-19	CURRENT	TM-RA-1
ra:technique:remote_compilation_helper/cache-replacement/b102803b	remote_compilation_helper	17a8718fe7da3821beee357fd742a78fe2b67680	rabs-cas/src/serving_state.rs	13	b082cfa97a8df2cb	CURRENT	1	13-13	CURRENT	TM-RA-1
ra:technique:remote_compilation_helper/capability-security/003f0c3b	remote_compilation_helper	17a8718fe7da3821beee357fd742a78fe2b67680	rabs-protocol/src/capability_tokens.rs	4	3517bf5b28fe4d28	CURRENT	1	4-4	CURRENT	TM-RA-1
ra:technique:remote_compilation_helper/capability-security/003f0c3b	remote_compilation_helper	17a8718fe7da3821beee357fd742a78fe2b67680	rabs-protocol/src/authority_matrix.rs	128	147615197eab54ab	CURRENT	1	128-128	CURRENT	TM-RA-1
ra:technique:remote_compilation_helper/compression-algorithms/188cd477	remote_compilation_helper	17a8718fe7da3821beee357fd742a78fe2b67680	rabs-cas/src/compression_policy.rs	1	0e0fbb2aa977d7b1	CURRENT	1	1-1	CURRENT	TM-RA-1
ra:technique:remote_compilation_helper/compression-algorithms/188cd477	remote_compilation_helper	17a8718fe7da3821beee357fd742a78fe2b67680	rabs-cas/src/blob_store.rs	68	52a33b81b5de510f	CURRENT	1	68-68	CURRENT	TM-RA-1
ra:technique:remote_compilation_helper/content-defined-chunking/43831118	remote_compilation_helper	17a8718fe7da3821beee357fd742a78fe2b67680	rabs-cas/src/chunking.rs	4	9f36d8c75a7c4778	CURRENT	1	4-4	CURRENT	TM-RA-1
ra:technique:remote_compilation_helper/content-defined-chunking/43831118	remote_compilation_helper	17a8718fe7da3821beee357fd742a78fe2b67680	rabs-cas/src/chunking.rs	100	32e477f823e1a87d	CURRENT	1	100-100	CURRENT	TM-RA-1
ra:technique:remote_compilation_helper/content-defined-chunking/43831118	remote_compilation_helper	17a8718fe7da3821beee357fd742a78fe2b67680	rabs-cas/src/chunking.rs	101	dc2228503a789706	CURRENT	1	101-101	CURRENT	TM-RA-1
ra:technique:remote_compilation_helper/dag-scheduling-critical-path/b00348aa	remote_compilation_helper	17a8718fe7da3821beee357fd742a78fe2b67680	rabs-scheduler/src/critical_path.rs	22	c4d26d6fb286a975	CURRENT	1	22-22	CURRENT	TM-RA-1
ra:technique:remote_compilation_helper/dag-scheduling-critical-path/b00348aa	remote_compilation_helper	17a8718fe7da3821beee357fd742a78fe2b67680	rabs-key/src/action_dag.rs	93	95f4d72a65723fe2	CURRENT	1	93-93	CURRENT	TM-RA-1
ra:technique:remote_compilation_helper/file-locking-leases/00be3d26	remote_compilation_helper	17a8718fe7da3821beee357fd742a78fe2b67680	rabs-protocol/src/edge_fence.rs	7	3926b4ec1432caf7	CURRENT	1	7-7	CURRENT	TM-RA-1
ra:technique:remote_compilation_helper/file-locking-leases/00be3d26	remote_compilation_helper	17a8718fe7da3821beee357fd742a78fe2b67680	rabs-protocol/src/edge_fence.rs	16	e3b5c8e08676e1ed	CURRENT	1	16-16	CURRENT	TM-RA-1
ra:technique:remote_compilation_helper/filesystem-semantics/b63b2e04	remote_compilation_helper	17a8718fe7da3821beee357fd742a78fe2b67680	rabs-cas/src/blob_store.rs	18	4be34bd15d67831d	CURRENT	1	18-18	CURRENT	TM-RA-1
ra:technique:remote_compilation_helper/filesystem-semantics/b63b2e04	remote_compilation_helper	17a8718fe7da3821beee357fd742a78fe2b67680	rabs-cas/src/blob_store.rs	27	92d70e82b21b93ad	CURRENT	1	27-27	CURRENT	TM-RA-1
ra:technique:remote_compilation_helper/filesystem-semantics/b63b2e04	remote_compilation_helper	17a8718fe7da3821beee357fd742a78fe2b67680	rabs-cas/src/crash_matrix.rs	4	b4c9bfe9a351fb7f	CURRENT	1	4-4	CURRENT	TM-RA-1
ra:technique:remote_compilation_helper/hashing-functions/e437eeb5	remote_compilation_helper	17a8718fe7da3821beee357fd742a78fe2b67680	rabs-protocol/src/redaction.rs	22	8dada06f6c048ad3	CURRENT	1	22-22	CURRENT	TM-RA-1
ra:technique:remote_compilation_helper/hashing-functions/e437eeb5	remote_compilation_helper	17a8718fe7da3821beee357fd742a78fe2b67680	rabs-action/src/capability_probe.rs	39	6a2b306d0bf26f41	CURRENT	1	39-39	CURRENT	TM-RA-1
ra:technique:remote_compilation_helper/hashing-functions/e437eeb5	remote_compilation_helper	17a8718fe7da3821beee357fd742a78fe2b67680	rabs-protocol/src/result_identity.rs	42	ffa3d5929c770dd0	CURRENT	1	42-42	CURRENT	TM-RA-1
ra:technique:remote_compilation_helper/memory-model-atomics/ef6d5a67	remote_compilation_helper	17a8718fe7da3821beee357fd742a78fe2b67680	rabs-asupersync/src/jobserver.rs	272	7c2a0092e7f72f14	CURRENT	1	272-272	CURRENT	TM-RA-1
ra:technique:remote_compilation_helper/memory-model-atomics/ef6d5a67	remote_compilation_helper	17a8718fe7da3821beee357fd742a78fe2b67680	rabs-cas/src/blob_store.rs	279	d711e8ccf9fd8e3f	CURRENT	1	279-279	CURRENT	TM-RA-1
ra:technique:remote_compilation_helper/rm-benchmark-regression/dc5eed39	remote_compilation_helper	17a8718fe7da3821beee357fd742a78fe2b67680	rabs-action/src/capability_probe.rs	44	e6539d50aa64f8a3	CURRENT	1	44-44	CURRENT	TM-RA-1
ra:technique:remote_compilation_helper/rm-benchmark-regression/dc5eed39	remote_compilation_helper	17a8718fe7da3821beee357fd742a78fe2b67680	rabs-action/src/benchmark_policy.rs	15	7ff9ae8aa71d735b	CURRENT	1	15-15	CURRENT	TM-RA-1
ra:technique:remote_compilation_helper/rm-deterministic-hashing-ordering/976dc9c7	remote_compilation_helper	17a8718fe7da3821beee357fd742a78fe2b67680	rabs-key/src/canonical.rs	3	e13447491f691251	CURRENT	1	3-3	CURRENT	TM-RA-1
ra:technique:remote_compilation_helper/rm-deterministic-hashing-ordering/976dc9c7	remote_compilation_helper	17a8718fe7da3821beee357fd742a78fe2b67680	rabs-key/src/action_key.rs	26	29fd0f10ce39024f	CURRENT	1	26-26	CURRENT	TM-RA-1
ra:technique:remote_compilation_helper/rm-deterministic-hashing-ordering/976dc9c7	remote_compilation_helper	17a8718fe7da3821beee357fd742a78fe2b67680	rabs-key/src/action_key.rs	17	feb1a46156b2e721	CURRENT	1	17-17	CURRENT	TM-RA-1
ra:technique:remote_compilation_helper/rm-differential-oracle/2534da4a	remote_compilation_helper	17a8718fe7da3821beee357fd742a78fe2b67680	rabs-replay/src/lib.rs	26	3d0312008ff20bcc	CURRENT	1	26-26	CURRENT	TM-RA-1
ra:technique:remote_compilation_helper/rm-differential-oracle/2534da4a	remote_compilation_helper	17a8718fe7da3821beee357fd742a78fe2b67680	rabs-action/src/capability_probe.rs	269	ad33b44018499b41	CURRENT	1	269-269	CURRENT	TM-RA-1
ra:technique:remote_compilation_helper/rm-differential-oracle/2534da4a	remote_compilation_helper	17a8718fe7da3821beee357fd742a78fe2b67680	rabs-key/src/build_script_cacheability.rs	15	cc82c219fcaa4e4e	CURRENT	1	15-15	CURRENT	TM-RA-1
ra:technique:remote_compilation_helper/rm-error-taxonomy/3e0caabd	remote_compilation_helper	17a8718fe7da3821beee357fd742a78fe2b67680	rch/src/hook.rs	3626	9b74c2765958ce7e	CURRENT	1	3626-3626	CURRENT	TM-RA-1
ra:technique:remote_compilation_helper/rm-error-taxonomy/3e0caabd	remote_compilation_helper	17a8718fe7da3821beee357fd742a78fe2b67680	rch/src/hook.rs	341	d88a85b4ed0608f8	CURRENT	1	341-341	CURRENT	TM-RA-1
ra:technique:remote_compilation_helper/rm-error-taxonomy/3e0caabd	remote_compilation_helper	17a8718fe7da3821beee357fd742a78fe2b67680	rabs-action/src/cargo_command_eligibility.rs	30	9b08c1f933d5346c	CURRENT	1	30-30	CURRENT	TM-RA-1
ra:technique:remote_compilation_helper/rm-unsafe-discipline/0a84a931	remote_compilation_helper	17a8718fe7da3821beee357fd742a78fe2b67680	rabs-action/src/lib.rs	34	545da02178707b82	CURRENT	1	34-34	CURRENT	TM-RA-1
ra:technique:remote_compilation_helper/rm-unsafe-discipline/0a84a931	remote_compilation_helper	17a8718fe7da3821beee357fd742a78fe2b67680	rabs-asupersync/src/process_groups.rs	225	502acefc996bd654	CURRENT	1	225-225	CURRENT	TM-RA-1
ra:technique:remote_compilation_helper/sampled-reexecution-trust-ladder/38037e90	remote_compilation_helper	17a8718fe7da3821beee357fd742a78fe2b67680	rabs-cas/src/serving_sample_gate.rs	15	633d8649fe0eb4f9	CURRENT	1	15-15	CURRENT	TM-RA-1
ra:technique:remote_compilation_helper/sampled-reexecution-trust-ladder/38037e90	remote_compilation_helper	17a8718fe7da3821beee357fd742a78fe2b67680	rabs-cas/src/serving_sample_gate.rs	27	5b8c35257f2f6e68	CURRENT	1	27-27	CURRENT	TM-RA-1
ra:technique:remote_compilation_helper/sandboxing-seccomp/f2396419	remote_compilation_helper	17a8718fe7da3821beee357fd742a78fe2b67680	rabs-sandbox/src/network_isolation.rs	1	7288e300c2f8bdb2	CURRENT	1	1-1	CURRENT	TM-RA-1
ra:technique:remote_compilation_helper/sandboxing-seccomp/f2396419	remote_compilation_helper	17a8718fe7da3821beee357fd742a78fe2b67680	rabs-sandbox/src/network_isolation.rs	29	9fcaa0cd35be5247	CURRENT	1	29-29	CURRENT	TM-RA-1
ra:technique:remote_compilation_helper/signal-handling-process-semantics/4f9c6aac	remote_compilation_helper	17a8718fe7da3821beee357fd742a78fe2b67680	rabs-asupersync/src/attempt_outcome.rs	29	8b65a0899f7b05e7	CURRENT	1	29-29	CURRENT	TM-RA-1
ra:technique:remote_compilation_helper/signal-handling-process-semantics/4f9c6aac	remote_compilation_helper	17a8718fe7da3821beee357fd742a78fe2b67680	rabs-asupersync/src/jobserver.rs	25	8f655a93a43de39c	CURRENT	1	25-25	CURRENT	TM-RA-1
ra:technique:remote_compilation_helper/two-phase-commit-sagas/2c7239b7	remote_compilation_helper	17a8718fe7da3821beee357fd742a78fe2b67680	rabs-asupersync/src/obligations.rs	15	d293277956096d78	CURRENT	1	15-15	CURRENT	TM-RA-1
ra:technique:remote_compilation_helper/two-phase-commit-sagas/2c7239b7	remote_compilation_helper	17a8718fe7da3821beee357fd742a78fe2b67680	rabs-asupersync/src/termination.rs	29	2e1561af8f839ecf	CURRENT	1	29-29	CURRENT	TM-RA-1
ra:technique:remote_compilation_helper/uncertainty-margined-break-even/27310556	remote_compilation_helper	17a8718fe7da3821beee357fd742a78fe2b67680	rabs-scheduler/src/break_even.rs	105	89cc6f24b0ceb431	CURRENT	1	105-105	CURRENT	TM-RA-1
ra:technique:remote_compilation_helper/uncertainty-margined-break-even/27310556	remote_compilation_helper	17a8718fe7da3821beee357fd742a78fe2b67680	rabs-scheduler/src/break_even.rs	107	e061633aa63bba34	CURRENT	1	107-107	CURRENT	TM-RA-1
ra:technique:remote_compilation_helper/uncertainty-margined-break-even/27310556	remote_compilation_helper	17a8718fe7da3821beee357fd742a78fe2b67680	rabs-scheduler/src/break_even.rs	22	24cfd6ffc650ea6b	CURRENT	1	22-22	CURRENT	TM-RA-1
ra:technique:remote_compilation_helper/weighted-fair-queueing/0a92a221	remote_compilation_helper	17a8718fe7da3821beee357fd742a78fe2b67680	rabs-scheduler/src/fairness.rs	123	1f2f36bcdefe5bb2	CURRENT	1	123-123	CURRENT	TM-RA-1
ra:technique:remote_compilation_helper/weighted-fair-queueing/0a92a221	remote_compilation_helper	17a8718fe7da3821beee357fd742a78fe2b67680	rabs-scheduler/src/fairness.rs	148	0e4b0a914fcf2831	CURRENT	1	148-148	CURRENT	TM-RA-1
ra:technique:remote_compilation_helper/weighted-fair-queueing/0a92a221	remote_compilation_helper	17a8718fe7da3821beee357fd742a78fe2b67680	rabs-scheduler/src/fairness.rs	213	6ef05bbf54b531f0	CURRENT	1	213-213	CURRENT	TM-RA-1
ra:technique:repo_updater/locks-spin-mcs/d0f7b032	repo_updater	b5fe0131d3bb53fe311f6ebfc54d60fbc2404c73	ru	296	7f3a59cd8b8bfefa	CURRENT	1	296-296	CURRENT	TM-RA-1
ra:technique:repo_updater/locks-spin-mcs/d0f7b032	repo_updater	b5fe0131d3bb53fe311f6ebfc54d60fbc2404c73	ru	302	cd2bc54a9867803f	CURRENT	1	302-302	CURRENT	TM-RA-1
ra:technique:repo_updater/scheduling-theory/bcf8c514	repo_updater	b5fe0131d3bb53fe311f6ebfc54d60fbc2404c73	ru	7296	2cebadcfd2a039ee	CURRENT	1	7296-7296	CURRENT	TM-RA-1
ra:technique:repo_updater/scheduling-theory/bcf8c514	repo_updater	b5fe0131d3bb53fe311f6ebfc54d60fbc2404c73	ru	7298	93a5d9f3dd1cd5e1	CURRENT	1	7298-7298	CURRENT	TM-RA-1
ra:technique:rich_rust/cache-replacement/bacf6821	rich_rust	7f68d2eb433cf51bf18608768e2640c8878d557b	src/cells.rs	11	0a1ee073ed87b969	CURRENT	1	11-11	CURRENT	TM-RA-1
ra:technique:rich_rust/cache-replacement/bacf6821	rich_rust	7f68d2eb433cf51bf18608768e2640c8878d557b	src/cells.rs	19	a4db2f674975900a	CURRENT	1	19-19	CURRENT	TM-RA-1
ra:technique:rich_rust/cache-replacement/bacf6821	rich_rust	7f68d2eb433cf51bf18608768e2640c8878d557b	src/cells.rs	20	7052b40c8b31d3f0	CURRENT	1	20-20	CURRENT	TM-RA-1
ra:technique:rich_rust/layout-constraint-solving/8c4a2232	rich_rust	7f68d2eb433cf51bf18608768e2640c8878d557b	src/renderables/layout.rs	398	7320442db9443bfc	CURRENT	1	398-398	CURRENT	TM-RA-1
ra:technique:rich_rust/layout-constraint-solving/8c4a2232	rich_rust	7f68d2eb433cf51bf18608768e2640c8878d557b	src/renderables/layout.rs	434	f81f7a50640e5243	CURRENT	1	434-434	CURRENT	TM-RA-1
ra:technique:rich_rust/layout-constraint-solving/8c4a2232	rich_rust	7f68d2eb433cf51bf18608768e2640c8878d557b	src/renderables/layout.rs	456	0e4b159d77053d8f	CURRENT	1	456-456	CURRENT	TM-RA-1
ra:technique:rich_rust/rm-checked-arithmetic/251411c9	rich_rust	7f68d2eb433cf51bf18608768e2640c8878d557b	src/renderables/layout.rs	425	240430033bf5298f	CURRENT	1	425-425	CURRENT	TM-RA-1
ra:technique:rich_rust/rm-checked-arithmetic/251411c9	rich_rust	7f68d2eb433cf51bf18608768e2640c8878d557b	src/renderables/layout.rs	440	5fc31657bc4572ca	CURRENT	1	440-440	CURRENT	TM-RA-1
ra:technique:rich_rust/rm-checked-arithmetic/251411c9	rich_rust	7f68d2eb433cf51bf18608768e2640c8878d557b	src/console.rs	1030	2d925fb27ca5cb20	CURRENT	1	1030-1030	CURRENT	TM-RA-1
ra:technique:rich_rust/rm-differential-oracle/363477f4	rich_rust	7f68d2eb433cf51bf18608768e2640c8878d557b	tests/conformance/python_reference/generate_fixtures.py	22	a4b657913272563d	RELOCATED	1	23-23	CURRENT+line_relocated	TM-RA-1
ra:technique:rich_rust/rm-differential-oracle/363477f4	rich_rust	7f68d2eb433cf51bf18608768e2640c8878d557b	tests/conformance/layout_tests.rs	36	ef425fb810846a86	RELOCATED	1	38-38	CURRENT+line_relocated	TM-RA-1
ra:technique:rich_rust/rm-unsafe-discipline/e3a61ac5	rich_rust	7f68d2eb433cf51bf18608768e2640c8878d557b	src/lib.rs	158	d4e6f22e1e076733	CURRENT	1	158-158	CURRENT	TM-RA-1
ra:technique:rich_rust/terminal-protocol-state-machine/10836dc4	rich_rust	7f68d2eb433cf51bf18608768e2640c8878d557b	src/ansi.rs	4	e8bf560abd842ce2	CURRENT	1	4-4	CURRENT	TM-RA-1
ra:technique:rich_rust/terminal-protocol-state-machine/10836dc4	rich_rust	7f68d2eb433cf51bf18608768e2640c8878d557b	src/ansi.rs	9	77dca152d2ec734b	CURRENT	1	9-9	CURRENT	TM-RA-1
ra:technique:rich_rust/terminal-protocol-state-machine/10836dc4	rich_rust	7f68d2eb433cf51bf18608768e2640c8878d557b	src/cells.rs	1	4099fa4d83d75a18	CURRENT	1	1-1	CURRENT	TM-RA-1
ra:technique:rust_proxy/congestion-control-backoff/1a0671bd	rust_proxy	4c198fb9dbc1dbb31dd4b16d2a05c4f49358d413	src/proxy.rs	75	74db67a6a6598b91	CURRENT	1	75-75	CURRENT	TM-RA-1
ra:technique:rust_proxy/congestion-control-backoff/1a0671bd	rust_proxy	4c198fb9dbc1dbb31dd4b16d2a05c4f49358d413	src/proxy.rs	95	baa914822aabef66	RELOCATED	1	96-96	CURRENT+line_relocated	TM-RA-1
ra:technique:rust_proxy/congestion-control-backoff/1a0671bd	rust_proxy	4c198fb9dbc1dbb31dd4b16d2a05c4f49358d413	src/proxy.rs	100	ec01b8ac1ca82ca7	CURRENT	1	100-100	CURRENT	TM-RA-1
ra:technique:rust_proxy/filesystem-semantics/390e6655	rust_proxy	4c198fb9dbc1dbb31dd4b16d2a05c4f49358d413	src/state.rs	596	4a5bd67a80adf95a	CURRENT	1	596-596	CURRENT	TM-RA-1
ra:technique:rust_proxy/filesystem-semantics/390e6655	rust_proxy	4c198fb9dbc1dbb31dd4b16d2a05c4f49358d413	src/state.rs	611	ebb650e8587b71a1	CURRENT	1	611-611	CURRENT	TM-RA-1
ra:technique:rust_proxy/filesystem-semantics/390e6655	rust_proxy	4c198fb9dbc1dbb31dd4b16d2a05c4f49358d413	src/state.rs	624	c066a2d8060b4bfe	CURRENT	1	624-624	CURRENT	TM-RA-1
ra:technique:rust_proxy/locks-spin-mcs/db8cad0b	rust_proxy	4c198fb9dbc1dbb31dd4b16d2a05c4f49358d413	src/dns.rs	92	f3f4d7d7c98359b9	CURRENT	1	92-92	CURRENT	TM-RA-1
ra:technique:rust_proxy/locks-spin-mcs/db8cad0b	rust_proxy	4c198fb9dbc1dbb31dd4b16d2a05c4f49358d413	src/dns.rs	114	fb2a8711f2b3a7e0	RELOCATED	1	115-115	CURRENT+line_relocated	TM-RA-1
ra:technique:rust_proxy/so-mark-proxy-loop-avoidance/8673afaf	rust_proxy	4c198fb9dbc1dbb31dd4b16d2a05c4f49358d413	src/proxy.rs	836	3896d0a13a4c5611	CURRENT	1	836-836	CURRENT	TM-RA-1
ra:technique:rust_proxy/so-mark-proxy-loop-avoidance/8673afaf	rust_proxy	4c198fb9dbc1dbb31dd4b16d2a05c4f49358d413	src/proxy.rs	840	a9969fa46d19a611	CURRENT	1	840-840	CURRENT	TM-RA-1
ra:technique:rust_proxy/so-mark-proxy-loop-avoidance/8673afaf	rust_proxy	4c198fb9dbc1dbb31dd4b16d2a05c4f49358d413	src/proxy.rs	841	82277bf58a2af5a2	CURRENT	1	841-841	CURRENT	TM-RA-1
ra:technique:rust_scriptbots/benjamini-hochberg/4f89394c	rust_scriptbots	f730a053278148a871c7dc8f549247d3f4853453	crates/scriptbots-analytics/src/certify.rs	253	6c81e782b8865740	CURRENT	1	253-253	CURRENT	TM-RA-1
ra:technique:rust_scriptbots/benjamini-hochberg/4f89394c	rust_scriptbots	f730a053278148a871c7dc8f549247d3f4853453	crates/scriptbots-analytics/src/certify.rs	257	bb3eb16e2dfd04e5	CURRENT	1	257-257	CURRENT	TM-RA-1
ra:technique:rust_scriptbots/benjamini-hochberg/4f89394c	rust_scriptbots	f730a053278148a871c7dc8f549247d3f4853453	crates/scriptbots-analytics/src/certify.rs	21	b74726868c6d63ef	CURRENT	1	21-21	CURRENT	TM-RA-1
ra:technique:rust_scriptbots/bootstrap/1e1f2de7	rust_scriptbots	f730a053278148a871c7dc8f549247d3f4853453	crates/scriptbots-analytics/src/stats.rs	368	421d82445ebc51b1	CURRENT	1	368-368	CURRENT	TM-RA-1
ra:technique:rust_scriptbots/bootstrap/1e1f2de7	rust_scriptbots	f730a053278148a871c7dc8f549247d3f4853453	crates/scriptbots-analytics/src/stats.rs	307	c97d1d1be9b047d0	CURRENT	1	307-307	CURRENT	TM-RA-1
ra:technique:rust_scriptbots/bootstrap/1e1f2de7	rust_scriptbots	f730a053278148a871c7dc8f549247d3f4853453	crates/scriptbots-analytics/src/stats.rs	316	7a4c225a4f81cede	CURRENT	1	316-316	CURRENT	TM-RA-1
ra:technique:rust_scriptbots/bootstrap/f8d5395e	rust_scriptbots	f730a053278148a871c7dc8f549247d3f4853453	crates/scriptbots-analytics/src/stats.rs	242	1a0e4f237ca6888d	CURRENT	1	242-242	CURRENT	TM-RA-1
ra:technique:rust_scriptbots/bootstrap/f8d5395e	rust_scriptbots	f730a053278148a871c7dc8f549247d3f4853453	crates/scriptbots-analytics/src/stats.rs	28	31ec34fe84ff8590	CURRENT	1	28-28	CURRENT	TM-RA-1
ra:technique:rust_scriptbots/cohens-d-kappa/c2e25588	rust_scriptbots	f730a053278148a871c7dc8f549247d3f4853453	crates/scriptbots-analytics/src/certify.rs	41	4c69e1faf57a2c21	CURRENT	1	41-41	CURRENT	TM-RA-1
ra:technique:rust_scriptbots/cohens-d-kappa/c2e25588	rust_scriptbots	f730a053278148a871c7dc8f549247d3f4853453	crates/scriptbots-analytics/src/compare.rs	120	30be559f4d34da24	CURRENT	1	120-120	CURRENT	TM-RA-1
ra:technique:rust_scriptbots/congestion-control-backoff/70dae5ae	rust_scriptbots	f730a053278148a871c7dc8f549247d3f4853453	crates/scriptbots-app/src/lab/llm.rs	422	fc7a72f9f074e1d4	CURRENT	1	422-422	CURRENT	TM-RA-1
ra:technique:rust_scriptbots/congestion-control-backoff/70dae5ae	rust_scriptbots	f730a053278148a871c7dc8f549247d3f4853453	crates/scriptbots-core/src/audio.rs	104	49cc6b00aa10bbe0	CURRENT	1	104-104	CURRENT	TM-RA-1
ra:technique:rust_scriptbots/cryptographic-primitives/8ee7c822	rust_scriptbots	f730a053278148a871c7dc8f549247d3f4853453	crates/scriptbots-analytics/src/lib.rs	203	ef145486864ae346	CURRENT	1	203-203	CURRENT	TM-RA-1
ra:technique:rust_scriptbots/cryptographic-primitives/8ee7c822	rust_scriptbots	f730a053278148a871c7dc8f549247d3f4853453	crates/scriptbots-app/src/experiment_runner.rs	179	4a4784520f44d5a3	CURRENT	1	179-179	CURRENT	TM-RA-1
ra:technique:rust_scriptbots/cryptographic-primitives/8ee7c822	rust_scriptbots	f730a053278148a871c7dc8f549247d3f4853453	crates/scriptbots-brain/src/mlp.rs	38	ef6ce56b37008e73	CURRENT	1	38-38	CURRENT	TM-RA-1
ra:technique:rust_scriptbots/cusum/ed87503a	rust_scriptbots	f730a053278148a871c7dc8f549247d3f4853453	crates/scriptbots-core/src/detect.rs	240	94110df7cd503680	CURRENT	1	240-240	CURRENT	TM-RA-1
ra:technique:rust_scriptbots/cusum/ed87503a	rust_scriptbots	f730a053278148a871c7dc8f549247d3f4853453	crates/scriptbots-core/src/detect.rs	98	d46db57e400d8879	CURRENT	1	98-98	CURRENT	TM-RA-1
ra:technique:rust_scriptbots/cusum/ed87503a	rust_scriptbots	f730a053278148a871c7dc8f549247d3f4853453	crates/scriptbots-core/src/detect.rs	1545	f1bbd3ca94a10c4d	CURRENT	1	1545-1545	CURRENT	TM-RA-1
ra:technique:rust_scriptbots/deterministic-float-reduction/02fa9d87	rust_scriptbots	f730a053278148a871c7dc8f549247d3f4853453	crates/scriptbots-core/src/sense_fixed.rs	12	d1807ac2c91195fa	CURRENT	1	12-12	CURRENT	TM-RA-1
ra:technique:rust_scriptbots/deterministic-float-reduction/02fa9d87	rust_scriptbots	f730a053278148a871c7dc8f549247d3f4853453	crates/scriptbots-core/src/sense_fixed.rs	96	6a62321e1c6f9443	CURRENT	1	96-96	CURRENT	TM-RA-1
ra:technique:rust_scriptbots/deterministic-float-reduction/02fa9d87	rust_scriptbots	f730a053278148a871c7dc8f549247d3f4853453	crates/scriptbots-core/src/sense_fixed.rs	139	f1a44584cb7b9367	CURRENT	1	139-139	CURRENT	TM-RA-1
ra:technique:rust_scriptbots/deterministic-float-reduction/02fa9d87	rust_scriptbots	f730a053278148a871c7dc8f549247d3f4853453	crates/scriptbots-core/src/sense_fixed.rs	612	bb2622dd027d2202	CURRENT	1	612-612	CURRENT	TM-RA-1
ra:technique:rust_scriptbots/deterministic-float-reduction/02fa9d87	rust_scriptbots	f730a053278148a871c7dc8f549247d3f4853453	crates/scriptbots-core/src/sense_fixed.rs	550	d92986ee4bd6e366	CURRENT	1	550-550	CURRENT	TM-RA-1
ra:technique:rust_scriptbots/deterministic-simulation-testing/09d2af9e	rust_scriptbots	f730a053278148a871c7dc8f549247d3f4853453	crates/scriptbots-core/src/lib.rs	3782	1f19d689c62208d7	CURRENT	1	3782-3782	CURRENT	TM-RA-1
ra:technique:rust_scriptbots/deterministic-simulation-testing/09d2af9e	rust_scriptbots	f730a053278148a871c7dc8f549247d3f4853453	crates/scriptbots-core/src/lib.rs	3947	67e7c6565b6074b5	CURRENT	1	3947-3947	CURRENT	TM-RA-1
ra:technique:rust_scriptbots/deterministic-simulation-testing/09d2af9e	rust_scriptbots	f730a053278148a871c7dc8f549247d3f4853453	crates/scriptbots-core/src/lib.rs	3948	d3b682cc29209c63	CURRENT	1	3948-3948	CURRENT	TM-RA-1
ra:technique:rust_scriptbots/deterministic-simulation-testing/09d2af9e	rust_scriptbots	f730a053278148a871c7dc8f549247d3f4853453	crates/scriptbots-core/tests/world_digest_v1.rs	7	d5e36adbbabc5bd8	CURRENT	1	7-7	CURRENT	TM-RA-1
ra:technique:rust_scriptbots/hashing-functions/eee1101e	rust_scriptbots	f730a053278148a871c7dc8f549247d3f4853453	crates/scriptbots-core/src/rng_domains.rs	126	47b5977404a0beb1	CURRENT	1	126-126	CURRENT	TM-RA-1
ra:technique:rust_scriptbots/hashing-functions/eee1101e	rust_scriptbots	f730a053278148a871c7dc8f549247d3f4853453	crates/scriptbots-core/src/rng_domains.rs	143	b6e29a803686970a	CURRENT	1	143-143	CURRENT	TM-RA-1
ra:technique:rust_scriptbots/hashing-functions/eee1101e	rust_scriptbots	f730a053278148a871c7dc8f549247d3f4853453	crates/scriptbots-core/src/rng_domains.rs	144	ecd8b560c4fa6972	CURRENT	1	144-144	CURRENT	TM-RA-1
ra:technique:rust_scriptbots/hashing-functions/eee1101e	rust_scriptbots	f730a053278148a871c7dc8f549247d3f4853453	crates/scriptbots-core/src/lib.rs	3786	6d17a80f999f0dbf	CURRENT	1	3786-3786	CURRENT	TM-RA-1
ra:technique:rust_scriptbots/isolation-forest-anomaly/f6fc2f8d	rust_scriptbots	f730a053278148a871c7dc8f549247d3f4853453	crates/scriptbots-core/src/species.rs	478	3f9f73cae4a0fce9	CURRENT	1	478-478	CURRENT	TM-RA-1
ra:technique:rust_scriptbots/isolation-forest-anomaly/f6fc2f8d	rust_scriptbots	f730a053278148a871c7dc8f549247d3f4853453	crates/scriptbots-core/src/species.rs	487	144d50746203fad0	CURRENT	1	487-487	CURRENT	TM-RA-1
ra:technique:rust_scriptbots/isolation-forest-anomaly/f6fc2f8d	rust_scriptbots	f730a053278148a871c7dc8f549247d3f4853453	crates/scriptbots-core/src/species.rs	497	5e325f85191ce511	CURRENT	1	497-497	CURRENT	TM-RA-1
ra:technique:rust_scriptbots/kahan-summation/fde53a11	rust_scriptbots	f730a053278148a871c7dc8f549247d3f4853453	crates/scriptbots-core/src/economy.rs	151	679a30246e9e2011	CURRENT	1	151-151	CURRENT	TM-RA-1
ra:technique:rust_scriptbots/kahan-summation/fde53a11	rust_scriptbots	f730a053278148a871c7dc8f549247d3f4853453	crates/scriptbots-core/src/economy.rs	138	d9802d6d5ec7b667	CURRENT	1	138-138	CURRENT	TM-RA-1
ra:technique:rust_scriptbots/kahan-summation/fde53a11	rust_scriptbots	f730a053278148a871c7dc8f549247d3f4853453	crates/scriptbots-core/src/economy.rs	19	05b5baa309d7a74e	CURRENT	1	19-19	CURRENT	TM-RA-1
ra:technique:rust_scriptbots/kl-divergence/05457b13	rust_scriptbots	f730a053278148a871c7dc8f549247d3f4853453	crates/scriptbots-core/src/infotheory.rs	1159	4c4d944e16aa142b	CURRENT	1	1159-1159	CURRENT	TM-RA-1
ra:technique:rust_scriptbots/kl-divergence/05457b13	rust_scriptbots	f730a053278148a871c7dc8f549247d3f4853453	crates/scriptbots-core/src/infotheory.rs	3	2e9f5aaa229eb9fb	CURRENT	1	3-3	CURRENT	TM-RA-1
ra:technique:rust_scriptbots/kl-divergence/05457b13	rust_scriptbots	f730a053278148a871c7dc8f549247d3f4853453	crates/scriptbots-core/src/infotheory.rs	7	d1f89f36e2feef20	CURRENT	1	7-7	CURRENT	TM-RA-1
ra:technique:rust_scriptbots/lock-free-structures/4b85ad47	rust_scriptbots	f730a053278148a871c7dc8f549247d3f4853453	crates/scriptbots-app/src/control.rs	202	b8f9f9997c9d25c9	CURRENT	1	202-202	CURRENT	TM-RA-1
ra:technique:rust_scriptbots/lock-free-structures/4b85ad47	rust_scriptbots	f730a053278148a871c7dc8f549247d3f4853453	crates/scriptbots-app/src/servers.rs	91	74884acd72f9bb45	CURRENT	1	91-91	CURRENT	TM-RA-1
ra:technique:rust_scriptbots/lock-free-structures/4b85ad47	rust_scriptbots	f730a053278148a871c7dc8f549247d3f4853453	crates/scriptbots-core/src/audio.rs	91	e12850cb6bc82a7d	CURRENT	1	91-91	CURRENT	TM-RA-1
ra:technique:rust_scriptbots/minimum-image-convention/ef34a84a	rust_scriptbots	f730a053278148a871c7dc8f549247d3f4853453	crates/scriptbots-index/src/lib.rs	168	7ddcb0cd6233ca5a	CURRENT	1	168-168	CURRENT	TM-RA-1
ra:technique:rust_scriptbots/minimum-image-convention/ef34a84a	rust_scriptbots	f730a053278148a871c7dc8f549247d3f4853453	crates/scriptbots-index/src/lib.rs	175	9a9db45f49e74d7e	CURRENT	1	175-175	CURRENT	TM-RA-1
ra:technique:rust_scriptbots/minimum-image-convention/ef34a84a	rust_scriptbots	f730a053278148a871c7dc8f549247d3f4853453	crates/scriptbots-index/src/lib.rs	66	b4ac0eb65ef32972	CURRENT	1	66-66	CURRENT	TM-RA-1
ra:technique:rust_scriptbots/p-conway-wolfram-alife/8ba8b4a7	rust_scriptbots	f730a053278148a871c7dc8f549247d3f4853453	crates/scriptbots-brain/src/dwraon.rs	984	8206092d42a8f097	CURRENT	1	984-984	CURRENT	TM-RA-1
ra:technique:rust_scriptbots/p-conway-wolfram-alife/8ba8b4a7	rust_scriptbots	f730a053278148a871c7dc8f549247d3f4853453	crates/scriptbots-brain/src/mlp.rs	1019	ef39269610ab705f	CURRENT	1	1019-1019	CURRENT	TM-RA-1
ra:technique:rust_scriptbots/p-conway-wolfram-alife/8ba8b4a7	rust_scriptbots	f730a053278148a871c7dc8f549247d3f4853453	crates/scriptbots-brain/src/mlp.rs	1027	dfc5ede8560ea0c8	CURRENT	1	1027-1027	CURRENT	TM-RA-1
ra:technique:rust_scriptbots/p-conway-wolfram-alife/8ba8b4a7	rust_scriptbots	f730a053278148a871c7dc8f549247d3f4853453	crates/scriptbots-brain/src/mlp.rs	29	ed88ae220d93220a	CURRENT	1	29-29	CURRENT	TM-RA-1
ra:technique:rust_scriptbots/rendering-compositing/0ce98d37	rust_scriptbots	f730a053278148a871c7dc8f549247d3f4853453	crates/scriptbots-world-gfx/src/lib.rs	1	d4e6f22e1e076733	CURRENT	1	1-1	CURRENT	TM-RA-1
ra:technique:rust_scriptbots/rendering-compositing/0ce98d37	rust_scriptbots	f730a053278148a871c7dc8f549247d3f4853453	crates/scriptbots-world-gfx/src/lib.rs	17	376c1986adb4a6d3	CURRENT	1	17-17	CURRENT	TM-RA-1
ra:technique:rust_scriptbots/rendering-compositing/0ce98d37	rust_scriptbots	f730a053278148a871c7dc8f549247d3f4853453	crates/scriptbots-world-gfx/src/lib.rs	1540	b205ffed842261ca	CURRENT	1	1540-1540	CURRENT	TM-RA-1
ra:technique:rust_scriptbots/rendering-compositing/0ce98d37	rust_scriptbots	f730a053278148a871c7dc8f549247d3f4853453	crates/scriptbots-app/src/scene.rs	258	37b66a644384bc13	CURRENT	1	258-258	CURRENT	TM-RA-1
ra:technique:rust_scriptbots/rm-differential-oracle/4a4478dc	rust_scriptbots	f730a053278148a871c7dc8f549247d3f4853453	crates/scriptbots-world-gfx/src/sense_wgsl.rs	51	8686595592011470	CURRENT	1	51-51	CURRENT	TM-RA-1
ra:technique:rust_scriptbots/rm-differential-oracle/4a4478dc	rust_scriptbots	f730a053278148a871c7dc8f549247d3f4853453	crates/scriptbots-world-gfx/src/sense_wgsl.rs	52	7c1b422e6a8630de	CURRENT	1	52-52	CURRENT	TM-RA-1
ra:technique:rust_scriptbots/rm-differential-oracle/4a4478dc	rust_scriptbots	f730a053278148a871c7dc8f549247d3f4853453	crates/scriptbots-world-gfx/src/sense_wgsl.rs	38	e102ea78a63379d3	CURRENT	1	38-38	CURRENT	TM-RA-1
ra:technique:rust_scriptbots/rm-differential-oracle/4a4478dc	rust_scriptbots	f730a053278148a871c7dc8f549247d3f4853453	crates/scriptbots-world-gfx/src/sense_wgsl.rs	59	ccf436491b607103	CURRENT	1	59-59	CURRENT	TM-RA-1
ra:technique:rust_scriptbots/rm-differential-oracle/4a4478dc	rust_scriptbots	f730a053278148a871c7dc8f549247d3f4853453	crates/scriptbots-core/src/sense_fixed.rs	37	2765bb1d28136f3d	CURRENT	1	37-37	CURRENT	TM-RA-1
ra:technique:rust_scriptbots/rm-error-taxonomy/2402ce67	rust_scriptbots	f730a053278148a871c7dc8f549247d3f4853453	crates/scriptbots-analytics/src/compare.rs	139	b79b30badca169aa	CURRENT	1	139-139	CURRENT	TM-RA-1
ra:technique:rust_scriptbots/rm-error-taxonomy/2402ce67	rust_scriptbots	f730a053278148a871c7dc8f549247d3f4853453	crates/scriptbots-analytics/src/certify.rs	183	83244b847e464d68	CURRENT	1	183-183	CURRENT	TM-RA-1
ra:technique:rust_scriptbots/rm-error-taxonomy/2402ce67	rust_scriptbots	f730a053278148a871c7dc8f549247d3f4853453	crates/scriptbots-core/src/infotheory.rs	33	1567e7a0d526bd1d	CURRENT	1	33-33	CURRENT	TM-RA-1
ra:technique:rust_scriptbots/rm-evidence-receipts/f9b243a9	rust_scriptbots	f730a053278148a871c7dc8f549247d3f4853453	crates/scriptbots-core/src/permalink.rs	58	3d5ae97076528c8c	CURRENT	1	58-58	CURRENT	TM-RA-1
ra:technique:rust_scriptbots/rm-evidence-receipts/f9b243a9	rust_scriptbots	f730a053278148a871c7dc8f549247d3f4853453	crates/scriptbots-core/src/permalink.rs	61	1dde46330c072b6e	CURRENT	1	61-61	CURRENT	TM-RA-1
ra:technique:rust_scriptbots/rm-evidence-receipts/f9b243a9	rust_scriptbots	f730a053278148a871c7dc8f549247d3f4853453	crates/scriptbots-core/src/permalink.rs	64	bbcf48d116c42859	CURRENT	1	64-64	CURRENT	TM-RA-1
ra:technique:rust_scriptbots/rm-lint-discipline/38c5ea74	rust_scriptbots	f730a053278148a871c7dc8f549247d3f4853453	Cargo.toml	86	3fc65d2b1700e07d	CURRENT	1	86-86	CURRENT	TM-RA-1
ra:technique:rust_scriptbots/rm-lint-discipline/38c5ea74	rust_scriptbots	f730a053278148a871c7dc8f549247d3f4853453	Cargo.toml	93	75676fea2be5308e	CURRENT	1	93-93	CURRENT	TM-RA-1
ra:technique:rust_scriptbots/rm-lint-discipline/38c5ea74	rust_scriptbots	f730a053278148a871c7dc8f549247d3f4853453	crates/scriptbots-core/src/sense_fixed.rs	40	5ef2c132cafd205f	CURRENT	1	40-40	CURRENT	TM-RA-1
ra:technique:rust_scriptbots/rm-lint-discipline/38c5ea74	rust_scriptbots	f730a053278148a871c7dc8f549247d3f4853453	crates/scriptbots-core/src/economy.rs	26	84602e8b1e0f4cc7	CURRENT	1	26-26	CURRENT	TM-RA-1
ra:technique:rust_scriptbots/rm-test-infrastructure/7cc13dde	rust_scriptbots	f730a053278148a871c7dc8f549247d3f4853453	crates/scriptbots-app/src/scene.rs	116	a45275578e92ac42	CURRENT	1	116-116	CURRENT	TM-RA-1
ra:technique:rust_scriptbots/rm-test-infrastructure/7cc13dde	rust_scriptbots	f730a053278148a871c7dc8f549247d3f4853453	crates/scriptbots-app/src/lab/llm.rs	447	44f93b2226affaf8	CURRENT	1	447-447	CURRENT	TM-RA-1
ra:technique:rust_scriptbots/rm-type-driven-design/39d6b0a6	rust_scriptbots	f730a053278148a871c7dc8f549247d3f4853453	crates/scriptbots-core/src/lib.rs	3907	37ecc80bb5d5c096	CURRENT	1	3907-3907	CURRENT	TM-RA-1
ra:technique:rust_scriptbots/rm-type-driven-design/39d6b0a6	rust_scriptbots	f730a053278148a871c7dc8f549247d3f4853453	crates/scriptbots-brain/src/lib.rs	25	0e8aaa44a68a4283	CURRENT	1	25-25	CURRENT	TM-RA-1
ra:technique:rust_scriptbots/rng-algorithms/b71987c9	rust_scriptbots	f730a053278148a871c7dc8f549247d3f4853453	crates/scriptbots-core/src/lib.rs	290	45abec731f4c22e9	CURRENT	1	290-290	CURRENT	TM-RA-1
ra:technique:rust_scriptbots/rng-algorithms/b71987c9	rust_scriptbots	f730a053278148a871c7dc8f549247d3f4853453	crates/scriptbots-core/src/lib.rs	433	99ed39abfe84242d	CURRENT	1	433-433	CURRENT	TM-RA-1
ra:technique:rust_scriptbots/rng-algorithms/b71987c9	rust_scriptbots	f730a053278148a871c7dc8f549247d3f4853453	crates/scriptbots-core/src/rng_domains.rs	23	f6236047ca035b85	CURRENT	1	23-23	CURRENT	TM-RA-1
ra:technique:rust_scriptbots/rng-algorithms/b71987c9	rust_scriptbots	f730a053278148a871c7dc8f549247d3f4853453	crates/scriptbots-core/src/rng_domains.rs	30	9886637411c58963	CURRENT	1	30-30	CURRENT	TM-RA-1
ra:technique:rust_scriptbots/scientific-method-brenner/17bb9432	rust_scriptbots	f730a053278148a871c7dc8f549247d3f4853453	crates/scriptbots-app/src/lab/notebook.rs	73	d34b9f6acae722ea	CURRENT	1	73-73	CURRENT	TM-RA-1
ra:technique:rust_scriptbots/scientific-method-brenner/17bb9432	rust_scriptbots	f730a053278148a871c7dc8f549247d3f4853453	crates/scriptbots-app/src/lab/llm.rs	156	57cd8c5addf637a6	CURRENT	1	156-156	CURRENT	TM-RA-1
ra:technique:rust_scriptbots/special-functions/7292a50c	rust_scriptbots	f730a053278148a871c7dc8f549247d3f4853453	crates/scriptbots-core/src/sense_fixed.rs	173	cc156410a4734dc3	CURRENT	1	173-173	CURRENT	TM-RA-1
ra:technique:rust_scriptbots/special-functions/7292a50c	rust_scriptbots	f730a053278148a871c7dc8f549247d3f4853453	crates/scriptbots-core/src/sense_fixed.rs	195	985a2bbb8057bd53	CURRENT	1	195-195	CURRENT	TM-RA-1
ra:technique:rust_scriptbots/special-functions/7292a50c	rust_scriptbots	f730a053278148a871c7dc8f549247d3f4853453	crates/scriptbots-core/src/sense_fixed.rs	197	fd2e45b8d5fb07ce	CURRENT	1	197-197	CURRENT	TM-RA-1
ra:technique:rust_scriptbots/special-functions/7292a50c	rust_scriptbots	f730a053278148a871c7dc8f549247d3f4853453	crates/scriptbots-core/src/sense_fixed.rs	699	01d1cf389c597e10	CURRENT	1	699-699	CURRENT	TM-RA-1
ra:technique:rust_scriptbots/structured-concurrency/ef1253dc	rust_scriptbots	f730a053278148a871c7dc8f549247d3f4853453	crates/scriptbots-app/tests/archipelago_determinism.rs	13	4a67ea3abc4776b5	CURRENT	1	13-13	CURRENT	TM-RA-1
ra:technique:rust_scriptbots/structured-concurrency/ef1253dc	rust_scriptbots	f730a053278148a871c7dc8f549247d3f4853453	crates/scriptbots-app/tests/archipelago_determinism.rs	22	f127d8c4d9898162	CURRENT	1	22-22	CURRENT	TM-RA-1
ra:technique:rust_scriptbots/structured-concurrency/ef1253dc	rust_scriptbots	f730a053278148a871c7dc8f549247d3f4853453	crates/scriptbots-app/tests/archipelago_determinism.rs	132	878d765098f84289	CURRENT	1	132-132	CURRENT	TM-RA-1
ra:technique:rust_scriptbots/structured-concurrency/ef1253dc	rust_scriptbots	f730a053278148a871c7dc8f549247d3f4853453	crates/scriptbots-app/tests/archipelago_determinism.rs	31	8c709bf1f91ece98	CURRENT	1	31-31	CURRENT	TM-RA-1
ra:technique:rust_scriptbots/two-phase-commit-sagas/a5aa1d24	rust_scriptbots	f730a053278148a871c7dc8f549247d3f4853453	crates/scriptbots-app/src/control.rs	903	84a4000ea4265df4	CURRENT	1	903-903	CURRENT	TM-RA-1
ra:technique:rust_scriptbots/two-phase-commit-sagas/a5aa1d24	rust_scriptbots	f730a053278148a871c7dc8f549247d3f4853453	crates/scriptbots-runtime/src/lib.rs	2921	fbfd6d7794d8f2a6	CURRENT	1	2921-2921	CURRENT	TM-RA-1
ra:technique:rust_scriptbots/two-phase-commit-sagas/a5aa1d24	rust_scriptbots	f730a053278148a871c7dc8f549247d3f4853453	crates/scriptbots-app/src/main.rs	5373	2afa564fa58f9469	CURRENT	1	5373-5373	CURRENT	TM-RA-1
ra:technique:rust_scriptbots/twosum-fma/31923b35	rust_scriptbots	f730a053278148a871c7dc8f549247d3f4853453	crates/scriptbots-analytics/src/distribution.rs	101	58d0a380e57d2817	CURRENT	1	101-101	CURRENT	TM-RA-1
ra:technique:rust_scriptbots/twosum-fma/31923b35	rust_scriptbots	f730a053278148a871c7dc8f549247d3f4853453	crates/scriptbots-analytics/src/stats.rs	388	c48621b0651b00fe	CURRENT	1	388-388	CURRENT	TM-RA-1
ra:technique:savant-elite/local.hid-report-offset-normalization/598055f3	savant-elite	d39c62530e0d04d34d040ad8168a6b4c256eeb9a	src/main.rs	731	a87747d3676f66ba	CURRENT	1	731-731	CURRENT	TM-RA-1
ra:technique:savant-elite/local.hid-report-offset-normalization/598055f3	savant-elite	d39c62530e0d04d34d040ad8168a6b4c256eeb9a	src/main.rs	740	0bfe017eed586656	CURRENT	1	740-740	CURRENT	TM-RA-1
ra:technique:savant-elite/local.hid-report-offset-normalization/598055f3	savant-elite	d39c62530e0d04d34d040ad8168a6b4c256eeb9a	src/main.rs	744	2934b6db7dc79541	CURRENT	1	744-744	CURRENT	TM-RA-1
ra:technique:scoop-bucket/rm-deterministic-hashing-ordering/6857d99d	scoop-bucket	fef6d2981308b46edc27bb1536683be3084b2baa	tests/unit/test_update_manifest_args.sh	340	759c4cb38f861d92	CURRENT	1	340-340	CURRENT	TM-RA-1
ra:technique:scoop-bucket/rm-deterministic-hashing-ordering/6857d99d	scoop-bucket	fef6d2981308b46edc27bb1536683be3084b2baa	tests/unit/test_update_manifest_args.sh	342	65b315b9c70fdd6c	CURRENT	1	342-342	CURRENT	TM-RA-1
ra:technique:scoop-bucket/rm-deterministic-hashing-ordering/6857d99d	scoop-bucket	fef6d2981308b46edc27bb1536683be3084b2baa	tests/unit/test_update_manifest_args.sh	346	edad268325f330d9	CURRENT	1	346-346	CURRENT	TM-RA-1
ra:technique:scoop-bucket/rm-differential-oracle/d93811f1	scoop-bucket	fef6d2981308b46edc27bb1536683be3084b2baa	scripts/update-manifest.sh	97	45dc49d697017ab4	CURRENT	1	97-97	CURRENT	TM-RA-1
ra:technique:scoop-bucket/rm-differential-oracle/d93811f1	scoop-bucket	fef6d2981308b46edc27bb1536683be3084b2baa	scripts/update-manifest.sh	108	25e5fe9b0bf2c855	CURRENT	1	108-108	CURRENT	TM-RA-1
ra:technique:scoop-bucket/rm-differential-oracle/d93811f1	scoop-bucket	fef6d2981308b46edc27bb1536683be3084b2baa	scripts/update-manifest.sh	126	ab607e1e2e4c1717	CURRENT	1	126-126	CURRENT	TM-RA-1
ra:technique:scoop-bucket/rm-error-taxonomy/0183650b	scoop-bucket	fef6d2981308b46edc27bb1536683be3084b2baa	scripts/update-manifest.sh	8	256dd140f66a3c74	CURRENT	1	8-8	CURRENT	TM-RA-1
ra:technique:scoop-bucket/rm-error-taxonomy/0183650b	scoop-bucket	fef6d2981308b46edc27bb1536683be3084b2baa	scripts/update-manifest.sh	111	10cebdec087e193a	CURRENT	1	111-111	CURRENT	TM-RA-1
ra:technique:scoop-bucket/rm-error-taxonomy/0183650b	scoop-bucket	fef6d2981308b46edc27bb1536683be3084b2baa	scripts/update-manifest.sh	123	cdf57b3c1b912109	CURRENT	1	123-123	CURRENT	TM-RA-1
ra:technique:slb/congestion-control-backoff/3c707ba3	slb	893b8ce3006f95be4d8f05792c67c9f11af79cd6	internal/core/ratelimit.go	1	865f0061ef6e8e06	CURRENT	1	1-1	CURRENT	TM-RA-1
ra:technique:slb/congestion-control-backoff/3c707ba3	slb	893b8ce3006f95be4d8f05792c67c9f11af79cd6	internal/core/ratelimit.go	22	85f6667c51460466	RELOCATED	1	23-23	CURRENT+line_relocated	TM-RA-1
ra:technique:slb/rm-deterministic-hashing-ordering/09ae62f6	slb	893b8ce3006f95be4d8f05792c67c9f11af79cd6	internal/core/patterns.go	637	5ddceb13328b75aa	CURRENT	1	637-637	CURRENT	TM-RA-1
ra:technique:slb/rm-deterministic-hashing-ordering/09ae62f6	slb	893b8ce3006f95be4d8f05792c67c9f11af79cd6	internal/core/patterns.go	658	0205959624c4263f	CURRENT	1	658-658	CURRENT	TM-RA-1
ra:technique:slb/rm-invariant-assertions/f2417c90	slb	893b8ce3006f95be4d8f05792c67c9f11af79cd6	internal/core/rollback.go	507	37c4c5e14b29c11f	RELOCATED	1	508-508	CURRENT+line_relocated	TM-RA-1
ra:technique:slb/rm-invariant-assertions/f2417c90	slb	893b8ce3006f95be4d8f05792c67c9f11af79cd6	internal/core/rollback.go	511	c8b39b8d912257cf	RELOCATED	1	512-512	CURRENT+line_relocated	TM-RA-1
ra:technique:slb/rm-invariant-assertions/f2417c90	slb	893b8ce3006f95be4d8f05792c67c9f11af79cd6	internal/core/rollback.go	512	cc835d83520ede61	RELOCATED	1	513-513	CURRENT+line_relocated	TM-RA-1
ra:technique:slb/two-person-rule/c4112e3b	slb	893b8ce3006f95be4d8f05792c67c9f11af79cd6	internal/core/statemachine.go	18	95066a93af23b18d	CURRENT	1	18-18	CURRENT	TM-RA-1
ra:technique:slb/two-person-rule/c4112e3b	slb	893b8ce3006f95be4d8f05792c67c9f11af79cd6	internal/core/statemachine.go	43	713596ad2d61f868	RELOCATED	1	45-45	CURRENT+line_relocated	TM-RA-1
ra:technique:slb/two-person-rule/c4112e3b	slb	893b8ce3006f95be4d8f05792c67c9f11af79cd6	internal/core/request.go	300	3c01b2794903ab84	CURRENT	1	300-300	CURRENT	TM-RA-1
ra:technique:slb/two-person-rule/c4112e3b	slb	893b8ce3006f95be4d8f05792c67c9f11af79cd6	internal/core/request.go	301	46bdf9043613ce3c	CURRENT	1	301-301	CURRENT	TM-RA-1
ra:technique:source_to_prompt_tui/locks-spin-mcs/5e5e0cdb	source_to_prompt_tui	a97be3e5aadf169411b5576593dd09eb86acaac2	src/index.tsx	27	7360892e63f3ccf6	CURRENT	1	27-27	CURRENT	TM-RA-1
ra:technique:source_to_prompt_tui/locks-spin-mcs/5e5e0cdb	source_to_prompt_tui	a97be3e5aadf169411b5576593dd09eb86acaac2	src/index.tsx	42	c4817199d27511a1	CURRENT	1	42-42	CURRENT	TM-RA-1
ra:technique:source_to_prompt_tui/locks-spin-mcs/5e5e0cdb	source_to_prompt_tui	a97be3e5aadf169411b5576593dd09eb86acaac2	src/index.tsx	48	07228485a8c77ab5	CURRENT	1	48-48	CURRENT	TM-RA-1
ra:technique:source_to_prompt_tui/speech-recognition-decoding/f15660a7	source_to_prompt_tui	a97be3e5aadf169411b5576593dd09eb86acaac2	src/index.tsx	371	d3a027afef1952e8	CURRENT	1	371-371	CURRENT	TM-RA-1
ra:technique:source_to_prompt_tui/speech-recognition-decoding/f15660a7	source_to_prompt_tui	a97be3e5aadf169411b5576593dd09eb86acaac2	src/index.tsx	374	da1660ec244848f1	CURRENT	1	374-374	CURRENT	TM-RA-1
ra:technique:source_to_prompt_tui/speech-recognition-decoding/f15660a7	source_to_prompt_tui	a97be3e5aadf169411b5576593dd09eb86acaac2	src/index.tsx	387	7e6e33fd189bea4e	CURRENT	1	387-387	CURRENT	TM-RA-1
ra:technique:sqlmodel_rust/cache-replacement/2a05fc4a	sqlmodel_rust	8a20390faf4494062e34c55a2de0763aa9100e42	crates/sqlmodel-query/src/cache.rs	21	a97e70454671ba7a	CURRENT	1	21-21	CURRENT	TM-RA-1
ra:technique:sqlmodel_rust/cache-replacement/2a05fc4a	sqlmodel_rust	8a20390faf4494062e34c55a2de0763aa9100e42	crates/sqlmodel-query/src/cache.rs	24	aebe434f5c6918e8	CURRENT	1	24-24	CURRENT	TM-RA-1
ra:technique:sqlmodel_rust/congestion-control-backoff/cf9b2612	sqlmodel_rust	8a20390faf4494062e34c55a2de0763aa9100e42	crates/sqlmodel-core/src/retry.rs	11	678ca959931ca263	CURRENT	1	11-11	CURRENT	TM-RA-1
ra:technique:sqlmodel_rust/congestion-control-backoff/cf9b2612	sqlmodel_rust	8a20390faf4494062e34c55a2de0763aa9100e42	crates/sqlmodel-core/src/retry.rs	143	d97625d48b10822c	CURRENT	1	143-143	CURRENT	TM-RA-1
ra:technique:sqlmodel_rust/congestion-control-backoff/cf9b2612	sqlmodel_rust	8a20390faf4494062e34c55a2de0763aa9100e42	crates/sqlmodel-core/src/retry.rs	45	68b75655f499fd15	CURRENT	1	45-45	CURRENT	TM-RA-1
ra:technique:sqlmodel_rust/cryptographic-primitives/3e085211	sqlmodel_rust	8a20390faf4494062e34c55a2de0763aa9100e42	crates/sqlmodel-mysql/src/auth.rs	11	3a5c5dcd67441bc9	CURRENT	1	11-11	CURRENT	TM-RA-1
ra:technique:sqlmodel_rust/cryptographic-primitives/3e085211	sqlmodel_rust	8a20390faf4494062e34c55a2de0763aa9100e42	crates/sqlmodel-mysql/src/auth.rs	18	749deee9e0026aef	CURRENT	1	18-18	CURRENT	TM-RA-1
ra:technique:sqlmodel_rust/dag-scheduling-critical-path/a1e433c7	sqlmodel_rust	8a20390faf4494062e34c55a2de0763aa9100e42	crates/sqlmodel-session/src/flush.rs	477	a76d5ba81d4a8fb4	CURRENT	1	477-477	CURRENT	TM-RA-1
ra:technique:sqlmodel_rust/dag-scheduling-critical-path/a1e433c7	sqlmodel_rust	8a20390faf4494062e34c55a2de0763aa9100e42	crates/sqlmodel-session/src/flush.rs	541	1fd54bc63933a708	CURRENT	1	541-541	CURRENT	TM-RA-1
ra:technique:sqlmodel_rust/dag-scheduling-critical-path/a1e433c7	sqlmodel_rust	8a20390faf4494062e34c55a2de0763aa9100e42	crates/sqlmodel-session/src/flush.rs	544	8cea2604f625ee97	CURRENT	1	544-544	CURRENT	TM-RA-1
ra:technique:sqlmodel_rust/graph-algorithms-core/cdc9b3c4	sqlmodel_rust	8a20390faf4494062e34c55a2de0763aa9100e42	crates/sqlmodel-session/src/unit_of_work.rs	282	50f7e6e163f04d45	CURRENT	1	282-282	CURRENT	TM-RA-1
ra:technique:sqlmodel_rust/graph-algorithms-core/cdc9b3c4	sqlmodel_rust	8a20390faf4494062e34c55a2de0763aa9100e42	crates/sqlmodel-session/src/unit_of_work.rs	304	43d203f6aac12907	CURRENT	1	304-304	CURRENT	TM-RA-1
ra:technique:sqlmodel_rust/mvcc/d3fd48ca	sqlmodel_rust	8a20390faf4494062e34c55a2de0763aa9100e42	crates/sqlmodel-core/src/retry.rs	3	7d5daebacbf8a7df	CURRENT	1	3-3	CURRENT	TM-RA-1
ra:technique:sqlmodel_rust/mvcc/d3fd48ca	sqlmodel_rust	8a20390faf4494062e34c55a2de0763aa9100e42	crates/sqlmodel-frankensqlite/src/connection.rs	66	8df7f7d21fead3be	CURRENT	1	66-66	CURRENT	TM-RA-1
ra:technique:sqlmodel_rust/rng-algorithms/8fc75c93	sqlmodel_rust	8a20390faf4494062e34c55a2de0763aa9100e42	crates/sqlmodel-core/src/retry.rs	148	bd60956512e4faa3	CURRENT	1	148-148	CURRENT	TM-RA-1
ra:technique:sqlmodel_rust/serializability-isolation/f05d7978	sqlmodel_rust	8a20390faf4494062e34c55a2de0763aa9100e42	crates/sqlmodel-core/src/connection.rs	77	afeb3b431d860921	CURRENT	1	77-77	CURRENT	TM-RA-1
ra:technique:sqlmodel_rust/serializability-isolation/f05d7978	sqlmodel_rust	8a20390faf4494062e34c55a2de0763aa9100e42	crates/sqlmodel-core/src/connection.rs	78	0198e69f9a4babca	CURRENT	1	78-78	CURRENT	TM-RA-1
ra:technique:sqlmodel_rust/serializability-isolation/f05d7978	sqlmodel_rust	8a20390faf4494062e34c55a2de0763aa9100e42	crates/sqlmodel-frankensqlite/src/connection.rs	599	674c601b3aad3a70	CURRENT	1	599-599	CURRENT	TM-RA-1
ra:technique:sqlmodel_rust/sql-identifier-quoting/f9e642e2	sqlmodel_rust	8a20390faf4494062e34c55a2de0763aa9100e42	crates/sqlmodel-core/src/identifiers.rs	23	a24615a279e185c1	CURRENT	1	23-23	CURRENT	TM-RA-1
ra:technique:sqlmodel_rust/sql-identifier-quoting/f9e642e2	sqlmodel_rust	8a20390faf4494062e34c55a2de0763aa9100e42	crates/sqlmodel-core/src/identifiers.rs	60	145eba9b209b74d1	CURRENT	1	60-60	CURRENT	TM-RA-1
ra:technique:sqlmodel_rust/structured-concurrency/c54f9cca	sqlmodel_rust	8a20390faf4494062e34c55a2de0763aa9100e42	crates/sqlmodel-core/src/lib.rs	13	234eb903e8bf61f4	CURRENT	1	13-13	CURRENT	TM-RA-1
ra:technique:sqlmodel_rust/structured-concurrency/c54f9cca	sqlmodel_rust	8a20390faf4494062e34c55a2de0763aa9100e42	crates/sqlmodel-core/src/retry.rs	13	dbbc327d772e9507	CURRENT	1	13-13	CURRENT	TM-RA-1
ra:technique:sqlmodel_rust/ulp-float-semantics/ccc8f511	sqlmodel_rust	8a20390faf4494062e34c55a2de0763aa9100e42	crates/sqlmodel-core/src/value.rs	530	21f5103cb3faf177	CURRENT	1	530-530	CURRENT	TM-RA-1
ra:technique:sqlmodel_rust/ulp-float-semantics/ccc8f511	sqlmodel_rust	8a20390faf4494062e34c55a2de0763aa9100e42	crates/sqlmodel-core/src/value.rs	545	ceb4802c8dc6e664	CURRENT	1	545-545	CURRENT	TM-RA-1
ra:technique:storage_ballast_helper/bayes-theorem/693c1620	storage_ballast_helper	a8fb4e13a9680f952a12538903f1aafbe12c7421	src/scanner/scoring.rs	335	cf2a750046231988	CURRENT	1	335-335	CURRENT	TM-RA-1
ra:technique:storage_ballast_helper/bayes-theorem/693c1620	storage_ballast_helper	a8fb4e13a9680f952a12538903f1aafbe12c7421	src/scanner/scoring.rs	336	7bb28b650accd23c	CURRENT	1	336-336	CURRENT	TM-RA-1
ra:technique:storage_ballast_helper/bayes-theorem/693c1620	storage_ballast_helper	a8fb4e13a9680f952a12538903f1aafbe12c7421	src/scanner/scoring.rs	944	2aaaa207e6404639	CURRENT	1	944-944	CURRENT	TM-RA-1
ra:technique:storage_ballast_helper/bayes-theorem/693c1620	storage_ballast_helper	a8fb4e13a9680f952a12538903f1aafbe12c7421	src/scanner/scoring.rs	1004	99184f38a2cfe322	CURRENT	1	1004-1004	CURRENT	TM-RA-1
ra:technique:storage_ballast_helper/congestion-control-backoff/86f7436f	storage_ballast_helper	a8fb4e13a9680f952a12538903f1aafbe12c7421	src/daemon/loop_main.rs	346	63d9c4e7188ee0e0	CURRENT	1	346-346	CURRENT	TM-RA-1
ra:technique:storage_ballast_helper/congestion-control-backoff/86f7436f	storage_ballast_helper	a8fb4e13a9680f952a12538903f1aafbe12c7421	src/daemon/self_monitor.rs	108	5786a02d57cfe04d	CURRENT	1	108-108	CURRENT	TM-RA-1
ra:technique:storage_ballast_helper/e-value/10c8ce83	storage_ballast_helper	a8fb4e13a9680f952a12538903f1aafbe12c7421	src/monitor/guardrails.rs	251	cb0b0655591cdf69	CURRENT	1	251-251	CURRENT	TM-RA-1
ra:technique:storage_ballast_helper/e-value/10c8ce83	storage_ballast_helper	a8fb4e13a9680f952a12538903f1aafbe12c7421	src/monitor/guardrails.rs	258	ca65cff1fad29475	CURRENT	1	258-258	CURRENT	TM-RA-1
ra:technique:storage_ballast_helper/e-value/10c8ce83	storage_ballast_helper	a8fb4e13a9680f952a12538903f1aafbe12c7421	src/monitor/guardrails.rs	367	814f47ad7b248c5f	RELOCATED	1	366-366	CURRENT+line_relocated	TM-RA-1
ra:technique:storage_ballast_helper/e-value/10c8ce83	storage_ballast_helper	a8fb4e13a9680f952a12538903f1aafbe12c7421	src/monitor/guardrails.rs	149	972dd18a08664dc5	CURRENT	1	149-149	CURRENT	TM-RA-1
ra:technique:storage_ballast_helper/ewma/38012bd0	storage_ballast_helper	a8fb4e13a9680f952a12538903f1aafbe12c7421	src/monitor/ewma.rs	200	0426fad046088e86	CURRENT	1	200-200	CURRENT	TM-RA-1
ra:technique:storage_ballast_helper/ewma/38012bd0	storage_ballast_helper	a8fb4e13a9680f952a12538903f1aafbe12c7421	src/monitor/ewma.rs	201	95843d8b15a385cd	CURRENT	1	201-201	CURRENT	TM-RA-1
ra:technique:storage_ballast_helper/ewma/38012bd0	storage_ballast_helper	a8fb4e13a9680f952a12538903f1aafbe12c7421	src/monitor/ewma.rs	215	51ee8cf7b8d5f30d	CURRENT	1	215-215	CURRENT	TM-RA-1
ra:technique:storage_ballast_helper/ewma/38012bd0	storage_ballast_helper	a8fb4e13a9680f952a12538903f1aafbe12c7421	src/monitor/ewma.rs	401	5bcb545a8b4fa752	CURRENT	1	401-401	CURRENT	TM-RA-1
ra:technique:storage_ballast_helper/file-locking-leases/a235fe7e	storage_ballast_helper	a8fb4e13a9680f952a12538903f1aafbe12c7421	src/ballast/manager.rs	9	3b09cff0fd54d5fe	CURRENT	1	9-9	CURRENT	TM-RA-1
ra:technique:storage_ballast_helper/file-locking-leases/a235fe7e	storage_ballast_helper	a8fb4e13a9680f952a12538903f1aafbe12c7421	src/scanner/active_lease.rs	357	59c26804f8728093	CURRENT	1	357-357	CURRENT	TM-RA-1
ra:technique:storage_ballast_helper/filesystem-semantics/28456f86	storage_ballast_helper	a8fb4e13a9680f952a12538903f1aafbe12c7421	src/ballast/manager.rs	6	061139d3a090a7ce	CURRENT	1	6-6	CURRENT	TM-RA-1
ra:technique:storage_ballast_helper/filesystem-semantics/28456f86	storage_ballast_helper	a8fb4e13a9680f952a12538903f1aafbe12c7421	src/ballast/coordinator.rs	25	512f518eca443e2f	CURRENT	1	25-25	CURRENT	TM-RA-1
ra:technique:storage_ballast_helper/filesystem-semantics/28456f86	storage_ballast_helper	a8fb4e13a9680f952a12538903f1aafbe12c7421	src/ballast/manager.rs	36	67e4751d12b29f00	CURRENT	1	36-36	CURRENT	TM-RA-1
ra:technique:storage_ballast_helper/isolation-forest-anomaly/05f2e528	storage_ballast_helper	a8fb4e13a9680f952a12538903f1aafbe12c7421	src/monitor/ewma.rs	354	7e3b2ce0f16f0ad5	CURRENT	1	354-354	CURRENT	TM-RA-1
ra:technique:storage_ballast_helper/isolation-forest-anomaly/05f2e528	storage_ballast_helper	a8fb4e13a9680f952a12538903f1aafbe12c7421	src/monitor/ewma.rs	355	2ceb43d95d455b3a	CURRENT	1	355-355	CURRENT	TM-RA-1
ra:technique:storage_ballast_helper/isolation-forest-anomaly/05f2e528	storage_ballast_helper	a8fb4e13a9680f952a12538903f1aafbe12c7421	src/monitor/ewma.rs	29	19246baf53fb04f2	CURRENT	1	29-29	CURRENT	TM-RA-1
ra:technique:storage_ballast_helper/kl-divergence/a27c2ce2	storage_ballast_helper	a8fb4e13a9680f952a12538903f1aafbe12c7421	src/scanner/scoring.rs	1055	8d519b8ad0823501	CURRENT	1	1055-1055	CURRENT	TM-RA-1
ra:technique:storage_ballast_helper/kl-divergence/a27c2ce2	storage_ballast_helper	a8fb4e13a9680f952a12538903f1aafbe12c7421	src/scanner/scoring.rs	1054	dcb509afa84b4356	CURRENT	1	1054-1054	CURRENT	TM-RA-1
ra:technique:storage_ballast_helper/merkle-tree/d9dbe7be	storage_ballast_helper	a8fb4e13a9680f952a12538903f1aafbe12c7421	src/scanner/merkle.rs	4	2415c8b49787e124	CURRENT	1	4-4	CURRENT	TM-RA-1
ra:technique:storage_ballast_helper/merkle-tree/d9dbe7be	storage_ballast_helper	a8fb4e13a9680f952a12538903f1aafbe12c7421	src/scanner/merkle.rs	552	3aef7a2118c07e21	CURRENT	1	552-552	CURRENT	TM-RA-1
ra:technique:storage_ballast_helper/monotonic-time/de225cde	storage_ballast_helper	a8fb4e13a9680f952a12538903f1aafbe12c7421	src/monitor/pid.rs	189	7e899414ed8f7d52	CURRENT	1	189-189	CURRENT	TM-RA-1
ra:technique:storage_ballast_helper/monotonic-time/de225cde	storage_ballast_helper	a8fb4e13a9680f952a12538903f1aafbe12c7421	src/monitor/ewma.rs	186	a2eabd29ae1bb8ca	CURRENT	1	186-186	CURRENT	TM-RA-1
ra:technique:storage_ballast_helper/pid-control/93d389bf	storage_ballast_helper	a8fb4e13a9680f952a12538903f1aafbe12c7421	src/monitor/pid.rs	195	e406050469ab3342	CURRENT	1	195-195	CURRENT	TM-RA-1
ra:technique:storage_ballast_helper/pid-control/93d389bf	storage_ballast_helper	a8fb4e13a9680f952a12538903f1aafbe12c7421	src/monitor/pid.rs	199	3a419f4142aef559	CURRENT	1	199-199	CURRENT	TM-RA-1
ra:technique:storage_ballast_helper/pid-control/93d389bf	storage_ballast_helper	a8fb4e13a9680f952a12538903f1aafbe12c7421	src/monitor/pid.rs	207	f525360e47e3413a	CURRENT	1	207-207	CURRENT	TM-RA-1
ra:technique:storage_ballast_helper/pid-control/93d389bf	storage_ballast_helper	a8fb4e13a9680f952a12538903f1aafbe12c7421	src/monitor/pid.rs	232	b610768eb576ed83	CURRENT	1	232-232	CURRENT	TM-RA-1
ra:technique:storage_ballast_helper/rm-evidence-receipts/acab2a82	storage_ballast_helper	a8fb4e13a9680f952a12538903f1aafbe12c7421	src/scanner/decision_record.rs	5	30771e9b76da71da	CURRENT	1	5-5	CURRENT	TM-RA-1
ra:technique:storage_ballast_helper/rm-evidence-receipts/acab2a82	storage_ballast_helper	a8fb4e13a9680f952a12538903f1aafbe12c7421	src/scanner/decision_record.rs	121	7b171b32d7cf44f0	CURRENT	1	121-121	CURRENT	TM-RA-1
ra:technique:storage_ballast_helper/rm-property-testing/b8aa39ed	storage_ballast_helper	a8fb4e13a9680f952a12538903f1aafbe12c7421	src/tui/test_properties.rs	1	5d023f50ad14ffdf	CURRENT	1	1-1	CURRENT	TM-RA-1
ra:technique:storage_ballast_helper/rm-property-testing/b8aa39ed	storage_ballast_helper	a8fb4e13a9680f952a12538903f1aafbe12c7421	src/tui/test_properties.rs	13	d5b56029f44d379a	CURRENT	1	13-13	CURRENT	TM-RA-1
ra:technique:storage_ballast_helper/rm-unsafe-discipline/11a82cf1	storage_ballast_helper	a8fb4e13a9680f952a12538903f1aafbe12c7421	Cargo.toml	105	f0a233f15ff4aa2c	CURRENT	1	105-105	CURRENT	TM-RA-1
ra:technique:storage_ballast_helper/rm-unsafe-discipline/11a82cf1	storage_ballast_helper	a8fb4e13a9680f952a12538903f1aafbe12c7421	crates/sbh_mach/src/lib.rs	3	33ed09ab6a7bdbd6	CURRENT	1	3-3	CURRENT	TM-RA-1
ra:technique:storage_ballast_helper/sequential-decision-optimal-stopping/8dea369c	storage_ballast_helper	a8fb4e13a9680f952a12538903f1aafbe12c7421	src/monitor/voi_scheduler.rs	16	c0c52d9761dbb464	RELOCATED	1	17-17	CURRENT+line_relocated	TM-RA-1
ra:technique:storage_ballast_helper/sequential-decision-optimal-stopping/8dea369c	storage_ballast_helper	a8fb4e13a9680f952a12538903f1aafbe12c7421	src/monitor/voi_scheduler.rs	21	212006e6f32a8c03	RELOCATED	1	23-23	CURRENT+line_relocated	TM-RA-1
ra:technique:storage_ballast_helper/stable-quadratic-root/e2c5c336	storage_ballast_helper	a8fb4e13a9680f952a12538903f1aafbe12c7421	src/monitor/ewma.rs	436	8c21ec948b9c77ee	CURRENT	1	436-436	CURRENT	TM-RA-1
ra:technique:storage_ballast_helper/stable-quadratic-root/e2c5c336	storage_ballast_helper	a8fb4e13a9680f952a12538903f1aafbe12c7421	src/monitor/ewma.rs	439	91445ec4027044d6	CURRENT	1	439-439	CURRENT	TM-RA-1
ra:technique:storage_ballast_helper/stable-quadratic-root/e2c5c336	storage_ballast_helper	a8fb4e13a9680f952a12538903f1aafbe12c7421	src/monitor/ewma.rs	446	b11870373e5337f2	CURRENT	1	446-446	CURRENT	TM-RA-1
ra:technique:storage_ballast_helper/stable-quadratic-root/e2c5c336	storage_ballast_helper	a8fb4e13a9680f952a12538903f1aafbe12c7421	src/monitor/ewma.rs	454	dd8f24958743176a	CURRENT	1	454-454	CURRENT	TM-RA-1
ra:technique:suno2cd/audio-dsp/567ef53e	suno2cd	060bad5db4dbe9170f8e8f176ae839577c32a7cf	src/converter.ts	162	b2c72dbf93c2dd3c	CURRENT	1	162-162	CURRENT	TM-RA-1
ra:technique:suno2cd/audio-dsp/567ef53e	suno2cd	060bad5db4dbe9170f8e8f176ae839577c32a7cf	src/converter.ts	168	d9a68c855f7eb75d	CURRENT	1	168-168	CURRENT	TM-RA-1
ra:technique:suno2cd/audio-dsp/567ef53e	suno2cd	060bad5db4dbe9170f8e8f176ae839577c32a7cf	src/converter.ts	171	bdec44b6b1c99aa0	CURRENT	1	171-171	CURRENT	TM-RA-1
ra:technique:swiss_army_llama/compression-algorithms/b77c6298	swiss_army_llama	7bd155410ff2cdf71b4ddf4ccd5a626a600690b3	service_functions.py	104	04b9c9298cd00d21	CURRENT	1	104-104	CURRENT	TM-RA-1
ra:technique:swiss_army_llama/congestion-control-backoff/adc8827a	swiss_army_llama	7bd155410ff2cdf71b4ddf4ccd5a626a600690b3	database_functions.py	183	6f8c8d71fd7fd0ff	CURRENT	1	183-183	CURRENT	TM-RA-1
ra:technique:swiss_army_llama/congestion-control-backoff/adc8827a	swiss_army_llama	7bd155410ff2cdf71b4ddf4ccd5a626a600690b3	swiss_army_llama.py	754	702ec437e179a85e	CURRENT	1	754-754	CURRENT	TM-RA-1
ra:technique:swiss_army_llama/cryptographic-primitives/c35ff507	swiss_army_llama	7bd155410ff2cdf71b4ddf4ccd5a626a600690b3	service_functions.py	129	f5982e7f38ef3d44	CURRENT	1	129-129	CURRENT	TM-RA-1
ra:technique:swiss_army_llama/cryptographic-primitives/c35ff507	swiss_army_llama	7bd155410ff2cdf71b4ddf4ccd5a626a600690b3	service_functions.py	633	45e6e2234a7df8e2	CURRENT	1	633-633	CURRENT	TM-RA-1
ra:technique:swiss_army_llama/dimensionality-reduction/9d30d04f	swiss_army_llama	7bd155410ff2cdf71b4ddf4ccd5a626a600690b3	service_functions.py	43	b9920a438d7db245	CURRENT	1	43-43	CURRENT	TM-RA-1
ra:technique:swiss_army_llama/dimensionality-reduction/9d30d04f	swiss_army_llama	7bd155410ff2cdf71b4ddf4ccd5a626a600690b3	service_functions.py	318	ec7b701222ea4756	CURRENT	1	318-318	CURRENT	TM-RA-1
ra:technique:swiss_army_llama/hoeffding-d/3a442a6a	swiss_army_llama	7bd155410ff2cdf71b4ddf4ccd5a626a600690b3	swiss_army_llama.py	41	cf6404bd1448a9b5	CURRENT	1	41-41	CURRENT	TM-RA-1
ra:technique:swiss_army_llama/hoeffding-d/3a442a6a	swiss_army_llama	7bd155410ff2cdf71b4ddf4ccd5a626a600690b3	swiss_army_llama.py	396	bf0d22ad62291e12	CURRENT	1	396-396	CURRENT	TM-RA-1
ra:technique:swiss_army_llama/redlock-distributed-lock/6515798e	swiss_army_llama	7bd155410ff2cdf71b4ddf4ccd5a626a600690b3	shared_resources.py	5	388037a32dc83d0f	CURRENT	1	5-5	CURRENT	TM-RA-1
ra:technique:swiss_army_llama/redlock-distributed-lock/6515798e	swiss_army_llama	7bd155410ff2cdf71b4ddf4ccd5a626a600690b3	shared_resources.py	94	fdeae8578eb624ee	CURRENT	1	94-94	CURRENT	TM-RA-1
ra:technique:swiss_army_llama/svd/6e3364df	swiss_army_llama	7bd155410ff2cdf71b4ddf4ccd5a626a600690b3	service_functions.py	42	152bcdb77376fc88	CURRENT	1	42-42	CURRENT	TM-RA-1
ra:technique:swiss_army_llama/svd/6e3364df	swiss_army_llama	7bd155410ff2cdf71b4ddf4ccd5a626a600690b3	service_functions.py	302	f0c7c8abe604b4af	CURRENT	1	302-302	CURRENT	TM-RA-1
ra:technique:swiss_army_llama/svd/6e3364df	swiss_army_llama	7bd155410ff2cdf71b4ddf4ccd5a626a600690b3	service_functions.py	290	752b48abf42addf6	CURRENT	1	290-290	CURRENT	TM-RA-1
ra:technique:swiss_army_llama/vector-search-ann/12e4d93e	swiss_army_llama	7bd155410ff2cdf71b4ddf4ccd5a626a600690b3	misc_utility_functions.py	160	ce668ed54fb0a22d	CURRENT	1	160-160	CURRENT	TM-RA-1
ra:technique:swiss_army_llama/vector-search-ann/12e4d93e	swiss_army_llama	7bd155410ff2cdf71b4ddf4ccd5a626a600690b3	misc_utility_functions.py	161	e98d6a7838a5c89d	CURRENT	1	161-161	CURRENT	TM-RA-1
ra:technique:swiss_army_llama/wal-aries/4226eecf	swiss_army_llama	7bd155410ff2cdf71b4ddf4ccd5a626a600690b3	database_functions.py	27	fc0f7b86b8c6a6e0	CURRENT	1	27-27	CURRENT	TM-RA-1
ra:technique:swiss_army_llama/wal-aries/4226eecf	swiss_army_llama	7bd155410ff2cdf71b4ddf4ccd5a626a600690b3	database_functions.py	193	3bb9ddaf1d4d30db	CURRENT	1	193-193	CURRENT	TM-RA-1
ra:technique:system_resource_protection_script/elm-architecture-reactive/9cfb05c1	system_resource_protection_script	796590d84b76770a83c7a90e8808ed13ef2f26c7	internal/ui/ui.go	208	48a30875161ef7b4	CURRENT	1	208-208	CURRENT	TM-RA-1
ra:technique:system_resource_protection_script/elm-architecture-reactive/9cfb05c1	system_resource_protection_script	796590d84b76770a83c7a90e8808ed13ef2f26c7	internal/ui/ui.go	212	151addcd3f6d444f	CURRENT	1	212-212	CURRENT	TM-RA-1
ra:technique:system_resource_protection_script/elm-architecture-reactive/9cfb05c1	system_resource_protection_script	796590d84b76770a83c7a90e8808ed13ef2f26c7	internal/ui/ui.go	210	bc2c05a2326770e9	CURRENT	1	210-210	CURRENT	TM-RA-1
ra:technique:system_resource_protection_script/local.dirty-writeback-percent-to-absolute-override/f9e5de1f	system_resource_protection_script	796590d84b76770a83c7a90e8808ed13ef2f26c7	install.sh	608	0ffe3950dc69b736	CURRENT	1	608-608	CURRENT	TM-RA-1
ra:technique:system_resource_protection_script/local.dirty-writeback-percent-to-absolute-override/f9e5de1f	system_resource_protection_script	796590d84b76770a83c7a90e8808ed13ef2f26c7	install.sh	613	8a5999b6518293a3	CURRENT	1	613-613	CURRENT	TM-RA-1
ra:technique:system_resource_protection_script/local.dirty-writeback-percent-to-absolute-override/f9e5de1f	system_resource_protection_script	796590d84b76770a83c7a90e8808ed13ef2f26c7	install.sh	620	2531b6ce1becd0dd	CURRENT	1	620-620	CURRENT	TM-RA-1
ra:technique:system_resource_protection_script/signal-handling-process-semantics/cb43e8a5	system_resource_protection_script	796590d84b76770a83c7a90e8808ed13ef2f26c7	internal/sampler/sampler.go	90	564ae0ab6ed11be6	CURRENT	1	90-90	CURRENT	TM-RA-1
ra:technique:system_resource_protection_script/signal-handling-process-semantics/cb43e8a5	system_resource_protection_script	796590d84b76770a83c7a90e8808ed13ef2f26c7	internal/sampler/sampler.go	92	baa5bf225aeed8c2	CURRENT	1	92-92	CURRENT	TM-RA-1
ra:technique:system_resource_protection_script/signal-handling-process-semantics/cb43e8a5	system_resource_protection_script	796590d84b76770a83c7a90e8808ed13ef2f26c7	internal/sampler/sampler.go	441	27735053de1547a0	CURRENT	1	441-441	CURRENT	TM-RA-1
ra:technique:toon-go/rm-differential-oracle/e8252a89	toon-go	4564467a45fbb70f24b08cf500d7637b24e65e56	toon.go	167	61e69c86bcf64b83	CURRENT	1	167-167	CURRENT	TM-RA-1
ra:technique:toon-go/rm-differential-oracle/e8252a89	toon-go	4564467a45fbb70f24b08cf500d7637b24e65e56	toon.go	169	c6feeaac33c5cbe5	CURRENT	1	169-169	CURRENT	TM-RA-1
ra:technique:toon-go/rm-differential-oracle/e8252a89	toon-go	4564467a45fbb70f24b08cf500d7637b24e65e56	toon.go	175	a9f385cdf1ee7d4f	CURRENT	1	175-175	CURRENT	TM-RA-1
ra:technique:toon-go/rm-error-taxonomy/0dc1aafb	toon-go	4564467a45fbb70f24b08cf500d7637b24e65e56	toon.go	46	41a8531dbfef1e5c	CURRENT	1	46-46	CURRENT	TM-RA-1
ra:technique:toon-go/rm-error-taxonomy/0dc1aafb	toon-go	4564467a45fbb70f24b08cf500d7637b24e65e56	toon.go	52	883146d2548532e7	CURRENT	1	52-52	CURRENT	TM-RA-1
ra:technique:toon-go/rm-error-taxonomy/0dc1aafb	toon-go	4564467a45fbb70f24b08cf500d7637b24e65e56	toon.go	65	c2691dfef0a72895	CURRENT	1	65-65	CURRENT	TM-RA-1
ra:technique:toon_rust/rm-benchmark-regression/d4a5022b	toon_rust	317bfa25f9a37c973b03a5f8d629b5eb6015d0d5	benches/toon_benchmark.rs	14	93b697c4c840cd2b	CURRENT	1	14-14	CURRENT	TM-RA-1
ra:technique:toon_rust/rm-benchmark-regression/d4a5022b	toon_rust	317bfa25f9a37c973b03a5f8d629b5eb6015d0d5	benches/toon_benchmark.rs	9	6c611e5924c899ca	RELOCATED	1	10-10	CURRENT+line_relocated	TM-RA-1
ra:technique:toon_rust/rm-checked-arithmetic/2185bf08	toon_rust	317bfa25f9a37c973b03a5f8d629b5eb6015d0d5	src/cli/json_stream.rs	63	e6dad4c38e105ab2	CURRENT	1	63-63	CURRENT	TM-RA-1
ra:technique:toon_rust/rm-checked-arithmetic/2185bf08	toon_rust	317bfa25f9a37c973b03a5f8d629b5eb6015d0d5	src/cli/mod.rs	56	8d520235df2c4c01	CURRENT	1	56-56	CURRENT	TM-RA-1
ra:technique:toon_rust/rm-checked-arithmetic/2185bf08	toon_rust	317bfa25f9a37c973b03a5f8d629b5eb6015d0d5	src/encode/encoders.rs	130	1b57fa3f4944dee6	CURRENT	1	130-130	CURRENT	TM-RA-1
ra:technique:toon_rust/rm-deterministic-hashing-ordering/33c2e2b7	toon_rust	317bfa25f9a37c973b03a5f8d629b5eb6015d0d5	src/encode/normalize.rs	22	57a7daae7dd5278a	CURRENT	1	22-22	CURRENT	TM-RA-1
ra:technique:toon_rust/rm-deterministic-hashing-ordering/33c2e2b7	toon_rust	317bfa25f9a37c973b03a5f8d629b5eb6015d0d5	src/encode/normalize.rs	24	3d26c0413a0a0a5a	CURRENT	1	24-24	CURRENT	TM-RA-1
ra:technique:toon_rust/rm-deterministic-hashing-ordering/33c2e2b7	toon_rust	317bfa25f9a37c973b03a5f8d629b5eb6015d0d5	src/encode/normalize.rs	25	4c0a4cc558f3bd0b	CURRENT	1	25-25	CURRENT	TM-RA-1
ra:technique:toon_rust/rm-differential-oracle/2fdaf1b2	toon_rust	317bfa25f9a37c973b03a5f8d629b5eb6015d0d5	tests/conformance.rs	44	9549ac2ffc0149a4	RELOCATED	1	45-45	CURRENT+line_relocated	TM-RA-1
ra:technique:toon_rust/rm-differential-oracle/2fdaf1b2	toon_rust	317bfa25f9a37c973b03a5f8d629b5eb6015d0d5	tests/conformance.rs	67	7ae5d629a9049f4f	CURRENT	1	67-67	CURRENT	TM-RA-1
ra:technique:toon_rust/rm-differential-oracle/2fdaf1b2	toon_rust	317bfa25f9a37c973b03a5f8d629b5eb6015d0d5	tests/conformance.rs	81	15dfda581fff2092	CURRENT	1	81-81	CURRENT	TM-RA-1
ra:technique:toon_rust/rm-error-taxonomy/fb6cc860	toon_rust	317bfa25f9a37c973b03a5f8d629b5eb6015d0d5	src/error.rs	6	4dc711d2c1f801ed	CURRENT	1	6-6	CURRENT	TM-RA-1
ra:technique:toon_rust/rm-error-taxonomy/fb6cc860	toon_rust	317bfa25f9a37c973b03a5f8d629b5eb6015d0d5	src/error.rs	8	ba1bd4075f039c35	RELOCATED	1	9-9	CURRENT+line_relocated	TM-RA-1
ra:technique:toon_rust/rm-error-taxonomy/fb6cc860	toon_rust	317bfa25f9a37c973b03a5f8d629b5eb6015d0d5	src/decode/scanner.rs	82	6cbdf4962c14f1ed	CURRENT	1	82-82	CURRENT	TM-RA-1
ra:technique:toon_rust/rm-property-testing/178022c1	toon_rust	317bfa25f9a37c973b03a5f8d629b5eb6015d0d5	tests/edge_cases.rs	542	898ad5258a4609db	RELOCATED	1	543-543	CURRENT+line_relocated	TM-RA-1
ra:technique:toon_rust/rm-property-testing/178022c1	toon_rust	317bfa25f9a37c973b03a5f8d629b5eb6015d0d5	tests/edge_cases.rs	550	6cf2b6e2ee07465b	RELOCATED	1	552-552	CURRENT+line_relocated	TM-RA-1
ra:technique:toon_rust/rm-property-testing/178022c1	toon_rust	317bfa25f9a37c973b03a5f8d629b5eb6015d0d5	tests/edge_cases.rs	576	47e805f14953f7d6	RELOCATED	1	577-577	CURRENT+line_relocated	TM-RA-1
ra:technique:toon_rust/rm-unsafe-discipline/7df5bcd0	toon_rust	317bfa25f9a37c973b03a5f8d629b5eb6015d0d5	src/lib.rs	1	d4e6f22e1e076733	CURRENT	1	1-1	CURRENT	TM-RA-1
ra:technique:toon_rust/rm-unsafe-discipline/7df5bcd0	toon_rust	317bfa25f9a37c973b03a5f8d629b5eb6015d0d5	Cargo.toml	99	f0a233f15ff4aa2c	CURRENT	1	99-99	CURRENT	TM-RA-1
ra:technique:ultimate_bug_scanner/ast-structural-search/79451732	ultimate_bug_scanner	99e307a19da2b5eeaa993a08a9ac0a48a4b73eb3	modules/ubs-js.sh	3197	c0e9d3f950ef5593	CURRENT	1	3197-3197	CURRENT	TM-RA-1
ra:technique:ultimate_bug_scanner/ast-structural-search/79451732	ultimate_bug_scanner	99e307a19da2b5eeaa993a08a9ac0a48a4b73eb3	modules/ubs-js.sh	3205	553d2087f4ae237a	CURRENT	1	3205-3205	CURRENT	TM-RA-1
ra:technique:ultimate_bug_scanner/cryptographic-primitives/73fbc33a	ultimate_bug_scanner	99e307a19da2b5eeaa993a08a9ac0a48a4b73eb3	ubs	45	d467c8b79fedf096	CURRENT	1	45-45	CURRENT	TM-RA-1
ra:technique:ultimate_bug_scanner/cryptographic-primitives/73fbc33a	ultimate_bug_scanner	99e307a19da2b5eeaa993a08a9ac0a48a4b73eb3	ubs	1644	4f7467d08adc0691	CURRENT	1	1644-1644	CURRENT	TM-RA-1
ra:technique:ultimate_bug_scanner/cryptographic-primitives/73fbc33a	ultimate_bug_scanner	99e307a19da2b5eeaa993a08a9ac0a48a4b73eb3	ubs	1645	beb482f5e4c17a71	CURRENT	1	1645-1645	CURRENT	TM-RA-1
ra:technique:ultimate_bug_scanner/rm-differential-oracle/57f65bba	ultimate_bug_scanner	99e307a19da2b5eeaa993a08a9ac0a48a4b73eb3	test-suite/quality/rule_quality_harness.py	4	150cceea63f45618	CURRENT	1	4-4	CURRENT	TM-RA-1
ra:technique:ultimate_bug_scanner/rm-differential-oracle/57f65bba	ultimate_bug_scanner	99e307a19da2b5eeaa993a08a9ac0a48a4b73eb3	test-suite/quality/rule_quality_harness.py	532	5236f1cb9059aeb8	CURRENT	1	532-532	CURRENT	TM-RA-1
ra:technique:ultimate_bug_scanner/rm-differential-oracle/57f65bba	ultimate_bug_scanner	99e307a19da2b5eeaa993a08a9ac0a48a4b73eb3	test-suite/quality/rule_quality_harness.py	54	4c41426ea199c8b9	CURRENT	1	54-54	CURRENT	TM-RA-1
ra:technique:ultimate_mcp_client/congestion-control-backoff/c24aa587	ultimate_mcp_client	de5921eb385884ec2e88dcce2dad49444f575673	mcp_client.py	5118	ce77ebabfb9df597	CURRENT	1	5118-5118	CURRENT	TM-RA-1
ra:technique:ultimate_mcp_client/congestion-control-backoff/c24aa587	ultimate_mcp_client	de5921eb385884ec2e88dcce2dad49444f575673	mcp_client.py	5133	9ff6aa319fbd772c	CURRENT	1	5133-5133	CURRENT	TM-RA-1
ra:technique:ultimate_mcp_client/structured-concurrency/c42c57b2	ultimate_mcp_client	de5921eb385884ec2e88dcce2dad49444f575673	mcp_client.py	4321	fd46ff8f17800b7d	CURRENT	1	4321-4321	CURRENT	TM-RA-1
ra:technique:ultimate_mcp_server/sandboxing-seccomp/aa7a6f98	ultimate_mcp_server	50387442c26eb12d886bf6ff28a2b517d4f7adbd	ultimate_mcp_server/tools/python_sandbox.py	459	b5d1d1fc1c34e139	CURRENT	1	459-459	CURRENT	TM-RA-1
ra:technique:ultimate_mcp_server/sandboxing-seccomp/aa7a6f98	ultimate_mcp_server	50387442c26eb12d886bf6ff28a2b517d4f7adbd	ultimate_mcp_server/tools/python_sandbox.py	494	174a069d7a9679f9	CURRENT	1	494-494	CURRENT	TM-RA-1
ra:technique:ultimate_mcp_server/sandboxing-seccomp/aa7a6f98	ultimate_mcp_server	50387442c26eb12d886bf6ff28a2b517d4f7adbd	ultimate_mcp_server/tools/python_sandbox.py	515	513268c2d21603e4	CURRENT	1	515-515	CURRENT	TM-RA-1
ra:technique:ultimate_mcp_server/sandboxing-seccomp/aa7a6f98	ultimate_mcp_server	50387442c26eb12d886bf6ff28a2b517d4f7adbd	ultimate_mcp_server/tools/python_sandbox.py	1115	ed0a1c4965944a8b	CURRENT	1	1115-1115	CURRENT	TM-RA-1
ra:technique:ultimate_mcp_server/vector-search-ann/49cef957	ultimate_mcp_server	50387442c26eb12d886bf6ff28a2b517d4f7adbd	ultimate_mcp_server/services/vector/vector_service.py	31	fa799eeaed3a799e	CURRENT	1	31-31	CURRENT	TM-RA-1
ra:technique:ultimate_mcp_server/vector-search-ann/49cef957	ultimate_mcp_server	50387442c26eb12d886bf6ff28a2b517d4f7adbd	ultimate_mcp_server/services/vector/vector_service.py	87	f7f62c12682e0282	CURRENT	1	87-87	CURRENT	TM-RA-1
ra:technique:ultrasearch/ewma/ca84d74f	ultrasearch	4961ffeaafa2c92885695ba2b52d04b308cc6945	ultrasearch/crates/scheduler/src/policy/adaptive.rs	33	695788c8493904a7	CURRENT	1	33-33	CURRENT	TM-RA-1
ra:technique:ultrasearch/ewma/ca84d74f	ultrasearch	4961ffeaafa2c92885695ba2b52d04b308cc6945	ultrasearch/crates/scheduler/src/policy/adaptive.rs	34	613b4b285cb0ba09	CURRENT	1	34-34	CURRENT	TM-RA-1
ra:technique:ultrasearch/fst-transducer-index/b1ad3942	ultrasearch	4961ffeaafa2c92885695ba2b52d04b308cc6945	ultrasearch/crates/meta-index/src/fst.rs	10	d43d5b0dd6e85fee	CURRENT	1	10-10	CURRENT	TM-RA-1
ra:technique:ultrasearch/fst-transducer-index/b1ad3942	ultrasearch	4961ffeaafa2c92885695ba2b52d04b308cc6945	ultrasearch/crates/meta-index/src/fst.rs	33	e7da7a84c5849a98	CURRENT	1	33-33	CURRENT	TM-RA-1
ra:technique:ultrasearch/information-retrieval-ranking/2ab416ea	ultrasearch	4961ffeaafa2c92885695ba2b52d04b308cc6945	ultrasearch/crates/content-index/src/lib.rs	10	66644add2ed2fb4b	CURRENT	1	10-10	CURRENT	TM-RA-1
ra:technique:ultrasearch/information-retrieval-ranking/2ab416ea	ultrasearch	4961ffeaafa2c92885695ba2b52d04b308cc6945	ultrasearch/crates/content-index/src/log_analysis.rs	17	bef3219270aced9d	CURRENT	1	17-17	CURRENT	TM-RA-1
ra:technique:ultrasearch/negation-normal-form/f8bbd24c	ultrasearch	4961ffeaafa2c92885695ba2b52d04b308cc6945	ultrasearch/crates/service/src/planner.rs	13	92795caa7b87e4fb	CURRENT	1	13-13	CURRENT	TM-RA-1
ra:technique:ultrasearch/negation-normal-form/f8bbd24c	ultrasearch	4961ffeaafa2c92885695ba2b52d04b308cc6945	ultrasearch/crates/service/src/planner.rs	18	1d383d9e6e27aa47	CURRENT	1	18-18	CURRENT	TM-RA-1
ra:technique:ultrasearch/vector-search-ann/2c457a3f	ultrasearch	4961ffeaafa2c92885695ba2b52d04b308cc6945	ultrasearch/crates/semantic-index/src/ann/hnsw.rs	6	d81054de84b11caf	CURRENT	1	6-6	CURRENT	TM-RA-1
ra:technique:ultrasearch/vector-search-ann/2c457a3f	ultrasearch	4961ffeaafa2c92885695ba2b52d04b308cc6945	ultrasearch/crates/semantic-index/src/ann/hnsw.rs	29	a392b94ebb87ecf5	CURRENT	1	29-29	CURRENT	TM-RA-1
ra:technique:vibe_cockpit/genetic-algorithm/af21f007	vibe_cockpit	24689ab21041b1c6fae9bfcde4962e3dfaf19446	crates/vc_oracle/src/evolution.rs	3	fae80c57e96014f9	CURRENT	1	3-3	CURRENT	TM-RA-1
ra:technique:vibe_cockpit/genetic-algorithm/af21f007	vibe_cockpit	24689ab21041b1c6fae9bfcde4962e3dfaf19446	crates/vc_oracle/src/evolution.rs	637	61121de834a42b98	CURRENT	1	637-637	CURRENT	TM-RA-1
ra:technique:vibe_cockpit/genetic-algorithm/af21f007	vibe_cockpit	24689ab21041b1c6fae9bfcde4962e3dfaf19446	crates/vc_oracle/src/evolution.rs	714	42fe4517583aeda0	CURRENT	1	714-714	CURRENT	TM-RA-1
ra:technique:vibe_cockpit/genetic-algorithm/af21f007	vibe_cockpit	24689ab21041b1c6fae9bfcde4962e3dfaf19446	crates/vc_oracle/src/evolution.rs	727	563750c75144fb4a	CURRENT	1	727-727	CURRENT	TM-RA-1
ra:technique:vibe_cockpit/local.agent-dna-behavioral-fingerprint/3dab7fa2	vibe_cockpit	24689ab21041b1c6fae9bfcde4962e3dfaf19446	crates/vc_oracle/src/dna.rs	1	1549f2b6f0e550dd	CURRENT	1	1-1	CURRENT	TM-RA-1
ra:technique:vibe_cockpit/local.agent-dna-behavioral-fingerprint/3dab7fa2	vibe_cockpit	24689ab21041b1c6fae9bfcde4962e3dfaf19446	crates/vc_oracle/src/dna.rs	742	4f34a17c18db327e	CURRENT	1	742-742	CURRENT	TM-RA-1
ra:technique:vibe_cockpit/local.agent-dna-behavioral-fingerprint/3dab7fa2	vibe_cockpit	24689ab21041b1c6fae9bfcde4962e3dfaf19446	crates/vc_store/src/lib.rs	1615	3eed6025a6af0969	CURRENT	1	1615-1615	CURRENT	TM-RA-1
ra:technique:vibe_cockpit/p-abramowitz-stegun/fd66183e	vibe_cockpit	24689ab21041b1c6fae9bfcde4962e3dfaf19446	crates/vc_oracle/src/experiment.rs	1071	e9eaabcce245ed72	CURRENT	1	1071-1071	CURRENT	TM-RA-1
ra:technique:vibe_cockpit/p-abramowitz-stegun/fd66183e	vibe_cockpit	24689ab21041b1c6fae9bfcde4962e3dfaf19446	crates/vc_oracle/src/experiment.rs	1072	1d225f13c563df63	CURRENT	1	1072-1072	CURRENT	TM-RA-1
ra:technique:vibe_cockpit/p-abramowitz-stegun/fd66183e	vibe_cockpit	24689ab21041b1c6fae9bfcde4962e3dfaf19446	crates/vc_oracle/src/experiment.rs	1083	65b28cee05838141	CURRENT	1	1083-1083	CURRENT	TM-RA-1
ra:technique:vibe_cockpit/students-t/eec9333d	vibe_cockpit	24689ab21041b1c6fae9bfcde4962e3dfaf19446	crates/vc_oracle/src/experiment.rs	1023	0f9813551c399a70	CURRENT	1	1023-1023	CURRENT	TM-RA-1
ra:technique:vibe_cockpit/students-t/eec9333d	vibe_cockpit	24689ab21041b1c6fae9bfcde4962e3dfaf19446	crates/vc_oracle/src/experiment.rs	1044	897728b996a5f5a6	CURRENT	1	1044-1044	CURRENT	TM-RA-1
ra:technique:vibe_cockpit/students-t/eec9333d	vibe_cockpit	24689ab21041b1c6fae9bfcde4962e3dfaf19446	crates/vc_oracle/src/experiment.rs	1047	a246d92866e79551	CURRENT	1	1047-1047	CURRENT	TM-RA-1
ra:technique:visual_astar_python/graph-algorithms-core/fa295df1	visual_astar_python	d98258699fb0d9e6f3a5c12b33d4d5d4fd6d3776	main.py	1961	01b972dec7d6542c	STALE	0	-	STALE	TM-RA-1
ra:technique:visual_astar_python/graph-algorithms-core/fa295df1	visual_astar_python	d98258699fb0d9e6f3a5c12b33d4d5d4fd6d3776	main.py	1970	7744d9ce32c86243	STALE	0	-	STALE	TM-RA-1
ra:technique:visual_astar_python/graph-algorithms-core/fa295df1	visual_astar_python	d98258699fb0d9e6f3a5c12b33d4d5d4fd6d3776	main.py	1953	ac1b82814a60493e	CURRENT	1	1953-1953	CURRENT	TM-RA-1
ra:technique:visual_astar_python/graph-algorithms-core/fa295df1	visual_astar_python	d98258699fb0d9e6f3a5c12b33d4d5d4fd6d3776	main.py	1954	31e498a1b0830c94	STALE	0	-	STALE	TM-RA-1
ra:technique:visual_astar_python/graph-algorithms-core/ef68d9b5	visual_astar_python	d98258699fb0d9e6f3a5c12b33d4d5d4fd6d3776	main.py	288	def79e24053fccaf	CURRENT	1	288-288	CURRENT	TM-RA-1
ra:technique:visual_astar_python/graph-algorithms-core/ef68d9b5	visual_astar_python	d98258699fb0d9e6f3a5c12b33d4d5d4fd6d3776	main.py	301	32bd35a6ea75b49c	CURRENT	1	301-301	CURRENT	TM-RA-1
ra:technique:visual_astar_python/graph-algorithms-core/ef68d9b5	visual_astar_python	d98258699fb0d9e6f3a5c12b33d4d5d4fd6d3776	main.py	310	757414909b00c755	CURRENT	1	310-310	CURRENT	TM-RA-1
ra:technique:visual_astar_python/p-de-berg-cg/51898651	visual_astar_python	d98258699fb0d9e6f3a5c12b33d4d5d4fd6d3776	main.py	548	0c016fd01bf2dad5	CURRENT	1	548-548	CURRENT	TM-RA-1
ra:technique:visual_astar_python/p-williams-paul/a06860dc	visual_astar_python	d98258699fb0d9e6f3a5c12b33d4d5d4fd6d3776	main.py	143	233caf65a3e0b4eb	CURRENT	1	143-143	CURRENT	TM-RA-1
ra:technique:visual_astar_python/p-williams-paul/a06860dc	visual_astar_python	d98258699fb0d9e6f3a5c12b33d4d5d4fd6d3776	main.py	157	204c4388653cc61c	CURRENT	1	157-157	CURRENT	TM-RA-1
ra:technique:visual_astar_python/rendering-compositing/3b1e39f8	visual_astar_python	d98258699fb0d9e6f3a5c12b33d4d5d4fd6d3776	main.py	1343	d07b36fb15907ca6	CURRENT	1	1343-1343	CURRENT	TM-RA-1
ra:technique:wasm_cmaes/cma-es/bdbe1dd4	wasm_cmaes	351cad912558f923676ef3e2a33e3166bc7e32d5	src/lib.rs	826	a1493017e37e4cd6	CURRENT	1	826-826	CURRENT	TM-RA-1
ra:technique:wasm_cmaes/cma-es/bdbe1dd4	wasm_cmaes	351cad912558f923676ef3e2a33e3166bc7e32d5	src/lib.rs	1361	f719ebe0129bb0d2	CURRENT	1	1361-1361	CURRENT	TM-RA-1
ra:technique:wasm_cmaes/cma-es/7ac681e1	wasm_cmaes	351cad912558f923676ef3e2a33e3166bc7e32d5	src/lib.rs	252	7634c432d08c8caf	CURRENT	1	252-252	CURRENT	TM-RA-1
ra:technique:wasm_cmaes/cma-es/7ac681e1	wasm_cmaes	351cad912558f923676ef3e2a33e3166bc7e32d5	src/lib.rs	254	9f9fb035fdab4af2	CURRENT	1	254-254	CURRENT	TM-RA-1
ra:technique:wasm_cmaes/cma-es/d4309304	wasm_cmaes	351cad912558f923676ef3e2a33e3166bc7e32d5	src/lib.rs	1257	4f162e75187fb102	CURRENT	1	1257-1257	CURRENT	TM-RA-1
ra:technique:wasm_cmaes/cma-es/d4309304	wasm_cmaes	351cad912558f923676ef3e2a33e3166bc7e32d5	src/lib.rs	1355	2aa4cda2a725df24	CURRENT	1	1355-1355	CURRENT	TM-RA-1
ra:technique:wasm_cmaes/condition-number/9d1cd7e4	wasm_cmaes	351cad912558f923676ef3e2a33e3166bc7e32d5	src/lib.rs	642	8247dae97e891010	CURRENT	1	642-642	CURRENT	TM-RA-1
ra:technique:wasm_cmaes/condition-number/9d1cd7e4	wasm_cmaes	351cad912558f923676ef3e2a33e3166bc7e32d5	src/lib.rs	739	12b29767e4a0cece	CURRENT	1	739-739	CURRENT	TM-RA-1
ra:technique:wasm_cmaes/deterministic-simulation-testing/c09fe37c	wasm_cmaes	351cad912558f923676ef3e2a33e3166bc7e32d5	src/lib.rs	2383	908b43e02d1ad63f	CURRENT	1	2383-2383	CURRENT	TM-RA-1
ra:technique:wasm_cmaes/deterministic-simulation-testing/c09fe37c	wasm_cmaes	351cad912558f923676ef3e2a33e3166bc7e32d5	src/lib.rs	2414	abc17166f56f6928	CURRENT	1	2414-2414	CURRENT	TM-RA-1
ra:technique:wasm_cmaes/eigen-schur-hessenberg/d2be1f89	wasm_cmaes	351cad912558f923676ef3e2a33e3166bc7e32d5	src/lib.rs	612	cf8d57df0583cfd1	CURRENT	1	612-612	CURRENT	TM-RA-1
ra:technique:wasm_cmaes/eigen-schur-hessenberg/d2be1f89	wasm_cmaes	351cad912558f923676ef3e2a33e3166bc7e32d5	src/lib.rs	618	a5631f07e7376e2a	CURRENT	1	618-618	CURRENT	TM-RA-1
ra:technique:wasm_cmaes/eigen-schur-hessenberg/d2be1f89	wasm_cmaes	351cad912558f923676ef3e2a33e3166bc7e32d5	src/lib.rs	2142	5626bc0c23326152	CURRENT	1	2142-2142	CURRENT	TM-RA-1
ra:technique:wasm_cmaes/eigen-schur-hessenberg/d2be1f89	wasm_cmaes	351cad912558f923676ef3e2a33e3166bc7e32d5	src/lib.rs	2171	beba42d29cd24dda	CURRENT	1	2171-2171	CURRENT	TM-RA-1
ra:technique:wasm_cmaes/rm-checked-arithmetic/3c343de5	wasm_cmaes	351cad912558f923676ef3e2a33e3166bc7e32d5	src/lib.rs	269	b3b683c11cffed3a	CURRENT	1	269-269	CURRENT	TM-RA-1
ra:technique:wasm_cmaes/rm-invariant-assertions/542501d9	wasm_cmaes	351cad912558f923676ef3e2a33e3166bc7e32d5	src/lib.rs	1036	a1493017e37e4cd6	CURRENT	1	1036-1036	CURRENT	TM-RA-1
ra:technique:wasm_cmaes/rm-property-testing/6153086c	wasm_cmaes	351cad912558f923676ef3e2a33e3166bc7e32d5	src/lib.rs	2375	5b53622272d0771d	CURRENT	1	2375-2375	CURRENT	TM-RA-1
ra:technique:wasm_cmaes/rm-property-testing/6153086c	wasm_cmaes	351cad912558f923676ef3e2a33e3166bc7e32d5	src/lib.rs	2372	e6ff0c8d9c327ded	CURRENT	1	2372-2372	CURRENT	TM-RA-1
ra:technique:wasm_cmaes/rm-test-infrastructure/ea2a62c2	wasm_cmaes	351cad912558f923676ef3e2a33e3166bc7e32d5	tests/wasm.rs	11	9ca130e25863f26a	CURRENT	1	11-11	CURRENT	TM-RA-1
ra:technique:wasm_cmaes/rm-test-infrastructure/ea2a62c2	wasm_cmaes	351cad912558f923676ef3e2a33e3166bc7e32d5	tests/wasm.rs	23	1bf6708e7a8219ff	CURRENT	1	23-23	CURRENT	TM-RA-1
ra:technique:wasm_cmaes/rng-algorithms/ba95319c	wasm_cmaes	351cad912558f923676ef3e2a33e3166bc7e32d5	src/lib.rs	46	214d432daa301120	CURRENT	1	46-46	CURRENT	TM-RA-1
ra:technique:wasm_cmaes/rng-algorithms/ba95319c	wasm_cmaes	351cad912558f923676ef3e2a33e3166bc7e32d5	src/lib.rs	58	815695af9b4a1cad	CURRENT	1	58-58	CURRENT	TM-RA-1
ra:technique:wasm_cmaes/simd-bit-tricks/171dadb7	wasm_cmaes	351cad912558f923676ef3e2a33e3166bc7e32d5	src/lib.rs	78	1c955da344ca2194	CURRENT	1	78-78	CURRENT	TM-RA-1
ra:technique:wasm_cmaes/simd-bit-tricks/171dadb7	wasm_cmaes	351cad912558f923676ef3e2a33e3166bc7e32d5	src/lib.rs	83	77b4b23d83d9ec38	CURRENT	1	83-83	CURRENT	TM-RA-1
ra:technique:wasm_cmaes/simd-bit-tricks/171dadb7	wasm_cmaes	351cad912558f923676ef3e2a33e3166bc7e32d5	src/lib.rs	89	c0928af95bf00111	CURRENT	1	89-89	CURRENT	TM-RA-1
ra:technique:wasm_cmaes/structured-concurrency/ae7ebbd5	wasm_cmaes	351cad912558f923676ef3e2a33e3166bc7e32d5	cmaes_runner.ts	39	e92c4497be5ad35e	CURRENT	1	39-39	CURRENT	TM-RA-1
ra:technique:wasm_cmaes/structured-concurrency/ae7ebbd5	wasm_cmaes	351cad912558f923676ef3e2a33e3166bc7e32d5	cmaes_runner.ts	49	f17cf4fa71b8d102	CURRENT	1	49-49	CURRENT	TM-RA-1
ra:technique:xf/bootstrap/a9c175db	xf	1d4b9a096df2fd29287e4b1ab1cc7a2f99476595	src/benchmark/metrics.rs	237	1d544a7419d6afc6	CURRENT	1	237-237	CURRENT	TM-RA-1
ra:technique:xf/bootstrap/a9c175db	xf	1d4b9a096df2fd29287e4b1ab1cc7a2f99476595	src/benchmark/metrics.rs	243	2b2b713bd1205af5	CURRENT	1	243-243	CURRENT	TM-RA-1
ra:technique:xf/bootstrap/a9c175db	xf	1d4b9a096df2fd29287e4b1ab1cc7a2f99476595	src/benchmark/metrics.rs	253	f860e45c7fa88481	RELOCATED	1	255-255	CURRENT+line_relocated	TM-RA-1
ra:technique:xf/cache-replacement/9b42786a	xf	1d4b9a096df2fd29287e4b1ab1cc7a2f99476595	src/daemon/models.rs	210	52a7a5607539ea93	RELOCATED	1	211-211	CURRENT+line_relocated	TM-RA-1
ra:technique:xf/cache-replacement/9b42786a	xf	1d4b9a096df2fd29287e4b1ab1cc7a2f99476595	src/daemon/models.rs	212	630c89f39bcd52e9	CURRENT	1	212-212	CURRENT	TM-RA-1
ra:technique:xf/cache-replacement/9b42786a	xf	1d4b9a096df2fd29287e4b1ab1cc7a2f99476595	src/daemon/models.rs	215	822677647c2ae633	RELOCATED	2	216-216,223-223	CANNOT_DETERMINE	TM-RA-1
ra:technique:xf/information-retrieval-ranking/df56f92b	xf	1d4b9a096df2fd29287e4b1ab1cc7a2f99476595	src/hybrid.rs	8	ec25f448828c0649	CURRENT	1	8-8	CURRENT	TM-RA-1
ra:technique:xf/information-retrieval-ranking/df56f92b	xf	1d4b9a096df2fd29287e4b1ab1cc7a2f99476595	src/hybrid.rs	33	0995052a7d4d73a3	CURRENT	1	33-33	CURRENT	TM-RA-1
ra:technique:xf/information-retrieval-ranking/df56f92b	xf	1d4b9a096df2fd29287e4b1ab1cc7a2f99476595	src/hybrid.rs	229	ce7b02a5edb90c84	CURRENT	1	229-229	CURRENT	TM-RA-1
ra:technique:xf/spearman-kendall/d79d3888	xf	1d4b9a096df2fd29287e4b1ab1cc7a2f99476595	src/hybrid.rs	505	a3c9572db38ae1e4	RELOCATED	1	506-506	CURRENT+line_relocated	TM-RA-1
ra:technique:xf/spearman-kendall/d79d3888	xf	1d4b9a096df2fd29287e4b1ab1cc7a2f99476595	src/hybrid.rs	547	15759753c321e552	CURRENT	1	547-547	CURRENT	TM-RA-1
ra:technique:xf/spearman-kendall/d79d3888	xf	1d4b9a096df2fd29287e4b1ab1cc7a2f99476595	src/hybrid.rs	554	5790b9c696a19adb	CURRENT	1	554-554	CURRENT	TM-RA-1
ra:technique:xf/wal-aries/104f3417	xf	1d4b9a096df2fd29287e4b1ab1cc7a2f99476595	src/storage.rs	134	cae6e19fb4c1af2a	RELOCATED	1	135-135	CURRENT+line_relocated	TM-RA-1
ra:technique:xf/wal-aries/104f3417	xf	1d4b9a096df2fd29287e4b1ab1cc7a2f99476595	src/storage.rs	135	c6ea468b31438194	RELOCATED	1	136-136	CURRENT+line_relocated	TM-RA-1
ra:technique:xf/wal-aries/104f3417	xf	1d4b9a096df2fd29287e4b1ab1cc7a2f99476595	src/storage.rs	1108	8f501ad33c477965	CURRENT	1	1108-1108	CURRENT	TM-RA-1
